xHistory,x_Tof_History_1,x_Tof_History_2,uHistory,tHistory,rHistory,JHistory
1.0692720474399446,1.0692720474399446,1.1106846844964333,30.0,0.1,-1000.0,0.0
1.138205785875813,1.138205785875813,1.2303684483318167,30.0,0.2,-1000.0,0.0
1.2167323776526981,1.2167323776526981,1.3613133120834646,30.0,0.30000000000000004,-1000.0,0.0
1.3168659996795389,1.3168659996795389,1.5197945613348902,30.0,0.4,-1000.0,0.0
1.4349895227851512,1.4349895227851512,1.7117319978768082,30.0,0.5,-1000.0,0.0
1.5817019790253557,1.5817019790253557,1.950707458940359,30.0,0.6,-1000.0,0.0
1.7586072369174328,1.7586072369174328,2.240533884242174,30.0,0.7,-1000.0,0.0
1.9727411096522296,1.9727411096522296,2.5909296363289007,30.0,0.7999999999999999,-1000.0,0.0
2.2316198753620715,2.2316198753620715,3.0097600559048874,30.0,0.8999999999999999,-1000.0,0.0
2.53322027959979,2.53322027959979,3.5046163459008732,30.0,0.9999999999999999,-1000.0,0.0
2.882703839417228,2.882703839417228,4.074623055549909,30.0,1.0999999999999999,-1000.0,0.0
3.2807850024703105,3.2807850024703105,4.725282093614163,30.0,1.2,-1000.0,0.0
3.727370275162556,3.727370275162556,5.45171262980651,30.0,1.3,-1000.0,0.0
4.227449761364425,4.227449761364425,6.260994478759026,30.0,1.4000000000000001,-1000.0,0.0
4.77741092186256,4.77741092186256,7.154092995122695,30.0,1.5000000000000002,-1000.0,0.0
5.376578024148171,5.376578024148171,8.127059313654472,30.0,1.6000000000000003,-1000.0,0.0
6.021095976541318,6.021095976541318,9.169599756854481,30.0,1.7000000000000004,-1000.0,0.0
6.708725780735478,6.708725780735478,10.286577886137026,30.0,1.8000000000000005,-1000.0,0.0
7.435220276140651,7.435220276140651,11.46661459349127,30.0,1.9000000000000006,-1000.0,0.0
8.199805161434545,8.199805161434545,12.705742176210878,30.0,2.0000000000000004,-1000.0,0.0
8.993346262979752,8.993346262979752,13.99310683777147,30.0,2.1000000000000005,-1000.0,0.0
9.811653322739971,9.811653322739971,15.32088549596412,30.0,2.2000000000000006,-1000.0,0.0
10.650005580741103,10.650005580741103,16.678296689883005,30.0,2.3000000000000007,-1000.0,0.0
11.502760494990824,11.502760494990824,18.056987945016836,30.0,2.400000000000001,-1000.0,0.0
12.359927430781132,12.359927430781132,19.447433192643906,30.0,2.500000000000001,-1000.0,0.0
13.214358324532576,13.214358324532576,20.84071415694216,30.0,2.600000000000001,-1000.0,0.0
14.06647532173047,14.06647532173047,22.220515834060606,30.0,2.700000000000001,-1000.0,0.0
14.907227394502758,14.907227394502758,23.581152725562735,30.0,2.800000000000001,-1000.0,0.0
15.725654636840305,15.725654636840305,24.911854110652136,30.0,2.9000000000000012,-1000.0,0.0
16.51949037254995,16.51949037254995,26.203129601195286,30.0,3.0000000000000013,-1000.0,0.0
17.283756605773778,17.283756605773778,27.446136636226996,30.0,3.1000000000000014,-1000.0,0.0
18.01406633952785,18.01406633952785,28.632072800804124,30.0,3.2000000000000015,-1000.0,0.0
18.70194351430086,18.70194351430086,29.754531320298607,30.0,3.3000000000000016,-1000.0,0.0
19.347974038584372,19.347974038584372,30.806606937422103,30.0,3.4000000000000017,-1000.0,0.0
19.944999821967983,19.944999821967983,31.787020467779023,30.0,3.5000000000000018,-1000.0,0.0
20.49382789555054,20.49382789555054,32.688296823875405,30.0,3.600000000000002,-1000.0,0.0
20.994777140647326,20.994777140647326,33.50962558671363,30.0,3.700000000000002,-1000.0,0.0
21.441906406632818,21.441906406632818,34.24700430072806,30.0,3.800000000000002,-1000.0,0.0
21.8397180428971,21.8397180428971,34.90598343297756,30.0,3.900000000000002,-1000.0,0.0
22.1880378380898,22.1880378380898,35.4844508885666,30.0,4.000000000000002,-1000.0,0.0
22.488163387319325,22.488163387319325,35.98698126945892,30.0,4.100000000000001,-1000.0,0.0
22.74154277669517,22.74154277669517,36.41338471222906,30.0,4.200000000000001,-1000.0,0.0
22.9538620665285,22.9538620665285,36.77656388985613,30.0,4.300000000000001,-1000.0,0.0
23.129627175024453,23.129627175024453,37.07395626617164,30.0,4.4,-1000.0,0.0
23.272241656355664,23.272241656355664,37.32274412760201,30.0,4.5,-1000.0,0.0
23.386914131987556,23.386914131987556,37.52513388333896,30.0,4.6,-1000.0,0.0
23.478708726141583,23.478708726141583,37.691738811332925,30.0,4.699999999999999,-1000.0,0.0
23.55543519181391,23.55543519181391,37.832934045731584,30.0,4.799999999999999,-1000.0,0.0
23.622185948634968,23.622185948634968,37.959557836719895,30.0,4.899999999999999,-1000.0,0.0
23.6860796595864,23.6860796595864,38.07754610072927,30.0,4.999999999999998,-1000.0,0.0
23.679373009784612,23.679373009784612,38.0844823880707,30.0,5.099999999999998,-1000.0,0.0
23.676360708559915,23.676360708559915,38.08624242740338,30.0,5.1999999999999975,-1000.0,0.0
23.671335592004553,23.671335592004553,38.09233355749222,30.0,5.299999999999997,-1000.0,0.0
23.660595577899905,23.660595577899905,38.09886806831214,30.0,5.399999999999997,-1000.0,0.0
23.655866937619855,23.655866937619855,38.103694741004915,30.0,5.4999999999999964,-1000.0,0.0
23.65163556050494,23.65163556050494,38.10693678923114,30.0,5.599999999999996,-1000.0,0.0
23.64686120003887,23.64686120003887,38.1116718109287,30.0,5.699999999999996,-1000.0,0.0
23.64296876680205,23.64296876680205,38.118908859489785,30.0,5.799999999999995,-1000.0,0.0
23.635673477184923,23.635673477184923,38.12145426307334,30.0,5.899999999999995,-1000.0,0.0
23.632677043921596,23.632677043921596,38.12015067189447,30.0,5.999999999999995,-1000.0,0.0
23.62618933323624,23.62618933323624,38.11709911490217,30.0,6.099999999999994,-1000.0,0.0
23.62164130984092,23.62164130984092,38.114297945409184,30.0,6.199999999999994,-1000.0,0.0
23.617864410294565,23.617864410294565,38.116190162430776,30.0,6.299999999999994,-1000.0,0.0
23.614232966766245,23.614232966766245,38.11923033391908,30.0,6.399999999999993,-1000.0,0.0
23.608857436833414,23.608857436833414,38.11751372720823,30.0,6.499999999999993,-1000.0,0.0
23.601682508734992,23.601682508734992,38.11474981622115,30.0,6.5999999999999925,-1000.0,0.0
23.597960254951897,23.597960254951897,38.117053579291834,30.0,6.699999999999992,-1000.0,0.0
23.59284772328971,23.59284772328971,38.11480297721334,30.0,6.799999999999992,-1000.0,0.0
23.591256243050566,23.591256243050566,38.113257551474,30.0,6.8999999999999915,-1000.0,0.0
23.586023562632903,23.586023562632903,38.10706538276812,30.0,6.999999999999991,-1000.0,0.0
23.58266541649865,23.58266541649865,38.10349881955602,30.0,7.099999999999991,-1000.0,0.0
23.57952513251627,23.57952513251627,38.10083703464263,30.0,7.19999999999999,-1000.0,0.0
23.577925900744233,23.577925900744233,38.100629554212844,30.0,7.29999999999999,-1000.0,0.0
23.575543005991086,23.575543005991086,38.09937778846722,30.0,7.39999999999999,-1000.0,0.0
23.576210254290203,23.576210254290203,38.09509378805146,30.0,7.499999999999989,-1000.0,0.0
23.581597330818504,23.581597330818504,38.08776452319633,30.0,7.599999999999989,-1000.0,0.0
23.581882958171686,23.581882958171686,38.08634159212682,30.0,7.699999999999989,-1000.0,0.0
23.58251223730624,23.58251223730624,38.08493323274572,30.0,7.799999999999988,-1000.0,0.0
23.59068335712099,23.59068335712099,38.0845305217514,30.0,7.899999999999988,-1000.0,0.0
23.59819287554391,23.59819287554391,38.083179682129405,30.0,7.999999999999988,-1000.0,0.0
23.60461063890217,23.60461063890217,38.07963504666407,30.0,8.099999999999987,-1000.0,0.0
23.61277643183043,23.61277643183043,38.07848326476979,30.0,8.199999999999987,-1000.0,0.0
23.62071080518148,23.62071080518148,38.07970788198419,30.0,8.299999999999986,-1000.0,0.0
23.629937170573296,23.629937170573296,38.08116138019227,30.0,8.399999999999986,-1000.0,0.0
23.640065419530835,23.640065419530835,38.080573492290505,30.0,8.499999999999986,-1000.0,0.0
23.653156802422675,23.653156802422675,38.083009654318445,30.0,8.599999999999985,-1000.0,0.0
23.667536054963115,23.667536054963115,38.0853115165939,30.0,8.699999999999985,-1000.0,0.0
23.683674500567726,23.683674500567726,38.08821717231571,30.0,8.799999999999985,-1000.0,0.0
23.69441255054773,23.69441255054773,38.09306580480733,30.0,8.899999999999984,-1000.0,0.0
23.707336330378293,23.707336330378293,38.098177837936625,30.0,8.999999999999984,-1000.0,0.0
23.71913665783193,23.71913665783193,38.10279981520417,30.0,9.099999999999984,-1000.0,0.0
23.730297315413807,23.730297315413807,38.11155106260146,30.0,9.199999999999983,-1000.0,0.0
23.74664866780349,23.74664866780349,38.116998237326726,30.0,9.299999999999983,-1000.0,0.0
23.757913739533805,23.757913739533805,38.126077021144184,30.0,9.399999999999983,-1000.0,0.0
23.76779717738174,23.76779717738174,38.13284214668777,30.0,9.499999999999982,-1000.0,0.0
23.77562949021185,23.77562949021185,38.140947415180015,30.0,9.599999999999982,-1000.0,0.0
23.783709960681122,23.783709960681122,38.15188468548125,30.0,9.699999999999982,-1000.0,0.0
23.78887570084131,23.78887570084131,38.16265450860026,30.0,9.799999999999981,-1000.0,0.0
23.795153348610985,23.795153348610985,38.168741835105436,30.0,9.89999999999998,-1000.0,0.0
23.79580545529272,23.79580545529272,38.17906794261735,30.0,9.99999999999998,-1000.0,0.0
23.7985454742309,23.7985454742309,38.186734789956645,30.0,10.09999999999998,-1000.0,0.0
23.80026992181585,23.80026992181585,38.19756729235311,30.0,10.19999999999998,-1000.0,0.0
23.80177166567242,23.80177166567242,38.20907019747919,30.0,10.29999999999998,-1000.0,0.0
23.80274761898062,23.80274761898062,38.217996713774234,30.0,10.399999999999979,-1000.0,0.0
23.796747689274873,23.796747689274873,38.22723502880875,30.0,10.499999999999979,-1000.0,0.0
23.792054946342866,23.792054946342866,38.2381747855093,30.0,10.599999999999978,-1000.0,0.0
23.786815875649836,23.786815875649836,38.24694444526121,30.0,10.699999999999978,-1000.0,0.0
23.780599348481665,23.780599348481665,38.25115363171523,30.0,10.799999999999978,-1000.0,0.0
23.774683799925114,23.774683799925114,38.25509468622987,30.0,10.899999999999977,-1000.0,0.0
23.767322462564632,23.767322462564632,38.26006504383939,30.0,10.999999999999977,-1000.0,0.0
23.759362136986507,23.759362136986507,38.2675246083076,30.0,11.099999999999977,-1000.0,0.0
23.75229022751349,23.75229022751349,38.27163813362595,30.0,11.199999999999976,-1000.0,0.0
23.744559292126027,23.744559292126027,38.28010559790848,30.0,11.299999999999976,-1000.0,0.0
23.735168306883438,23.735168306883438,38.284184275892734,30.0,11.399999999999975,-1000.0,0.0
23.729052048840682,23.729052048840682,38.28353014501081,30.0,11.499999999999975,-1000.0,0.0
23.722963826040896,23.722963826040896,38.28425928334604,30.0,11.599999999999975,-1000.0,0.0
23.71416369880236,23.71416369880236,38.28399453824121,30.0,11.699999999999974,-1000.0,0.0
23.709363847278606,23.709363847278606,38.286457168417996,30.0,11.799999999999974,-1000.0,0.0
23.703787325297323,23.703787325297323,38.28870338681494,30.0,11.899999999999974,-1000.0,0.0
23.699294381413083,23.699294381413083,38.294064996209386,30.0,11.999999999999973,-1000.0,0.0
23.695346391716978,23.695346391716978,38.29386073169611,30.0,12.099999999999973,-1000.0,0.0
23.693738453941688,23.693738453941688,38.30016429050238,30.0,12.199999999999973,-1000.0,0.0
23.69317857096911,23.69317857096911,38.2972184732505,30.0,12.299999999999972,-1000.0,0.0
23.69298828795083,23.69298828795083,38.29930307970388,30.0,12.399999999999972,-1000.0,0.0
23.693132270638568,23.693132270638568,38.30631307349644,30.0,12.499999999999972,-1000.0,0.0
23.696486414005502,23.696486414005502,38.30877480972175,30.0,12.599999999999971,-1000.0,0.0
23.700691309582243,23.700691309582243,38.30975382684583,30.0,12.69999999999997,-1000.0,0.0
23.70408953386196,23.70408953386196,38.310370794440075,30.0,12.79999999999997,-1000.0,0.0
23.704666325171758,23.704666325171758,38.31016292061615,30.0,12.89999999999997,-1000.0,0.0
23.707479812696985,23.707479812696985,38.31246871775308,30.0,12.99999999999997,-1000.0,0.0
23.714109104240585,23.714109104240585,38.31489552978089,30.0,13.09999999999997,-1000.0,0.0
23.71718023583042,23.71718023583042,38.321908701579225,30.0,13.199999999999969,-1000.0,0.0
23.72268334328991,23.72268334328991,38.32450332770759,30.0,13.299999999999969,-1000.0,0.0
23.731732810033364,23.731732810033364,38.32892121539055,30.0,13.399999999999968,-1000.0,0.0
23.739017316914325,23.739017316914325,38.330117328078536,30.0,13.499999999999968,-1000.0,0.0
23.744674199465557,23.744674199465557,38.33190764359016,30.0,13.599999999999968,-1000.0,0.0
23.74958807094301,23.74958807094301,38.33122777632444,30.0,13.699999999999967,-1000.0,0.0
23.752321512980895,23.752321512980895,38.33340541155672,30.0,13.799999999999967,-1000.0,0.0
23.761336360062057,23.761336360062057,38.3285346412051,30.0,13.899999999999967,-1000.0,0.0
23.7676893342154,23.7676893342154,38.325288477844275,30.0,13.999999999999966,-1000.0,0.0
23.77394266990923,23.77394266990923,38.323315221068334,30.0,14.099999999999966,-1000.0,0.0
23.779733589122504,23.779733589122504,38.31643350792681,30.0,14.199999999999966,-1000.0,0.0
23.780082924422707,23.780082924422707,38.31346838018247,30.0,14.299999999999965,-1000.0,0.0
23.78424068093954,23.78424068093954,38.30763330408923,30.0,14.399999999999965,-1000.0,0.0
23.787893727446644,23.787893727446644,38.30055292771369,30.0,14.499999999999964,-1000.0,0.0
23.792272080317428,23.792272080317428,38.291471568978416,30.0,14.599999999999964,-1000.0,0.0
23.796806721995996,23.796806721995996,38.28184185474352,30.0,14.699999999999964,-1000.0,0.0
23.800390464104403,23.800390464104403,38.27009065047467,30.0,14.799999999999963,-1000.0,0.0
23.80123423259234,23.80123423259234,38.261727747235696,30.0,14.899999999999963,-1000.0,0.0
23.80177057173138,23.80177057173138,38.25112982043049,30.0,14.999999999999963,-1000.0,0.0
23.80131165829707,23.80131165829707,38.24634496739526,30.0,15.099999999999962,-1000.0,0.0
23.803165425234884,23.803165425234884,38.234484817910726,30.0,15.199999999999962,-1000.0,0.0
23.80310486823982,23.80310486823982,38.22571014225952,30.0,15.299999999999962,-1000.0,0.0
23.80302328320579,23.80302328320579,38.216437836397056,30.0,15.399999999999961,-1000.0,0.0
23.805511819499515,23.805511819499515,38.20779865871008,30.0,15.499999999999961,-1000.0,0.0
23.802326741684876,23.802326741684876,38.20215799963796,30.0,15.59999999999996,-1000.0,0.0
23.802525858387387,23.802525858387387,38.195080363032176,30.0,15.69999999999996,-1000.0,0.0
23.800799673762434,23.800799673762434,38.193540230391015,30.0,15.79999999999996,-1000.0,0.0
23.801392998153336,23.801392998153336,38.19326015145759,30.0,15.89999999999996,-1000.0,0.0
23.7964768025392,23.7964768025392,38.19218831364071,30.0,15.99999999999996,-1000.0,0.0
23.795748068240403,23.795748068240403,38.19394020008247,30.0,16.09999999999996,-1000.0,0.0
23.790748789636567,23.790748789636567,38.19912099834539,30.0,16.19999999999996,-1000.0,0.0
23.785614078349358,23.785614078349358,38.204468777920155,30.0,16.29999999999996,-1000.0,0.0
23.783736931115627,23.783736931115627,38.2097412758292,30.0,16.399999999999963,-1000.0,0.0
23.7789072840086,23.7789072840086,38.22255698102346,30.0,16.499999999999964,-1000.0,0.0
23.771748383860654,23.771748383860654,38.23548669192593,30.0,16.599999999999966,-1000.0,0.0
23.76883026686307,23.76883026686307,38.247062485935544,30.0,16.699999999999967,-1000.0,0.0
23.76227640358517,23.76227640358517,38.25779917435514,30.0,16.79999999999997,-1000.0,0.0
23.759881528219232,23.759881528219232,38.27016284745086,30.0,16.89999999999997,-1000.0,0.0
23.755796299165635,23.755796299165635,38.27986421311306,30.0,16.99999999999997,-1000.0,0.0
23.75103233460653,23.75103233460653,38.29849081374296,30.0,17.099999999999973,-1000.0,0.0
23.744625015828756,23.744625015828756,38.30672669890517,30.0,17.199999999999974,-1000.0,0.0
23.736584381658957,23.736584381658957,38.3238425758463,30.0,17.299999999999976,-1000.0,0.0
23.72921324634368,23.72921324634368,38.33692593433993,30.0,17.399999999999977,-1000.0,0.0
23.726074919475842,23.726074919475842,38.34570347772807,30.0,17.49999999999998,-1000.0,0.0
23.716935497772365,23.716935497772365,38.35537092108479,30.0,17.59999999999998,-1000.0,0.0
23.710835533113602,23.710835533113602,38.36594710964467,30.0,17.69999999999998,-1000.0,0.0
23.7078369271455,23.7078369271455,38.374390566375666,30.0,17.799999999999983,-1000.0,0.0
23.700970915815734,23.700970915815734,38.38603580091793,30.0,17.899999999999984,-1000.0,0.0
23.69700317875192,23.69700317875192,38.393545815032724,30.0,17.999999999999986,-1000.0,0.0
23.692855132499794,23.692855132499794,38.401826352860446,30.0,18.099999999999987,-1000.0,0.0
23.688623293878013,23.688623293878013,38.40195841016954,30.0,18.19999999999999,-1000.0,0.0
23.68631617875065,23.68631617875065,38.40583094308609,30.0,18.29999999999999,-1000.0,0.0
23.680992311967817,23.680992311967817,38.40662897305696,30.0,18.39999999999999,-1000.0,0.0
23.68215656925245,23.68215656925245,38.40446916259317,30.0,18.499999999999993,-1000.0,0.0
23.679741319819904,23.679741319819904,38.40823089242921,30.0,18.599999999999994,-1000.0,0.0
23.674857262444444,23.674857262444444,38.40590323989503,30.0,18.699999999999996,-1000.0,0.0
23.673885057262115,23.673885057262115,38.40746557773759,30.0,18.799999999999997,-1000.0,0.0
23.673017590842196,23.673017590842196,38.41082545360742,30.0,18.9,-1000.0,0.0
23.66787207806395,23.66787207806395,38.41342922122161,30.0,19.0,-1000.0,0.0
23.667892149404725,23.667892149404725,38.411828270327035,30.0,19.1,-1000.0,0.0
23.665830584294586,23.665830584294586,38.41310954066054,30.0,19.200000000000003,-1000.0,0.0
23.664741361249877,23.664741361249877,38.41054843010792,30.0,19.300000000000004,-1000.0,0.0
23.664471900189316,23.664471900189316,38.413867087521865,30.0,19.400000000000006,-1000.0,0.0
23.66146067327891,23.66146067327891,38.41190855284746,30.0,19.500000000000007,-1000.0,0.0
23.658777299809167,23.658777299809167,38.4159493688301,30.0,19.60000000000001,-1000.0,0.0
23.65330204916263,23.65330204916263,38.416065608337,30.0,19.70000000000001,-1000.0,0.0
23.65092821210758,23.65092821210758,38.41888790654646,30.0,19.80000000000001,-1000.0,0.0
23.64743142424821,23.64743142424821,38.42275737033549,30.0,19.900000000000013,-1000.0,0.0
23.649693858595676,23.649693858595676,38.427658258175434,30.0,20.000000000000014,-1000.0,0.0
23.648509425300986,23.648509425300986,38.427511287229294,30.0,20.100000000000016,-1000.0,0.0
23.642272393553394,23.642272393553394,38.43355075314549,30.0,20.200000000000017,-1000.0,0.0
23.640588012926454,23.640588012926454,38.4344205207048,30.0,20.30000000000002,-1000.0,0.0
23.638054328763122,23.638054328763122,38.435902563508364,30.0,20.40000000000002,-1000.0,0.0
23.63534381746838,23.63534381746838,38.44012294579789,30.0,20.50000000000002,-1000.0,0.0
23.637969204193755,23.637969204193755,38.4393177771745,30.0,20.600000000000023,-1000.0,0.0
23.639501730443826,23.639501730443826,38.440036987537155,30.0,20.700000000000024,-1000.0,0.0
23.63846152865577,23.63846152865577,38.43905448284379,30.0,20.800000000000026,-1000.0,0.0
23.636596244216808,23.636596244216808,38.441442146877094,30.0,20.900000000000027,-1000.0,0.0
23.64031409161778,23.64031409161778,38.43984598836499,30.0,21.00000000000003,-1000.0,0.0
23.6436172842023,23.6436172842023,38.43657398907992,30.0,21.10000000000003,-1000.0,0.0
23.647808408193104,23.647808408193104,38.435959613188125,30.0,21.20000000000003,-1000.0,0.0
23.65546531559219,23.65546531559219,38.42887286229462,30.0,21.300000000000033,-1000.0,0.0
23.65991461614137,23.65991461614137,38.42287424817718,30.0,21.400000000000034,-1000.0,0.0
23.66519468607087,23.66519468607087,38.411990706080054,30.0,21.500000000000036,-1000.0,0.0
23.677938402620835,23.677938402620835,38.40507773227235,30.0,21.600000000000037,-1000.0,0.0
23.683165872141444,23.683165872141444,38.39996702308885,30.0,21.70000000000004,-1000.0,0.0
23.69823819380008,23.69823819380008,38.39339502106191,30.0,21.80000000000004,-1000.0,0.0
23.707317701673624,23.707317701673624,38.38426209949937,30.0,21.90000000000004,-1000.0,0.0
23.716382485050474,23.716382485050474,38.37824982942662,30.0,22.000000000000043,-1000.0,0.0
23.72956550318632,23.72956550318632,38.3680607391772,30.0,22.100000000000044,-1000.0,0.0
23.740234621949117,23.740234621949117,38.36062626679348,30.0,22.200000000000045,-1000.0,0.0
23.755575077540215,23.755575077540215,38.350893747502326,30.0,22.300000000000047,-1000.0,0.0
23.77071796610746,23.77071796610746,38.33738571092402,30.0,22.40000000000005,-1000.0,0.0
23.779582934217547,23.779582934217547,38.33041070716322,30.0,22.50000000000005,-1000.0,0.0
23.790943348019592,23.790943348019592,38.32850638440624,30.0,22.60000000000005,-1000.0,0.0
23.803274546142,23.803274546142,38.32227430049606,30.0,22.700000000000053,-1000.0,0.0
23.814999110236062,23.814999110236062,38.31492252412999,30.0,22.800000000000054,-1000.0,0.0
23.827271332054398,23.827271332054398,38.30842575798019,30.0,22.900000000000055,-1000.0,0.0
23.835863576380106,23.835863576380106,38.304673669612306,30.0,23.000000000000057,-1000.0,0.0
23.844020385091117,23.844020385091117,38.30289135216446,30.0,23.10000000000006,-1000.0,0.0
23.852707494215245,23.852707494215245,38.29870920071862,30.0,23.20000000000006,-1000.0,0.0
23.85889400691075,23.85889400691075,38.2973226399994,30.0,23.30000000000006,-1000.0,0.0
23.863616292648356,23.863616292648356,38.296353587521416,30.0,23.400000000000063,-1000.0,0.0
23.865957302428516,23.865957302428516,38.299902055868564,30.0,23.500000000000064,-1000.0,0.0
23.867034917139154,23.867034917139154,38.29667775083771,30.0,23.600000000000065,-1000.0,0.0
23.866878170693813,23.866878170693813,38.29789449400944,30.0,23.700000000000067,-1000.0,0.0
23.86663748811614,23.86663748811614,38.29969641839194,30.0,23.800000000000068,-1000.0,0.0
23.861470961418014,23.861470961418014,38.298040607204555,30.0,23.90000000000007,-1000.0,0.0
23.85878530561554,23.85878530561554,38.2979495257533,30.0,24.00000000000007,-1000.0,0.0
23.850326523731614,23.850326523731614,38.29766834286452,30.0,24.100000000000072,-1000.0,0.0
23.844731768747337,23.844731768747337,38.29788165534548,30.0,24.200000000000074,-1000.0,0.0
23.838096548996273,23.838096548996273,38.296913064088635,30.0,24.300000000000075,-1000.0,0.0
23.82581756747536,23.82581756747536,38.29520998539434,30.0,24.400000000000077,-1000.0,0.0
23.817789541699934,23.817789541699934,38.294950684798195,30.0,24.500000000000078,-1000.0,0.0
23.807738598348397,23.807738598348397,38.295315288714136,30.0,24.60000000000008,-1000.0,0.0
23.796076932021087,23.796076932021087,38.29553410443183,30.0,24.70000000000008,-1000.0,0.0
23.78416245237386,23.78416245237386,38.295065262933434,30.0,24.800000000000082,-1000.0,0.0
23.77380762523038,23.77380762523038,38.287248162775946,30.0,24.900000000000084,-1000.0,0.0
23.761426367225113,23.761426367225113,38.27722954002948,30.0,25.000000000000085,-1000.0,0.0
23.75065433968284,23.75065433968284,38.27221330786806,30.0,25.100000000000087,-1000.0,0.0
23.745865060935373,23.745865060935373,38.26755119018981,30.0,25.200000000000088,-1000.0,0.0
23.738313569561804,23.738313569561804,38.26345118964661,30.0,25.30000000000009,-1000.0,0.0
23.729480591016603,23.729480591016603,38.260314522486105,30.0,25.40000000000009,-1000.0,0.0
23.72189075351963,23.72189075351963,38.254104838432276,30.0,25.500000000000092,-1000.0,0.0
23.712945435832605,23.712945435832605,38.245950618398,30.0,25.600000000000094,-1000.0,0.0
23.708921858333014,23.708921858333014,38.24210359090135,30.0,25.700000000000095,-1000.0,0.0
23.706931068965638,23.706931068965638,38.236759815845716,30.0,25.800000000000097,-1000.0,0.0
23.701803161823218,23.701803161823218,38.2292667152031,30.0,25.900000000000098,-1000.0,0.0
23.701778372480312,23.701778372480312,38.22576916549929,30.0,26.0000000000001,-1000.0,0.0
23.698904279301868,23.698904279301868,38.224149252489156,30.0,26.1000000000001,-1000.0,0.0
23.70044477888169,23.70044477888169,38.22130477981409,30.0,26.200000000000102,-1000.0,0.0
23.70398491308885,23.70398491308885,38.22021084700909,30.0,26.300000000000104,-1000.0,0.0
23.70419855576976,23.70419855576976,38.220238961088164,30.0,26.400000000000105,-1000.0,0.0
23.70532536606564,23.70532536606564,38.22461341786369,30.0,26.500000000000107,-1000.0,0.0
23.7070611392121,23.7070611392121,38.22431226812585,30.0,26.600000000000108,-1000.0,0.0
23.711671408072025,23.711671408072025,38.22883049474075,30.0,26.70000000000011,-1000.0,0.0
23.712896136661435,23.712896136661435,38.23276464991942,30.0,26.80000000000011,-1000.0,0.0
23.712074660020352,23.712074660020352,38.23912040893034,30.0,26.900000000000112,-1000.0,0.0
23.71318659790404,23.71318659790404,38.24407656542865,30.0,27.000000000000114,-1000.0,0.0
23.712849474026115,23.712849474026115,38.24967917053841,30.0,27.100000000000115,-1000.0,0.0
23.71566732961821,23.71566732961821,38.25563382838524,30.0,27.200000000000117,-1000.0,0.0
23.711890716777262,23.711890716777262,38.26400569807186,30.0,27.300000000000118,-1000.0,0.0
23.70782542946425,23.70782542946425,38.272623811639285,30.0,27.40000000000012,-1000.0,0.0
23.706932139021333,23.706932139021333,38.277594279174856,30.0,27.50000000000012,-1000.0,0.0
23.70334536963532,23.70334536963532,38.28140693881498,30.0,27.600000000000122,-1000.0,0.0
23.69839553645891,23.69839553645891,38.29125331631675,30.0,27.700000000000124,-1000.0,0.0
23.688446232921756,23.688446232921756,38.30124625617165,30.0,27.800000000000125,-1000.0,0.0
23.680811036400026,23.680811036400026,38.307767534135444,30.0,27.900000000000126,-1000.0,0.0
23.67450587994999,23.67450587994999,38.31294581120032,30.0,28.000000000000128,-1000.0,0.0
23.664978977270987,23.664978977270987,38.31666052661415,30.0,28.10000000000013,-1000.0,0.0
23.655522265692024,23.655522265692024,38.32199199935817,30.0,28.20000000000013,-1000.0,0.0
23.65072640984546,23.65072640984546,38.32138363238933,30.0,28.300000000000132,-1000.0,0.0
23.637256386488517,23.637256386488517,38.32507610521467,30.0,28.400000000000134,-1000.0,0.0
23.6273308800998,23.6273308800998,38.3232809179979,30.0,28.500000000000135,-1000.0,0.0
23.619220679634733,23.619220679634733,38.32268340434437,30.0,28.600000000000136,-1000.0,0.0
23.61382323424165,23.61382323424165,38.32245708130177,30.0,28.700000000000138,-1000.0,0.0
23.604105446915746,23.604105446915746,38.321041342991876,30.0,28.80000000000014,-1000.0,0.0
23.59976796656381,23.59976796656381,38.321483837074936,30.0,28.90000000000014,-1000.0,0.0
23.597900085888664,23.597900085888664,38.31885303189137,30.0,29.000000000000142,-1000.0,0.0
23.59640000744036,23.59640000744036,38.31572456036458,30.0,29.100000000000144,-1000.0,0.0
23.59675416244612,23.59675416244612,38.31547068427072,30.0,29.200000000000145,-1000.0,0.0
23.595429329670434,23.595429329670434,38.31397227471393,30.0,29.300000000000146,-1000.0,0.0
23.596031600975213,23.596031600975213,38.311587900460395,30.0,29.400000000000148,-1000.0,0.0
23.59898166808582,23.59898166808582,38.31390088832784,30.0,29.50000000000015,-1000.0,0.0
23.60524562601203,23.60524562601203,38.312102654519094,30.0,29.60000000000015,-1000.0,0.0
23.614298660176143,23.614298660176143,38.310023104015784,30.0,29.700000000000152,-1000.0,0.0
23.62137353728262,23.62137353728262,38.308318078628965,30.0,29.800000000000153,-1000.0,0.0
23.62982477701134,23.62982477701134,38.31300195026606,30.0,29.900000000000155,-1000.0,0.0
23.641694341846716,23.641694341846716,38.31988494412303,30.0,30.000000000000156,-1000.0,0.0
23.654961730841386,23.654961730841386,38.32611753503133,30.0,30.100000000000158,-1000.0,0.0
23.668769828689637,23.668769828689637,38.3300809023836,60.0,30.20000000000016,25.0,9503.433016645253
23.6817355205104,23.6817355205104,38.33454237272463,60.0,30.30000000000016,25.0,9050.365369471821
23.700527504872724,23.700527504872724,38.339812338121995,60.0,30.400000000000162,25.0,9047.461830903318
23.72113647642214,23.72113647642214,38.35156509017054,60.0,30.500000000000163,25.0,9043.214396925663
23.740287611592866,23.740287611592866,38.365352769223236,60.0,30.600000000000165,25.0,9038.50370940086
23.75561100851269,23.75561100851269,38.37610808789626,60.0,30.700000000000166,25.0,9034.077671154606
23.7754488408188,23.7754488408188,38.39062107963626,60.0,30.800000000000168,25.0,9030.503027779629
23.802934895878195,23.802934895878195,38.405235097925996,60.0,30.90000000000017,25.0,9025.831959256915
23.82257066734581,23.82257066734581,38.42018610148357,60.0,31.00000000000017,25.0,9019.280521106923
23.851910166895752,23.851910166895752,38.43246728430789,60.0,31.100000000000172,25.0,9014.544612797405
23.876704492638208,23.876704492638208,38.44773387424822,60.0,31.200000000000173,25.0,9007.383509968853
23.903620458281864,23.903620458281864,38.467182742662935,60.0,31.300000000000175,25.0,9001.254014085673
23.934481176299027,23.934481176299027,38.483394871542075,60.0,31.400000000000176,25.0,8994.520967964443
23.968959368629342,23.968959368629342,38.50396568056264,60.0,31.500000000000178,25.0,8986.701906674496
24.001765835406122,24.001765835406122,38.526657504311935,60.0,31.60000000000018,25.0,8977.843755724665
24.039597838336572,24.039597838336572,38.5425172017143,60.0,31.70000000000018,25.0,8969.297940845641
24.07279939977548,24.07279939977548,38.56269599401789,60.0,31.800000000000182,25.0,8959.304896945456
24.112621584234066,24.112621584234066,38.57947721196361,60.0,31.900000000000183,25.0,8950.416281101794
24.15353388944496,24.15353388944496,38.601702612111524,60.0,32.000000000000185,25.0,8939.613110798162
24.194166024847156,24.194166024847156,38.62394119850838,60.0,32.100000000000186,25.0,8928.357710100336
24.2359921707127,24.2359921707127,38.64620987792909,60.0,32.20000000000019,25.0,8917.027655166963
24.279921247414922,24.279921247414922,38.66551326812556,60.0,32.30000000000019,25.0,8905.212296544032
24.325068833261838,24.325068833261838,38.68792572639839,60.0,32.40000000000019,25.0,8892.642758495616
24.36927892393994,24.36927892393994,38.709696497733745,60.0,32.50000000000019,25.0,8879.56064871515
24.414090279605567,24.414090279605567,38.7352843522623,60.0,32.60000000000019,25.0,8866.596290010708
24.456796819801088,24.456796819801088,38.751865235527966,60.0,32.700000000000195,25.0,8853.307551092079
24.500061570943256,24.500061570943256,38.77433069891054,60.0,32.800000000000196,25.0,8840.51113230638
24.54360328145364,24.54360328145364,38.793445419473414,60.0,32.9000000000002,25.0,8827.42312866075
24.58408749216424,24.58408749216424,38.81281494025072,60.0,33.0000000000002,25.0,8814.132067807051
24.622416558910526,24.622416558910526,38.82848808491768,60.0,33.1000000000002,25.0,8801.67331172101
24.66009223277977,24.66009223277977,38.84631289412057,60.0,33.2000000000002,25.0,8789.793613260723
24.69428849225175,24.69428849225175,38.86616378246611,60.0,33.3000000000002,25.0,8778.041687215662
24.731592659978155,24.731592659978155,38.880402206782236,60.0,33.400000000000205,25.0,8767.315081473997
24.763713709522946,24.763713709522946,38.90116118484928,60.0,33.500000000000206,25.0,8755.55301822641
24.793068056057308,24.793068056057308,38.914379896259334,60.0,33.60000000000021,25.0,8745.378190556963
24.818408223495112,24.818408223495112,38.92996163812258,60.0,33.70000000000021,25.0,8736.044549827215
24.84271087663874,24.84271087663874,38.94025438403839,60.0,33.80000000000021,25.0,8727.962164082037
24.865892690144786,24.865892690144786,38.948017522333735,60.0,33.90000000000021,25.0,8720.19037951853
24.883004661638335,24.883004661638335,38.95674451403961,60.0,34.00000000000021,25.0,8712.759792833122
24.89708194576837,24.89708194576837,38.96478619906749,60.0,34.100000000000215,25.0,8707.264734229864
24.91166004136425,24.91166004136425,38.969046720939055,60.0,34.200000000000216,25.0,8702.738164626284
24.921394254003513,24.921394254003513,38.97463093757626,60.0,34.30000000000022,25.0,8698.045144311767
24.930156911751357,24.930156911751357,38.977025394013225,60.0,34.40000000000022,25.0,8694.90856252587
24.938617272370994,24.938617272370994,38.976190826803354,60.0,34.50000000000022,25.0,8692.083127953398
24.946877085177942,24.946877085177942,38.97573889129189,60.0,34.60000000000022,25.0,8689.35351440595
24.948814368450716,24.948814368450716,38.9727487184256,60.0,34.70000000000022,25.0,8686.687097453509
24.95516889401634,24.95516889401634,38.970387777987575,60.0,34.800000000000225,25.0,8686.061497884293
24.959143886217152,24.959143886217152,38.965038542708285,60.0,34.900000000000226,25.0,8684.008910640277
24.96235629463655,24.96235629463655,38.961496565353,60.0,35.00000000000023,25.0,8682.724525138485
24.966942726199846,24.966942726199846,38.953283295266026,60.0,35.10000000000023,25.0,8681.686314401613
24.96657565983076,24.96657565983076,38.94824066322554,60.0,35.20000000000023,25.0,8680.203689162205
24.97052377680995,24.97052377680995,38.945291898716675,60.0,35.30000000000023,25.0,8680.322363108939
24.96991706051711,24.96991706051711,38.93672860760121,60.0,35.40000000000023,25.0,8679.045788373736
24.970702441274245,24.970702441274245,38.928033122847815,60.0,35.500000000000234,25.0,8679.241981626077
24.972159543308805,24.972159543308805,38.91765247918168,60.0,35.600000000000236,25.0,8678.988012512145
24.975449164167884,24.975449164167884,38.91316588664309,60.0,35.70000000000024,25.0,8678.51679803357
24.983528990022187,24.983528990022187,38.90633105285449,60.0,35.80000000000024,25.0,8677.452818645834
24.984891123808,24.984891123808,38.901048118546726,60.0,35.90000000000024,25.0,8674.838691572975
24.995153005715203,24.995153005715203,38.89227521506529,60.0,36.00000000000024,25.0,8674.397877157438
24.99863115811382,24.99863115811382,38.89134043486295,60.0,36.10000000000024,25.0,8671.075913016279
25.001404079888513,25.001404079888513,38.88377738931646,60.0,36.200000000000244,25.0,8669.94957753316
25.00202965714571,25.00202965714571,38.878196892568646,60.0,36.300000000000246,25.0,8669.051480508595
25.010193739749443,25.010193739749443,38.87732041142054,60.0,36.40000000000025,25.0,8668.848851225437
25.013641317584508,25.013641317584508,38.869809245119875,60.0,36.50000000000025,25.0,8666.20389505025
25.020144980066895,25.020144980066895,38.86426080104598,60.0,36.60000000000025,25.0,8665.086670053777
25.02239958085563,25.02239958085563,38.866407806944345,60.0,36.70000000000025,25.0,8662.978627033992
25.028282568184594,25.028282568184594,38.863631320561836,60.0,36.80000000000025,25.0,8662.247702975621
25.03360601831443,25.03360601831443,38.860778350439695,60.0,36.900000000000254,25.0,8660.340164885507
25.03791895156206,25.03791895156206,38.8571425879008,60.0,37.000000000000256,25.0,8658.613670270894
25.041436158205457,25.041436158205457,38.85101673774764,60.0,37.10000000000026,25.0,8657.214648099703
25.046671413426086,25.046671413426086,38.844497252467896,60.0,37.20000000000026,25.0,8656.073578080059
25.05198043651562,25.05198043651562,38.841981435370734,60.0,37.30000000000026,25.0,8654.374866600807
25.055746126333613,25.055746126333613,38.83758274265023,60.0,37.40000000000026,25.0,8652.651910571785
25.05804033590842,25.05804033590842,38.8352090278502,60.0,37.50000000000026,25.0,8651.429637665444
25.064896017258324,25.064896017258324,38.82805354920206,60.0,37.600000000000264,25.0,8650.684909182695
25.066821552632362,25.066821552632362,38.82379687037698,60.0,37.700000000000266,25.0,8648.459165672595
25.075916388905103,25.075916388905103,38.81725068910624,60.0,37.80000000000027,25.0,8647.83394831112
25.083791626374037,25.083791626374037,38.81061450803155,60.0,37.90000000000027,25.0,8644.880434019964
25.08766845261123,25.08766845261123,38.800101166409135,60.0,38.00000000000027,25.0,8642.322435715514
25.09419296723046,25.09419296723046,38.79461855787997,60.0,38.10000000000027,25.0,8641.063013223347
25.101968220477545,25.101968220477545,38.791102926871716,60.0,38.20000000000027,25.0,8638.943232869136
25.108353539973656,25.108353539973656,38.78735503634863,60.0,38.300000000000274,25.0,8636.416747650106
25.116809936414995,25.116809936414995,38.78210989427976,60.0,38.400000000000276,25.0,8634.34165590669
25.12359437604755,25.12359437604755,38.77256082198871,60.0,38.50000000000028,25.0,8631.593208072289
25.132792073769405,25.132792073769405,38.766260945046106,60.0,38.60000000000028,25.0,8629.387959359328
25.141316933760503,25.141316933760503,38.76018305459175,60.0,38.70000000000028,25.0,8626.39805371217
25.149783256390695,25.149783256390695,38.74975485292808,60.0,38.80000000000028,25.0,8623.626683837305
25.154964986174196,25.154964986174196,38.7438827835366,60.0,38.90000000000028,25.0,8620.8742311508
25.15774308832194,25.15774308832194,38.73935499348133,60.0,39.000000000000284,25.0,8619.189590012877
25.16571921284672,25.16571921284672,38.73321085840262,60.0,39.100000000000286,25.0,8618.286393236405
25.166574629582023,25.166574629582023,38.730880294445456,60.0,39.20000000000029,25.0,8615.693262801513
25.169777980958052,25.169777980958052,38.72269837050415,60.0,39.30000000000029,25.0,8615.415159281209
25.174061788485684,25.174061788485684,38.718537777611225,60.0,39.40000000000029,25.0,8614.373728177201
25.173276604530326,25.173276604530326,38.71844362888711,60.0,39.50000000000029,25.0,8612.98105437016
25.16709285694506,25.16709285694506,38.711339742376985,60.0,39.60000000000029,25.0,8613.236317044499
25.169836840733222,25.169836840733222,38.710199393765656,60.0,39.700000000000294,25.0,8615.246679330958
25.168443060545176,25.168443060545176,38.70148987328881,60.0,39.800000000000296,25.0,8614.354592579399
25.164472790200563,25.164472790200563,38.697806020889665,60.0,39.9000000000003,25.0,8614.807718402186
25.154003276569032,25.154003276569032,38.693522098984154,60.0,40.0000000000003,25.0,8616.098486902032
25.141738347736172,25.141738347736172,38.691505168240724,60.0,40.1000000000003,25.0,8619.502253922361
25.13228780277817,25.13228780277817,38.689422812780016,60.0,40.2000000000003,25.0,8623.489681761712
25.11964127927943,25.11964127927943,38.684119845649896,60.0,40.3000000000003,25.0,8626.561983640839
25.110602580737382,25.110602580737382,38.68165705278379,60.0,40.400000000000304,25.0,8630.672914676315
25.10069315932733,25.10069315932733,38.67676873273343,60.0,40.500000000000306,25.0,8633.610717435049
25.0898356684943,25.0898356684943,38.674662015841555,60.0,40.60000000000031,25.0,8636.831089135689
25.079765446080128,25.079765446080128,38.667748036477,60.0,40.70000000000031,25.0,8640.358927562955
25.06714046949556,25.06714046949556,38.66181782109393,60.0,40.80000000000031,25.0,8643.630260782127
25.056469906383523,25.056469906383523,38.65521265703448,60.0,40.90000000000031,25.0,8647.730393418762
25.039487618293172,25.039487618293172,38.65341637420366,60.0,41.00000000000031,25.0,8651.194695506118
25.026272385109554,25.026272385109554,38.64908538127194,60.0,41.100000000000314,25.0,8656.705751220774
25.01813941929832,25.01813941929832,38.6454215748309,60.0,41.200000000000315,25.0,8660.992010854603
25.00878659726376,25.00878659726376,38.64032212680231,60.0,41.30000000000032,25.0,8663.628755820406
24.99803515502231,24.99803515502231,38.63301126670205,60.0,41.40000000000032,25.0,8666.659844922073
24.994065590273845,24.994065590273845,38.63343087240727,60.0,41.50000000000032,25.0,8670.142595857586
24.98611181661217,24.98611181661217,38.62599107795918,60.0,41.60000000000032,25.0,8671.42801246454
24.983299747826013,24.983299747826013,38.6150332692769,60.0,41.70000000000032,25.0,8674.002808804711
24.981545497787465,24.981545497787465,38.60686920235104,60.0,41.800000000000324,25.0,8674.912875889702
24.97671943916367,24.97671943916367,38.60286333183045,60.0,41.900000000000325,25.0,8675.480532695454
24.974253603212183,24.974253603212183,38.59621061048975,60.0,42.00000000000033,25.0,8677.041914150253
24.978328121761024,24.978328121761024,38.59215930498994,60.0,42.10000000000033,25.0,8677.839528128301
24.976381310019015,24.976381310019015,38.58334205855589,60.0,42.20000000000033,25.0,8676.521500928828
24.975595091051684,24.975595091051684,38.571181982292984,60.0,42.30000000000033,25.0,8677.151293934428
24.976881591780593,24.976881591780593,38.56438830468509,60.0,42.40000000000033,25.0,8677.40561616921
24.98366187303454,24.98366187303454,38.5552233688257,60.0,42.500000000000334,25.0,8676.989459442217
24.988015292298197,24.988015292298197,38.54438801103052,60.0,42.600000000000335,25.0,8674.795689318886
24.994944750798574,24.994944750798574,38.53424595211751,60.0,42.70000000000034,25.0,8673.386711992069
24.995990098157165,24.995990098157165,38.527103569884815,60.0,42.80000000000034,25.0,8671.14334635773
24.998487668468815,24.998487668468815,38.51570491953404,60.0,42.90000000000034,25.0,8670.804853805657
25.00641124123574,25.00641124123574,38.50732068016852,60.0,43.00000000000034,25.0,8669.996047825302
25.015557716969305,25.015557716969305,38.4954558025839,60.0,43.10000000000034,25.0,8667.429453816905
25.0211215073942,25.0211215073942,38.48458493183789,60.0,43.200000000000344,25.0,8664.4655660935
25.02543918966124,25.02543918966124,38.47226034803057,60.0,43.300000000000345,25.0,8662.662052935186
25.02889881410483,25.02889881410483,38.463775821701645,60.0,43.40000000000035,25.0,8661.262177321354
25.034245211289782,25.034245211289782,38.45724986761216,60.0,43.50000000000035,25.0,8660.140323169922
25.03766291254991,25.03766291254991,38.44942989498153,60.0,43.60000000000035,25.0,8658.406344201652
25.04260493131583,25.04260493131583,38.44361083642451,60.0,43.70000000000035,25.0,8657.29770787546
25.047288250817903,25.047288250817903,38.443926629116234,60.0,43.80000000000035,25.0,8655.694366921325
25.051807987190326,25.051807987190326,38.443368372354975,60.0,43.900000000000354,25.0,8654.174697859322
25.057044644661616,25.057044644661616,38.43912542089552,60.0,44.000000000000355,25.0,8652.707880892172
25.059039619204675,25.059039619204675,38.44172356521171,60.0,44.10000000000036,25.0,8651.008129203556
25.060924048870945,25.060924048870945,38.44125031361509,60.0,44.20000000000036,25.0,8650.360513254473
25.06528525224479,25.06528525224479,38.44661561156723,60.0,44.30000000000036,25.0,8649.748746979965
25.069805657083727,25.069805657083727,38.45238969519622,60.0,44.40000000000036,25.0,8648.33278460547
25.074057297163684,25.074057297163684,38.46035676434522,60.0,44.50000000000036,25.0,8646.864949984625
25.079498887306446,25.079498887306446,38.47334982888256,60.0,44.600000000000364,25.0,8645.484224116799
25.075964320599283,25.075964320599283,38.485430217556875,60.0,44.700000000000365,25.0,8643.716842785625
25.073818557286877,25.073818557286877,38.50124918299711,60.0,44.80000000000037,25.0,8644.86486653865
25.076110169211535,25.076110169211535,38.51937484656992,60.0,44.90000000000037,25.0,8645.561759257287
25.082791511710962,25.082791511710962,38.53666654837918,60.0,45.00000000000037,25.0,8644.817497025339
25.08690659475704,25.08690659475704,38.550783817997356,60.0,45.10000000000037,25.0,8642.647314513422
25.089764402774392,25.089764402774392,38.5710559091907,60.0,45.20000000000037,25.0,8641.310518124636
25.091384702080855,25.091384702080855,38.588080953139446,60.0,45.300000000000374,25.0,8640.382080895346
25.09468589182754,25.09468589182754,38.60549671822436,60.0,45.400000000000375,25.0,8639.855657754526
25.09470123636468,25.09470123636468,38.62743913299651,60.0,45.50000000000038,25.0,8638.7830730703
25.095043159693553,25.095043159693553,38.64309199404162,60.0,45.60000000000038,25.0,8638.778087338218
25.094396280540852,25.094396280540852,38.663478284151104,60.0,45.70000000000038,25.0,8638.666989563322
25.09130955315017,25.09130955315017,38.68148869291989,60.0,45.80000000000038,25.0,8638.877173012574
25.091570449714112,25.091570449714112,38.6969820125961,60.0,45.90000000000038,25.0,8639.880073464574
25.092832136620107,25.092832136620107,38.714315669277376,60.0,46.000000000000384,25.0,8639.79530862848
25.092329252559885,25.092329252559885,38.725713013939966,60.0,46.100000000000385,25.0,8639.385382518558
25.093300678807676,25.093300678807676,38.737726158149925,60.0,46.20000000000039,25.0,8639.548772391972
25.097354206675416,25.097354206675416,38.746286676123674,60.0,46.30000000000039,25.0,8639.233149054526
25.09462353086693,25.09462353086693,38.75341699058366,60.0,46.40000000000039,25.0,8637.91606508859
25.094083757804754,25.094083757804754,38.7550453707989,60.0,46.50000000000039,25.0,8638.80333531789
25.09268504539343,25.09268504539343,38.7621996350349,60.0,46.60000000000039,25.0,8638.978716710419
25.090468687709194,25.090468687709194,38.76379126004842,60.0,46.700000000000394,25.0,8639.433173457768
25.087816320026995,25.087816320026995,38.7638322689776,60.0,46.800000000000395,25.0,8640.153266122923
25.088203752438233,25.088203752438233,38.75945407255092,60.0,46.9000000000004,25.0,8641.0149750415
25.088077133387085,25.088077133387085,38.75452884728552,60.0,47.0000000000004,25.0,8640.889107862451
25.085461068914103,25.085461068914103,38.7453622036962,60.0,47.1000000000004,25.0,8640.930243364804
25.08629705494644,25.08629705494644,38.73528150968827,60.0,47.2000000000004,25.0,8641.780115161546
25.08777822459338,25.08777822459338,38.726924111699645,60.0,47.3000000000004,25.0,8641.508536510031
25.089421378228987,25.089421378228987,38.71520640908672,60.0,47.400000000000404,25.0,8641.027351246867
25.087586892840417,25.087586892840417,38.70252109611806,60.0,47.500000000000405,25.0,8640.493524760062
25.085116481832763,25.085116481832763,38.68915985735185,60.0,47.600000000000406,25.0,8641.089509754078
25.08800614834952,25.08800614834952,38.678543791886305,60.0,47.70000000000041,25.0,8641.89205636458
25.088654853341907,25.088654853341907,38.660368242091565,60.0,47.80000000000041,25.0,8640.953304658036
25.089641842951174,25.089641842951174,38.64766959929517,60.0,47.90000000000041,25.0,8640.742555070086
25.091563355094266,25.091563355094266,38.638564512925655,60.0,48.00000000000041,25.0,8640.42189895428
25.091970039900946,25.091970039900946,38.62760865035634,60.0,48.10000000000041,25.0,8639.797613663894
25.092078455060324,25.092078455060324,38.61894913445708,60.0,48.200000000000415,25.0,8639.665481615466
25.096742645865795,25.096742645865795,38.605953554506804,60.0,48.300000000000416,25.0,8639.630257307235
25.10008267087537,25.10008267087537,38.59386624938119,60.0,48.40000000000042,25.0,8638.114781625263
25.10160323054269,25.10160323054269,38.58618535176602,60.0,48.50000000000042,25.0,8637.02946909646
25.107226216662433,25.107226216662433,38.57838789901693,60.0,48.60000000000042,25.0,8636.535355018403
25.10904001649909,25.10904001649909,38.57489234588535,60.0,48.70000000000042,25.0,8634.70802691993
25.115389548824886,25.115389548824886,38.57174289289702,60.0,48.80000000000042,25.0,8634.118553520908
25.115941859596944,25.115941859596944,38.571955101333494,60.0,48.900000000000425,25.0,8632.05487572336
25.120237448886385,25.120237448886385,38.571963095747535,60.0,49.000000000000426,25.0,8631.875359494048
25.12450646057509,25.12450646057509,38.576390938297344,60.0,49.10000000000043,25.0,8630.47913314406
25.129968717132453,25.129968717132453,38.580087061273126,60.0,49.20000000000043,25.0,8629.091478378337
25.136639669391418,25.136639669391418,38.58479298732015,60.0,49.30000000000043,25.0,8627.315870691975
25.135414251155936,25.135414251155936,38.597243404746784,60.0,49.40000000000043,25.0,8625.147246459474
25.136264261224277,25.136264261224277,38.60381580734949,60.0,49.50000000000043,25.0,8625.5456187891
25.13875681336926,25.13875681336926,38.60896590867963,60.0,49.600000000000435,25.0,8625.269288575228
25.145364011782117,25.145364011782117,38.61533311144102,60.0,49.700000000000436,25.0,8624.458975105228
25.148528720316197,25.148528720316197,38.62772469737747,60.0,49.80000000000044,25.0,8622.310964596853
25.147644857436834,25.147644857436834,38.638207044821044,60.0,49.90000000000044,25.0,8621.282093149617
25.146676322163472,25.146676322163472,38.64791142083638,60.0,50.00000000000044,25.0,8621.569444861861
25.147848065915763,25.147848065915763,38.66348851105653,60.0,50.10000000000044,25.0,8621.884323482409
25.145137049220857,25.145137049220857,38.67036771059529,60.0,50.20000000000044,25.0,8621.50338003364
25.145814515299502,25.145814515299502,38.67951357129894,60.0,50.300000000000445,25.0,8622.384751486665
25.140816952575786,25.140816952575786,38.689280538917416,60.0,50.400000000000446,25.0,8622.16450302508
25.136124957048654,25.136124957048654,38.697036452590744,60.0,50.50000000000045,25.0,8623.789227824014
25.132397990381712,25.132397990381712,38.70941809472789,60.0,50.60000000000045,25.0,8625.314575146076
25.132145103603982,25.132145103603982,38.713040233954096,60.0,50.70000000000045,25.0,8626.526163576795
25.12669875108645,25.12669875108645,38.71755902630275,60.0,50.80000000000045,25.0,8626.608372603692
25.121109279982672,25.121109279982672,38.724441838358565,60.0,50.90000000000045,25.0,8628.378844450592
25.11538337884744,25.11538337884744,38.72556864208204,60.0,51.000000000000455,25.0,8630.195747072843
25.109069564881604,25.109069564881604,38.72632132134358,60.0,51.100000000000456,25.0,8632.056881129003
25.100426132112798,25.100426132112798,38.72751165360733,60.0,51.20000000000046,25.0,8634.108950352693
25.092329874965905,25.092329874965905,38.72541591169167,60.0,51.30000000000046,25.0,8636.917860648631
25.08834606979501,25.08834606979501,38.725397793092235,60.0,51.40000000000046,25.0,8639.548570169762
25.07884705175199,25.07884705175199,38.725342652492756,60.0,51.50000000000046,25.0,8640.842872224406
25.075231854844766,25.075231854844766,38.719313147745154,60.0,51.60000000000046,25.0,8643.928565733393
25.072865971231625,25.072865971231625,38.71866520824483,60.0,51.700000000000465,25.0,8645.102758178065
25.069694144898737,25.069694144898737,38.712319499125456,60.0,51.800000000000466,25.0,8645.87112426682
25.06422839918929,25.06422839918929,38.709497237394324,60.0,51.90000000000047,25.0,8646.90116163106
25.060878623295594,25.060878623295594,38.701999724095835,60.0,52.00000000000047,25.0,8648.67593194863
25.056038840557783,25.056038840557783,38.69360648087265,60.0,52.10000000000047,25.0,8649.763494463768
25.053889948716726,25.053889948716726,38.692652440766146,60.0,52.20000000000047,25.0,8651.334621988775
25.052029352319146,25.052029352319146,38.68732269697583,60.0,52.30000000000047,25.0,8652.032136683098
25.049187674070637,25.049187674070637,38.68075193251657,60.0,52.400000000000475,25.0,8652.636034354255
25.049417804423133,25.049417804423133,38.67130408834028,60.0,52.500000000000476,25.0,8653.55829348168
25.050221268714584,25.050221268714584,38.667810828928666,60.0,52.60000000000048,25.0,8653.48360849538
25.05092567841229,25.05092567841229,38.660388425185005,60.0,52.70000000000048,25.0,8653.222853036863
25.05454967562323,25.05454967562323,38.652850466518196,60.0,52.80000000000048,25.0,8652.994238980828
25.05701747342667,25.05701747342667,38.64442375422981,60.0,52.90000000000048,25.0,8651.817999135375
25.05889091564687,25.05889091564687,38.639324013565975,60.0,53.00000000000048,25.0,8651.016949356734
25.061812819484487,25.061812819484487,38.6353530102975,60.0,53.100000000000485,25.0,8650.408787302596
25.06635597699781,25.06635597699781,38.62899052583712,60.0,53.200000000000486,25.0,8649.460202239898
25.067006084744456,25.067006084744456,38.62349486337006,60.0,53.30000000000049,25.0,8647.985122849197
25.07255767993104,25.07255767993104,38.61921723036445,60.0,53.40000000000049,25.0,8647.774029349039
25.078148966700905,25.078148966700905,38.613994026948944,60.0,53.50000000000049,25.0,8645.971244342885
25.079491452862865,25.079491452862865,38.613359175125865,60.0,53.60000000000049,25.0,8644.155307316692
25.084804255305404,25.084804255305404,38.61150378250326,60.0,53.70000000000049,25.0,8643.719257588631
25.086649707142445,25.086649707142445,38.60550692663662,60.0,53.800000000000495,25.0,8641.993484309096
25.08978644946892,25.08978644946892,38.59748613676906,60.0,53.900000000000496,25.0,8641.393972337053
25.09000319947488,25.09000319947488,38.59685887883755,60.0,54.0000000000005,25.0,8640.374918206378
25.089467202313823,25.089467202313823,38.59349208873932,60.0,54.1000000000005,25.0,8640.304498728992
25.092165138576764,25.092165138576764,38.594743183515035,60.0,54.2000000000005,25.0,8640.478637203374
25.088933613255556,25.088933613255556,38.595523229339356,60.0,54.3000000000005,25.0,8639.60209359965
25.09251062186546,25.09251062186546,38.59192510405632,60.0,54.4000000000005,25.0,8640.651991391249
25.092358623139067,25.092358623139067,38.58739088874346,60.0,54.500000000000504,25.0,8639.489844667234
25.088623626201887,25.088623626201887,38.587155378158286,60.0,54.600000000000506,25.0,8639.539229769594
25.087342278429976,25.087342278429976,38.586704643284925,60.0,54.70000000000051,25.0,8640.752700128014
25.085638942591444,25.085638942591444,38.58518651184894,60.0,54.80000000000051,25.0,8641.168977984438
25.085634170509366,25.085634170509366,38.582400300482135,60.0,54.90000000000051,25.0,8641.722331486419
25.083398539999777,25.083398539999777,38.58051898495865,60.0,55.00000000000051,25.0,8641.723881738064
25.07847159312108,25.07847159312108,38.577243404213796,60.0,55.10000000000051,25.0,8642.4501273811
25.07873510880587,25.07873510880587,38.57329667007731,60.0,55.200000000000514,25.0,8644.050517085929
25.078267891037278,25.078267891037278,38.57256670825699,60.0,55.300000000000516,25.0,8643.964925630084
25.07667565119568,25.07667565119568,38.56930452902629,60.0,55.40000000000052,25.0,8644.116680356401
25.075962119074493,25.075962119074493,38.55981124229051,60.0,55.50000000000052,25.0,8644.633835057706
25.073758083183673,25.073758083183673,38.55276489336133,60.0,55.60000000000052,25.0,8644.865581560669
25.069116888358323,25.069116888358323,38.54803072128492,60.0,55.70000000000052,25.0,8645.581399252966
25.07616947411056,25.07616947411056,38.53967520364771,60.0,55.80000000000052,25.0,8647.088613934626
25.07519223589535,25.07519223589535,38.5313499291247,60.0,55.900000000000524,25.0,8644.798235605298
25.075282038122907,25.075282038122907,38.524566104605334,60.0,56.000000000000526,25.0,8645.115625572205
25.078703460561893,25.078703460561893,38.51883662530348,60.0,56.10000000000053,25.0,8645.086459695713
25.08432914852941,25.08432914852941,38.51067022105252,60.0,56.20000000000053,25.0,8643.975205195999
25.08933189699108,25.08933189699108,38.503319320848995,60.0,56.30000000000053,25.0,8642.147823155727
25.092568256155413,25.092568256155413,38.49544671489354,60.0,56.40000000000053,25.0,8640.522595829043
25.10065777533019,25.10065777533019,38.4840634120363,60.0,56.50000000000053,25.0,8639.471118975915
25.105151046002888,25.105151046002888,38.475893126035466,60.0,56.600000000000534,25.0,8636.842587323768
25.10771451220377,25.10771451220377,38.46700887806887,60.0,56.700000000000536,25.0,8635.382424078369
25.112273951901553,25.112273951901553,38.46047247076259,60.0,56.80000000000054,25.0,8634.549335561736
25.118075381230838,25.118075381230838,38.45342742795326,60.0,56.90000000000054,25.0,8633.067506397054
25.122670860358593,25.122670860358593,38.446777950174216,60.0,57.00000000000054,25.0,8631.181894541136
25.129522369428905,25.129522369428905,38.443822543329304,60.0,57.10000000000054,25.0,8629.688153310755
25.133718422658948,25.133718422658948,38.43641265363544,60.0,57.20000000000054,25.0,8627.460967523724
25.137579572758977,25.137579572758977,38.432126607237024,60.0,57.300000000000544,25.0,8626.096911839744
25.142772700148715,25.142772700148715,38.429528847767024,60.0,57.400000000000546,25.0,8624.841690338897
25.14672778543767,25.14672778543767,38.429533841726276,60.0,57.50000000000055,25.0,8623.153411696883
25.153539565819155,25.153539565819155,38.426155166995805,60.0,57.60000000000055,25.0,8621.867592380942
25.156069616615625,25.156069616615625,38.42303356858022,60.0,57.70000000000055,25.0,8619.653012034712
25.159237323809457,25.159237323809457,38.42687586714097,60.0,57.80000000000055,25.0,8618.830460507143
25.15953854136677,25.15953854136677,38.434045837857305,60.0,57.90000000000055,25.0,8617.800598124526
25.160017143542074,25.160017143542074,38.43633683053336,60.0,58.000000000000554,25.0,8617.702668483369
25.160541914542932,25.160541914542932,38.440510728618065,60.0,58.100000000000556,25.0,8617.547068904569
25.159297306398695,25.159297306398695,38.44198126647365,60.0,58.20000000000056,25.0,8617.37645933871
25.162364352492883,25.162364352492883,38.44962649482366,60.0,58.30000000000056,25.0,8617.781097023733
25.160171624664294,25.160171624664294,38.452840040182075,60.0,58.40000000000056,25.0,8616.783962975764
25.15818492092849,25.15818492092849,38.45735306144412,60.0,58.50000000000056,25.0,8617.496845165228
25.15702930976358,25.15702930976358,38.45971040506803,60.0,58.60000000000056,25.0,8618.142747761185
25.15366517574774,25.15366517574774,38.46380697671526,60.0,58.700000000000564,25.0,8618.51845187039
25.15220242273211,25.15220242273211,38.47228902230689,60.0,58.800000000000566,25.0,8619.612174697046
25.150360770745543,25.150360770745543,38.48307968568944,60.0,58.90000000000057,25.0,8620.087733369965
25.150281436662596,25.150281436662596,38.48809043744533,60.0,59.00000000000057,25.0,8620.68647516741
25.149833281918692,25.149833281918692,38.491039203586965,60.0,59.10000000000057,25.0,8620.712267524726
25.145534534629412,25.145534534629412,38.49167513675396,60.0,59.20000000000057,25.0,8620.857967335414
25.14040921288028,25.14040921288028,38.49732547638443,60.0,59.30000000000057,25.0,8622.25552655702
25.13848091743851,25.13848091743851,38.49891188981733,60.0,59.400000000000574,25.0,8623.921783784735
25.135996661575874,25.135996661575874,38.49963312436447,60.0,59.500000000000576,25.0,8624.548667771714
25.134850980443666,25.134850980443666,38.50492552977316,60.0,59.60000000000058,25.0,8625.356282848003
25.130196818778575,25.130196818778575,38.50524956238915,60.0,59.70000000000058,25.0,8625.72873190267
25.129692555350317,25.129692555350317,38.5045900938025,60.0,59.80000000000058,25.0,8627.241720161277
25.127859853239073,25.127859853239073,38.50589880979006,60.0,59.90000000000058,25.0,8627.405644265105
25.125990235476028,25.125990235476028,38.503991937164415,60.0,60.00000000000058,25.0,8628.001406404172
25.125432658741293,25.125432658741293,38.504947478906416,60.0,60.100000000000584,25.0,8628.609158753216
25.118385497971857,25.118385497971857,38.50659936062495,60.0,60.200000000000585,25.0,8628.790406875054
25.113541067263576,25.113541067263576,38.503159778544486,60.0,60.30000000000059,25.0,8631.081094868438
25.11061675580809,25.11061675580809,38.501495552183236,60.0,60.40000000000059,25.0,8632.65567388152
25.10844589942749,25.10844589942749,38.50244563322365,60.0,60.50000000000059,25.0,8633.60611046015
25.10661371330726,25.10661371330726,38.50221921737211,60.0,60.60000000000059,25.0,8634.311639551117
25.104681391617028,25.104681391617028,38.5015020711217,60.0,60.70000000000059,25.0,8634.907082946707
25.098256897028055,25.098256897028055,38.504846763264126,60.0,60.800000000000594,25.0,8635.535051153318
25.09694844406535,25.09694844406535,38.50629565581892,60.0,60.900000000000595,25.0,8637.622746772497
25.09504928616694,25.09504928616694,38.506696921890764,60.0,61.0000000000006,25.0,8638.047911165599
25.092131739070872,25.092131739070872,38.505278639889376,60.0,61.1000000000006,25.0,8638.664998942117
25.091293908084438,25.091293908084438,38.5056371165934,60.0,61.2000000000006,25.0,8639.612945194707
25.087310169878858,25.087310169878858,38.50534074149784,60.0,61.3000000000006,25.0,8639.885156504854
25.083953765616087,25.083953765616087,38.50794427696426,60.0,61.4000000000006,25.0,8641.179409104063
25.079856427761506,25.079856427761506,38.51040554091274,60.0,61.500000000000604,25.0,8642.269765460847
25.079006582182988,25.079006582182988,38.514308829523436,60.0,61.600000000000605,25.0,8643.600708538826
25.07964948885319,25.07964948885319,38.513568191700855,60.0,61.70000000000061,25.0,8643.876748900657
25.079508691203078,25.079508691203078,38.51489932624802,60.0,61.80000000000061,25.0,8643.667925372527
25.081721954699013,25.081721954699013,38.5151619667375,60.0,61.90000000000061,25.0,8643.713658353165
25.082331917905805,25.082331917905805,38.51659808263356,60.0,62.00000000000061,25.0,8642.994742861794
25.08198780532204,25.08198780532204,38.516220144427905,60.0,62.10000000000061,25.0,8642.796607196484
25.085399131419127,25.085399131419127,38.51853954384807,60.0,62.200000000000614,25.0,8642.908386372706
25.091410279699467,25.091410279699467,38.52143864346017,60.0,62.300000000000615,25.0,8641.800235995077
25.095323816240096,25.095323816240096,38.527391505485475,60.0,62.40000000000062,25.0,8639.84734763821
25.100115610536296,25.100115610536296,38.533025814750026,60.0,62.50000000000062,25.0,8638.575798058824
25.101865609619903,25.101865609619903,38.53510405735398,60.0,62.60000000000062,25.0,8637.01876531371
25.106310087563113,25.106310087563113,38.54001879598446,60.0,62.70000000000062,25.0,8636.450092215815
25.11080473011497,25.11080473011497,38.544786128877895,60.0,62.80000000000062,25.0,8635.005756865718
25.11829604935477,25.11829604935477,38.54772811213842,60.0,62.900000000000624,25.0,8633.545017702374
25.12584956144996,25.12584956144996,38.55234664807201,60.0,63.000000000000625,25.0,8631.110169091056
25.133456416395713,25.133456416395713,38.55768190092639,60.0,63.10000000000063,25.0,8628.654886905862
25.144260660400523,25.144260660400523,38.56441016529371,60.0,63.20000000000063,25.0,8626.182086279132
25.149987229062997,25.149987229062997,38.572337924837825,60.0,63.30000000000063,25.0,8622.669670163887
25.157902557965603,25.157902557965603,38.58219478548393,60.0,63.40000000000063,25.0,8620.807917518941
25.166833986435257,25.166833986435257,38.587280439831986,60.0,63.50000000000063,25.0,8618.23454759784
25.174999764122056,25.174999764122056,38.60247275034167,60.0,63.600000000000634,25.0,8615.330840216286
25.183565767886915,25.183565767886915,38.61406882841564,60.0,63.700000000000635,25.0,8612.676120613374
25.18809967289735,25.18809967289735,38.6235989269813,60.0,63.80000000000064,25.0,8609.891415071968
25.19612761574303,25.19612761574303,38.633200807932035,60.0,63.90000000000064,25.0,8608.417570955395
25.20140902001388,25.20140902001388,38.64576401886605,60.0,64.00000000000064,25.0,8605.80807539078
25.205482429739707,25.205482429739707,38.65761570641482,60.0,64.10000000000063,25.0,8604.091479680312
25.21465835727306,25.21465835727306,38.67490614193388,60.0,64.20000000000063,25.0,8602.767597158027
25.222408724198576,25.222408724198576,38.68574821175159,60.0,64.30000000000062,25.0,8599.785668047705
25.228816478489254,25.228816478489254,38.69700140402573,60.0,64.40000000000062,25.0,8597.267379135075
25.23567018287078,25.23567018287078,38.710283315327594,60.0,64.50000000000061,25.0,8595.185630439162
25.23656507851633,25.23656507851633,38.71870776871735,60.0,64.6000000000006,25.0,8592.959325169319
25.238157727799067,25.238157727799067,38.73330999917839,60.0,64.7000000000006,25.0,8592.668660355896
25.24192519673734,25.24192519673734,38.74579514205847,60.0,64.8000000000006,25.0,8592.151378676623
25.242300711396975,25.242300711396975,38.75446482380932,60.0,64.90000000000059,25.0,8590.927812051055
25.241188823512996,25.241188823512996,38.76504402502326,60.0,65.00000000000058,25.0,8590.805862024743
25.24217373997607,25.24217373997607,38.771862990364674,80.0,65.10000000000058,28.0,13981.876321178808
25.247303566729524,25.247303566729524,38.78038072175222,80.0,65.20000000000057,28.0,13781.608494708344
25.248596734062044,25.248596734062044,38.79116244557536,80.0,65.30000000000057,28.0,13780.213750182891
25.251815648163284,25.251815648163284,38.80063576387121,80.0,65.40000000000056,28.0,13779.86220563844
25.25675422204604,25.25675422204604,38.80826160346933,80.0,65.50000000000055,28.0,13778.987247127943
25.263999243445145,25.263999243445145,38.81560019424091,80.0,65.60000000000055,28.0,13777.64512537567
25.274176438285448,25.274176438285448,38.81827629973857,80.0,65.70000000000054,28.0,13775.676809254914
25.28002430329637,25.28002430329637,38.81551622538871,80.0,65.80000000000054,28.0,13772.91317041427
25.289733860754772,25.289733860754772,38.81517031270503,80.0,65.90000000000053,28.0,13771.325879761274
25.30649187424285,25.30649187424285,38.81775949645978,80.0,66.00000000000053,28.0,13768.691603873325
25.32520489212419,25.32520489212419,38.816763123102525,80.0,66.10000000000052,28.0,13764.148739852993
25.341358216780787,25.341358216780787,38.81396446892832,80.0,66.20000000000051,28.0,13759.081863441492
25.366501312129913,25.366501312129913,38.810233456350865,80.0,66.30000000000051,28.0,13754.713521391626
25.393566072669795,25.393566072669795,38.80401890727195,80.0,66.4000000000005,28.0,13747.92496695018
25.423770738652262,25.423770738652262,38.80052649392052,80.0,66.5000000000005,28.0,13740.633676542679
25.452595127200013,25.452595127200013,38.789309390193985,80.0,66.60000000000049,28.0,13732.518088205637
25.487941100972623,25.487941100972623,38.78464088599578,80.0,66.70000000000049,28.0,13724.796510543438
25.526849079282837,25.526849079282837,38.77535292205796,80.0,66.80000000000048,28.0,13715.361505317776
25.565917280252563,25.565917280252563,38.76387958008132,80.0,66.90000000000047,28.0,13705.022216509695
25.60908164854581,25.60908164854581,38.75550025227735,80.0,67.00000000000047,28.0,13694.693655242036
25.65485784653831,25.65485784653831,38.74209462341284,80.0,67.10000000000046,28.0,13683.349427067455
25.702914884593163,25.702914884593163,38.73347903506205,80.0,67.20000000000046,28.0,13671.401943576137
25.75055157865377,25.75055157865377,38.716136895129026,80.0,67.30000000000045,28.0,13658.95818913308
25.800616931772332,25.800616931772332,38.6981450325084,80.0,67.40000000000045,28.0,13646.730296566297
25.849352425503625,25.849352425503625,38.683506889572406,80.0,67.50000000000044,28.0,13634.001122860975
25.90133941391625,25.90133941391625,38.66781360299193,80.0,67.60000000000043,28.0,13621.737145542284
25.949250469269312,25.949250469269312,38.652157333741336,80.0,67.70000000000043,28.0,13608.80038672839
25.997689012595025,25.997689012595025,38.63735826667076,80.0,67.80000000000042,28.0,13597.016973839683
26.04509422702062,26.04509422702062,38.622883535593786,80.0,67.90000000000042,28.0,13585.245005642719
26.090514662649575,26.090514662649575,38.60609057420209,80.0,68.00000000000041,28.0,13573.866494403612
26.132841184612452,26.132841184612452,38.58806680783936,80.0,68.1000000000004,28.0,13563.100586286684
26.17566252253274,26.17566252253274,38.57358872621325,80.0,68.2000000000004,28.0,13553.191213198725
26.21734831061922,26.21734831061922,38.55376478850832,80.0,68.3000000000004,28.0,13543.289732297464
26.255931599301185,26.255931599301185,38.53693833873229,80.0,68.40000000000039,28.0,13533.772773722429
26.29120837924332,26.29120837924332,38.529288358172224,80.0,68.50000000000038,28.0,13525.073205904331
26.32479768292137,26.32479768292137,38.51367406300973,80.0,68.60000000000038,28.0,13517.212285420832
26.353575692467853,26.353575692467853,38.499758140713936,80.0,68.70000000000037,28.0,13509.811061254126
26.385912567842837,26.385912567842837,38.48822332130507,80.0,68.80000000000037,28.0,13503.535539421466
26.408715022510112,26.408715022510112,38.4767973015211,80.0,68.90000000000036,28.0,13496.556754623532
26.430650033407844,26.430650033407844,38.46609886205632,80.0,69.00000000000036,28.0,13491.68227764146
26.452456018279978,26.452456018279978,38.45680581532392,80.0,69.10000000000035,28.0,13487.029838629343
26.468776161665698,26.468776161665698,38.44341983498276,80.0,69.20000000000034,28.0,13482.440501426363
26.48464754064335,26.48464754064335,38.43542317926765,80.0,69.30000000000034,28.0,13479.029123153927
26.49608068288196,26.49608068288196,38.42752182974855,80.0,69.40000000000033,28.0,13475.730817750047
26.50256293222339,26.50256293222339,38.41915094567758,80.0,69.50000000000033,28.0,13473.366641948678
26.511614066965365,26.511614066965365,38.41343477341419,80.0,69.60000000000032,28.0,13472.030621323034
26.519995650661805,26.519995650661805,38.40209061393839,80.0,69.70000000000032,28.0,13470.170470599109
26.52414941444439,26.52414941444439,38.39629875714929,80.0,69.80000000000031,28.0,13468.453466595458
26.527793283258987,26.527793283258987,38.392247497337884,80.0,69.9000000000003,28.0,13467.60452712102
26.531907153213208,26.531907153213208,38.385652407901254,80.0,70.0000000000003,28.0,13466.860878747342
26.534300936128176,26.534300936128176,38.383373293007814,80.0,70.10000000000029,28.0,13466.022524710179
26.534486298895768,26.534486298895768,38.37555448264455,80.0,70.20000000000029,28.0,13465.535294772715
26.538607208972337,26.538607208972337,38.37033145263859,80.0,70.30000000000028,28.0,13465.497584268502
26.53964603353843,26.53964603353843,38.36228133436612,80.0,70.40000000000028,28.0,13464.659894727272
26.538990612648455,26.538990612648455,38.36103693066221,80.0,70.50000000000027,28.0,13464.448928714071
26.53547533537112,26.53547533537112,38.352890009668535,80.0,70.60000000000026,28.0,13464.582022984021
26.531864379724656,26.531864379724656,38.34844095727271,80.0,70.70000000000026,28.0,13465.296417257576
26.53221344441039,26.53221344441039,38.34405663798832,80.0,70.80000000000025,28.0,13466.031234778404
26.532433885582474,26.532433885582474,38.34341943260718,80.0,70.90000000000025,28.0,13465.96015796392
26.528842852905598,26.528842852905598,38.33963569727291,80.0,71.00000000000024,28.0,13465.915276340693
26.521863254423277,26.521863254423277,38.33599238286405,80.0,71.10000000000024,28.0,13466.646867610612
26.5204136561457,26.5204136561457,38.33426827178471,80.0,71.20000000000023,28.0,13468.071606589228
26.514776700146257,26.514776700146257,38.332399803999174,80.0,71.30000000000022,28.0,13468.36797599922
26.513973921795984,26.513973921795984,38.327489311734844,80.0,71.40000000000022,28.0,13469.52196486574
26.509079851415937,26.509079851415937,38.33133088926929,80.0,71.50000000000021,28.0,13469.686504654268
26.508729953681758,26.508729953681758,38.33211435180154,80.0,71.60000000000021,28.0,13470.690665508282
26.506448928873777,26.506448928873777,38.33010014298435,80.0,71.7000000000002,28.0,13470.762526809427
26.501730045099922,26.501730045099922,38.32965966542554,80.0,71.8000000000002,28.0,13471.231226738482
26.498311594722768,26.498311594722768,38.33303400442379,80.0,71.90000000000019,28.0,13472.202104831025
26.499987233104157,26.499987233104157,38.33029772627517,80.0,72.00000000000018,28.0,13472.90648176561
26.49623198937344,26.49623198937344,38.337113898543365,80.0,72.10000000000018,28.0,13472.561103276923
26.491973018161715,26.491973018161715,38.33819627347548,80.0,72.20000000000017,28.0,13473.335420721449
26.490034822427425,26.490034822427425,38.345643247987354,80.0,72.30000000000017,28.0,13474.214897317266
26.490966270855896,26.490966270855896,38.35211363885528,80.0,72.40000000000016,28.0,13474.615588895196
26.488307852157543,26.488307852157543,38.353702794536964,80.0,72.50000000000016,28.0,13474.422991055351
26.482590490612104,26.482590490612104,38.35711130186421,80.0,72.60000000000015,28.0,13474.972852391793
26.482598278098816,26.482598278098816,38.3652700905852,80.0,72.70000000000014,28.0,13476.157229599192
26.486410527367696,26.486410527367696,38.36443548832594,80.0,72.80000000000014,28.0,13476.155614705363
26.490580797136907,26.490580797136907,38.36703785276825,80.0,72.90000000000013,28.0,13475.365617728949
26.49251468825814,26.49251468825814,38.36891303789255,80.0,73.00000000000013,28.0,13474.502688423803
26.49666268542641,26.49666268542641,38.3714989332534,80.0,73.10000000000012,28.0,13474.102966348339
26.498770260323575,26.498770260323575,38.373916871652405,80.0,73.20000000000012,28.0,13473.246558551316
26.502914412006614,26.502914412006614,38.37996306152487,80.0,73.30000000000011,28.0,13472.811921589098
26.507248571278733,26.507248571278733,38.38326240902493,80.0,73.4000000000001,28.0,13471.958270766387
26.51172014405687,26.51172014405687,38.38318718131174,80.0,73.5000000000001,28.0,13471.066873066808
26.520367256044466,26.520367256044466,38.385714254830894,80.0,73.6000000000001,28.0,13470.148706926808
26.530189661851193,26.530189661851193,38.38488680036179,80.0,73.70000000000009,28.0,13468.377465105785
26.535739954474984,26.535739954474984,38.38525903090272,80.0,73.80000000000008,28.0,13466.372370978841
26.54779651463485,26.54779651463485,38.38457829993112,80.0,73.90000000000008,28.0,13465.242607157
26.558167318194467,26.558167318194467,38.38282014003541,80.0,74.00000000000007,28.0,13462.79656835774
26.57172977373101,26.57172977373101,38.38444755622886,80.0,74.10000000000007,28.0,13460.70139537029
26.5824210867435,26.5824210867435,38.38281347440493,80.0,74.20000000000006,28.0,13457.973802256176
26.59451951688184,26.59451951688184,38.37948608051812,80.0,74.30000000000005,28.0,13455.833531594002
26.606727022240847,26.606727022240847,38.37661202221945,80.0,74.40000000000005,28.0,13453.42210619568
26.62022842934034,26.62022842934034,38.37580300390685,80.0,74.50000000000004,28.0,13451.00028401944
26.636913190584817,26.636913190584817,38.37039177580817,80.0,74.60000000000004,28.0,13448.335047331359
26.651401571835603,26.651401571835603,38.37174724243455,80.0,74.70000000000003,28.0,13445.060685104958
26.664670431849036,26.664670431849036,38.36943921670891,80.0,74.80000000000003,28.0,13442.234661180013
26.680613312330284,26.680613312330284,38.36648201556009,80.0,74.90000000000002,28.0,13439.660625528935
26.694885341406597,26.694885341406597,38.36828895139241,80.0,75.00000000000001,28.0,13436.585708271532
26.709020796029698,26.709020796029698,38.364457895662675,80.0,75.10000000000001,28.0,13433.849583346713
26.723897009674513,26.723897009674513,38.36103804725343,80.0,75.2,28.0,13431.155037686043
26.734921049350977,26.734921049350977,38.35787074803383,80.0,75.3,28.0,13428.335831947952
26.74408260726966,26.74408260726966,38.36085226666062,80.0,75.39999999999999,28.0,13426.257599358794
26.752215694842633,26.752215694842633,38.35640729508018,80.0,75.49999999999999,28.0,13424.537564836246
26.76207347957592,26.76207347957592,38.35874611521608,80.0,75.59999999999998,28.0,13423.01600852316
26.76866673915856,26.76866673915856,38.36357541133588,80.0,75.69999999999997,28.0,13421.178583627237
26.770051733169712,26.770051733169712,38.369929608030056,80.0,75.79999999999997,28.0,13419.95379663549
26.773844643840725,26.773844643840725,38.368299674449375,80.0,75.89999999999996,28.0,13419.69693819902
26.77149493619592,26.77149493619592,38.36977946585049,80.0,75.99999999999996,28.0,13418.994263477814
26.76739823427938,26.76739823427938,38.36985010232321,80.0,76.09999999999995,28.0,13419.429440617052
26.761545144069967,26.761545144069967,38.37294290827344,80.0,76.19999999999995,28.0,13420.18918002503
26.75574372382733,26.75574372382733,38.37734684610261,80.0,76.29999999999994,28.0,13421.276873102679
26.745930955968007,26.745930955968007,38.38388448022295,80.0,76.39999999999993,28.0,13422.357552544872
26.739581418989204,26.739581418989204,38.38236553168897,80.0,76.49999999999993,28.0,13424.191326664977
26.726330423461665,26.726330423461665,38.3874068130361,80.0,76.59999999999992,28.0,13425.381835670614
26.713709000617463,26.713709000617463,38.393619279395736,80.0,76.69999999999992,28.0,13427.876287903307
26.70140868828243,26.70140868828243,38.39802041282914,80.0,76.79999999999991,28.0,13430.26474049321
26.68635103941022,26.68635103941022,38.40211472083733,80.0,76.8999999999999,28.0,13432.604178203772
26.666383847578967,26.666383847578967,38.41042354487934,80.0,76.9999999999999,28.0,13435.48383731878
26.65126104204006,26.65126104204006,38.411768244279216,80.0,77.0999999999999,28.0,13439.3292228191
26.63702439553698,26.63702439553698,38.414982690069714,80.0,77.19999999999989,28.0,13442.26199488342
26.61844958250909,26.61844958250909,38.4191900723383,80.0,77.29999999999988,28.0,13445.038932820267
26.600890735560906,26.600890735560906,38.4198639833165,80.0,77.39999999999988,28.0,13448.68540132441
26.58739940125751,26.58739940125751,38.41693297777853,80.0,77.49999999999987,28.0,13452.156710932843
26.575337231548396,26.575337231548396,38.420840828887634,80.0,77.59999999999987,28.0,13454.839913213315
26.563200299338487,26.563200299338487,38.41712526926452,80.0,77.69999999999986,28.0,13457.250657349661
26.5473465376407,26.5473465376407,38.420091189627755,80.0,77.79999999999986,28.0,13459.687557223375
26.53599203501668,26.53599203501668,38.41856450598608,80.0,77.89999999999985,28.0,13462.887660979868
26.523825192958366,26.523825192958366,38.41715911703059,80.0,77.99999999999984,28.0,13465.191351719208
26.51816745484082,26.51816745484082,38.420605871914546,80.0,78.09999999999984,28.0,13467.670743810739
26.51246879286169,26.51246879286169,38.42170246114578,80.0,78.19999999999983,28.0,13468.82752565627
26.50698460703459,26.50698460703459,38.41704804617154,80.0,78.29999999999983,28.0,13469.995132091584
26.50613497642449,26.50613497642449,38.41815361061795,80.0,78.39999999999982,28.0,13471.121121322107
26.509034423390105,26.509034423390105,38.41913391169852,80.0,78.49999999999982,28.0,13471.295767885556
26.508111440823324,26.508111440823324,38.41714055721204,80.0,78.59999999999981,28.0,13470.699994901337
26.510015517281964,26.510015517281964,38.42049945102558,80.0,78.6999999999998,28.0,13470.8895784678
26.513443807264327,26.513443807264327,38.42102937740085,80.0,78.7999999999998,28.0,13470.498545936243
26.517575660621045,26.517575660621045,38.42329791028899,80.0,78.89999999999979,28.0,13469.795185288665
26.525832239871228,26.525832239871228,38.427232311298575,80.0,78.99999999999979,28.0,13468.948664435433
26.533060248567953,26.533060248567953,38.43037961481259,80.0,79.09999999999978,28.0,13467.26096716845
26.538873913921226,26.538873913921226,38.43339312788552,80.0,79.19999999999978,28.0,13465.787769575838
26.55193465729952,26.55193465729952,38.43845730283802,80.0,79.29999999999977,28.0,13464.6057240588
26.564085300985667,26.564085300985667,38.441617777609025,80.0,79.39999999999976,28.0,13461.959572669817
26.575335105212492,26.575335105212492,38.445726101660426,80.0,79.49999999999976,28.0,13459.509483222926
26.588558085461443,26.588558085461443,38.447642536912156,80.0,79.59999999999975,28.0,13457.251083298685
26.60243764508743,26.60243764508743,38.45304837622794,80.0,79.69999999999975,28.0,13454.608923936632
26.615139186446168,26.615139186446168,38.45855896819836,80.0,79.79999999999974,28.0,13451.849945824551
26.6264926452697,26.6264926452697,38.46187272965837,80.0,79.89999999999974,28.0,13449.33804756499
26.64120581754668,26.64120581754668,38.46740485995284,80.0,79.99999999999973,28.0,13447.103203420254
26.653205419923346,26.653205419923346,38.47370238548279,80.0,80.09999999999972,28.0,13444.221711919523
26.664196757655766,26.664196757655766,38.478209195293026,80.0,80.19999999999972,28.0,13441.88393870113
26.674573434805048,26.674573434805048,38.48271394030708,80.0,80.29999999999971,28.0,13439.752281602714
26.68482432232973,26.68482432232973,38.484168180130716,80.0,80.39999999999971,28.0,13437.748331523402
26.69370001423669,26.69370001423669,38.48332391678679,80.0,80.4999999999997,28.0,13435.776780990345
26.702861948007385,26.702861948007385,38.486673232431585,80.0,80.5999999999997,28.0,13434.076230492508
26.709741868730077,26.709741868730077,38.48339626820188,80.0,80.69999999999969,28.0,13432.327173494432
26.718613760032692,26.718613760032692,38.48236555802366,80.0,80.79999999999968,28.0,13431.0179952154
26.719198500568996,26.719198500568996,38.48192536470379,80.0,80.89999999999968,28.0,13429.335122931592
26.72573150328777,26.72573150328777,38.47975328902011,80.0,80.99999999999967,28.0,13429.224417898211
26.73359204216437,26.73359204216437,38.48207385252779,80.0,81.09999999999967,28.0,13427.98935035413
26.737745454721548,26.737745454721548,38.48397275855118,80.0,81.19999999999966,28.0,13426.507647687531
26.73839057519621,26.73839057519621,38.48129558600562,80.0,81.29999999999966,28.0,13425.726646280908
26.740956465837133,26.740956465837133,38.481899980510406,80.0,81.39999999999965,28.0,13425.60545741652
26.738691326631475,26.738691326631475,38.4798734435099,80.0,81.49999999999964,28.0,13425.123758661764
26.739423135955533,26.739423135955533,38.4821324529386,80.0,81.59999999999964,28.0,13425.548970767975
26.73406758434219,26.73406758434219,38.481243838237454,80.0,81.69999999999963,28.0,13425.411552474548
26.728354127369215,26.728354127369215,38.48571775109666,80.0,81.79999999999963,28.0,13426.418160439694
26.726277784503,26.726277784503,38.48680414126757,80.0,81.89999999999962,28.0,13427.494462233582
26.723130519584075,26.723130519584075,38.49283879089421,80.0,81.99999999999962,28.0,13427.886223834448
26.718523602541666,26.718523602541666,38.49876284460789,80.0,82.09999999999961,28.0,13428.48067567121
26.711940347120265,26.711940347120265,38.500247272131,80.0,82.1999999999996,28.0,13429.352194181613
26.707149878119825,26.707149878119825,38.50452209498576,80.0,82.2999999999996,28.0,13430.600412528815
26.700703420528203,26.700703420528203,38.51424321702188,80.0,82.3999999999996,28.0,13431.510798307721
26.693347590288546,26.693347590288546,38.52878396288636,80.0,82.49999999999959,28.0,13432.738667111147
26.688300194582343,26.688300194582343,38.53484256866124,80.0,82.59999999999958,28.0,13434.14363847418
26.680404728785682,26.680404728785682,38.54882219644324,80.0,82.69999999999958,28.0,13435.110096772321
26.675287314430086,26.675287314430086,38.55996627955076,80.0,82.79999999999957,28.0,13436.625812132754
26.66818622470608,26.66818622470608,38.572632479146876,80.0,82.89999999999957,28.0,13437.61077020411
26.668442251229617,26.668442251229617,38.58435383055259,80.0,82.99999999999956,28.0,13438.980856444628
26.661921337029383,26.661921337029383,38.59319395309804,80.0,83.09999999999955,28.0,13438.931391426726
26.656502950171276,26.656502950171276,38.60374208658163,80.0,83.19999999999955,28.0,13440.19281585443
26.654570403313443,26.654570403313443,38.620234278864885,80.0,83.29999999999954,28.0,13441.243444095375
26.65306841528498,26.65306841528498,38.62992269266787,80.0,83.39999999999954,28.0,13441.618710535848
26.64952704592983,26.64952704592983,38.64241171186736,80.0,83.49999999999953,28.0,13441.910567783
26.652302542538706,26.652302542538706,38.65767567842349,80.0,83.59999999999953,28.0,13442.599389818992
26.653643777168053,26.653643777168053,38.66838918203763,80.0,83.69999999999952,28.0,13442.059454121805
26.65848970020716,26.65848970020716,38.68082793598607,80.0,83.79999999999951,28.0,13441.798746500912
26.664533272765873,26.664533272765873,38.68775910418453,80.0,83.89999999999951,28.0,13440.857950815907
26.671368439714648,26.671368439714648,38.69368088479208,80.0,83.9999999999995,28.0,13439.68716407611
26.678424229874008,26.678424229874008,38.70123479339311,80.0,84.0999999999995,28.0,13438.36640087728
26.690640914697052,26.690640914697052,38.70733321404198,80.0,84.19999999999949,28.0,13437.00676416927
26.69902273305939,26.69902273305939,38.71198275444076,80.0,84.29999999999949,28.0,13434.661660661386
26.706912841582923,26.706912841582923,38.71882415488339,80.0,84.39999999999948,28.0,13433.059314488652
26.719553177502437,26.719553177502437,38.72570130360082,80.0,84.49999999999947,28.0,13431.555890668593
26.730637442427053,26.730637442427053,38.73978928293608,80.0,84.59999999999947,28.0,13429.157282047143
26.743454369048557,26.743454369048557,38.74503431609756,80.0,84.69999999999946,28.0,13427.064030894786
26.757124395683945,26.757124395683945,38.74990626833102,80.0,84.79999999999946,28.0,13424.655307887704
26.77262777780333,26.77262777780333,38.755232639159196,80.0,84.89999999999945,28.0,13422.100129473036
26.784977728891334,26.784977728891334,38.754879422808905,80.0,84.99999999999945,28.0,13419.219580167017
26.7975656630722,26.7975656630722,38.755904397007754,80.0,85.09999999999944,28.0,13416.938104722154
26.808339384841968,26.808339384841968,38.76253324452455,80.0,85.19999999999943,28.0,13414.624668285129
26.81935949661335,26.81935949661335,38.76795347703083,80.0,85.29999999999943,28.0,13412.654268389168
26.830952176190337,26.830952176190337,38.77371345252606,80.0,85.39999999999942,28.0,13410.647975999547
26.84065102454818,26.84065102454818,38.78014639001957,80.0,85.49999999999942,28.0,13408.547443854926
26.85134687276242,26.85134687276242,38.7819968502102,80.0,85.59999999999941,28.0,13406.797935072107
26.855168344874404,26.855168344874404,38.78820946848095,80.0,85.6999999999994,28.0,13404.876891509999
26.8574907787121,26.8574907787121,38.79442731251033,80.0,85.7999999999994,28.0,13404.1926415721
26.862339055608686,26.862339055608686,38.80306999022657,80.0,85.8999999999994,28.0,13403.777343175483
26.86352622701315,26.86352622701315,38.807661248592126,80.0,85.99999999999939,28.0,13402.911694524446
26.86338543126558,26.86338543126558,38.81218696476339,80.0,86.09999999999938,28.0,13402.700000166107
26.862014156335558,26.862014156335558,38.81349018260054,80.0,86.19999999999938,28.0,13402.725101022148
26.859682084777205,26.859682084777205,38.82195766760998,80.0,86.29999999999937,28.0,13402.969648673892
26.85476404594508,26.85476404594508,38.831583202230306,80.0,86.39999999999937,28.0,13403.38586919542
26.848584056906105,26.848584056906105,38.84327255969844,80.0,86.49999999999936,28.0,13404.264980367892
26.838355495422917,26.838355495422917,38.848993594663455,80.0,86.59999999999935,28.0,13405.372276885075
26.833242040055975,26.833242040055975,38.859239927011366,80.0,86.69999999999935,28.0,13407.211362405807
26.82807995615643,26.82807995615643,38.86638686385467,80.0,86.79999999999934,28.0,13408.133744584147
26.820841664259156,26.820841664259156,38.876422417014254,80.0,86.89999999999934,28.0,13409.066919882625
26.811941622547366,26.811941622547366,38.88528778579456,80.0,86.99999999999933,28.0,13410.378843575454
26.8041443438856,26.8041443438856,38.895048562109025,80.0,87.09999999999933,28.0,13411.997434670058
26.794671368856147,26.794671368856147,38.91335819312604,80.0,87.19999999999932,28.0,13413.42044301634
26.789079726488175,26.789079726488175,38.927714607378476,80.0,87.29999999999932,28.0,13415.155515325447
26.782041626464405,26.782041626464405,38.9375111417783,80.0,87.39999999999931,28.0,13416.182900611793
26.77974317214847,26.77974317214847,38.94779748678253,80.0,87.4999999999993,28.0,13417.479450166804
26.772117060486654,26.772117060486654,38.959274957876445,80.0,87.5999999999993,28.0,13417.90368901159
26.770701992881893,26.770701992881893,38.968659997059035,80.0,87.69999999999929,28.0,13419.314179088002
26.769432342408734,26.769432342408734,38.983711790030604,80.0,87.79999999999929,28.0,13419.576392875633
26.770681571774876,26.770681571774876,38.99978630636931,80.0,87.89999999999928,28.0,13419.811791120974
26.770232505436773,26.770232505436773,39.01787321098714,80.0,87.99999999999928,28.0,13419.580178053859
26.774688521511248,26.774688521511248,39.03387330055385,80.0,88.09999999999927,28.0,13419.66342333902
26.782341177433587,26.782341177433587,39.04121242361458,80.0,88.19999999999926,28.0,13418.838076392418
26.78793045491283,26.78793045491283,39.05457684878623,80.0,88.29999999999926,28.0,13417.424190096037
26.7980473006329,26.7980473006329,39.06921877995653,80.0,88.39999999999925,28.0,13416.394359154448
26.80554579812613,26.80554579812613,39.078348439896445,80.0,88.49999999999925,28.0,13414.53639251271
26.81392539987346,26.81392539987346,39.088342130853235,80.0,88.59999999999924,28.0,13413.164334468182
26.825860020518828,26.825860020518828,39.09658701300219,80.0,88.69999999999924,28.0,13411.636134776394
26.836316324496714,26.836316324496714,39.10439330700864,80.0,88.79999999999923,28.0,13409.468853271843
26.848564895270556,26.848564895270556,39.11552727577932,80.0,88.89999999999922,28.0,13407.578956035728
26.862940223033576,26.862940223033576,39.12721172052484,80.0,88.99999999999922,28.0,13405.37571468149
26.874435747759474,26.874435747759474,39.1290138528403,80.0,89.09999999999921,28.0,13402.80448199704
26.88641866161632,26.88641866161632,39.13672493910523,80.0,89.1999999999992,28.0,13400.759646750692
26.896149346890397,26.896149346890397,39.14661011494635,80.0,89.2999999999992,28.0,13398.638793747108
26.908123592056125,26.908123592056125,39.149890931896344,80.0,89.3999999999992,28.0,13396.924572973176
26.92151410384029,26.92151410384029,39.151244334974,80.0,89.49999999999919,28.0,13394.824953527315
26.933816695053466,26.933816695053466,39.149621968507766,80.0,89.59999999999918,28.0,13392.489842603905
26.943891719644924,26.943891719644924,39.150763514192164,80.0,89.69999999999918,28.0,13390.356383075103
26.951735724879974,26.951735724879974,39.15310901823734,80.0,89.79999999999917,28.0,13388.617716709432
26.95960107138886,26.95960107138886,39.15758798304033,80.0,89.89999999999917,28.0,13387.269352787253
26.966259122490648,26.966259122490648,39.15797008767872,80.0,89.99999999999916,28.0,13385.921966041758
26.969409909673477,26.969409909673477,39.15839380671059,90.0,90.09999999999916,30.0,16658.325563519276
26.975693022414628,26.975693022414628,39.15887720654618,90.0,90.19999999999915,30.0,16607.87700152582
26.9802931223536,26.9802931223536,39.15793139451877,90.0,90.29999999999914,30.0,16606.984479948966
26.98512369220235,26.98512369220235,39.15783075682445,90.0,90.39999999999914,30.0,16606.332697642676
26.989875303421805,26.989875303421805,39.16102570134887,90.0,90.49999999999913,30.0,16605.64977462619
26.98693632923145,26.98693632923145,39.15870355924015,90.0,90.59999999999913,30.0,16604.979526439558
26.988466174578846,26.988466174578846,39.159864951312755,90.0,90.69999999999912,30.0,16605.393912586787
26.992287494802362,26.992287494802362,39.1621023935435,90.0,90.79999999999912,30.0,16605.178137646224
26.993787333112383,26.993787333112383,39.158556483669926,90.0,90.89999999999911,30.0,16604.63984328438
26.9918515250051,26.9918515250051,39.15968102100087,90.0,90.9999999999991,30.0,16604.42883165124
26.991215742756413,26.991215742756413,39.16398716090751,90.0,91.0999999999991,30.0,16604.70120767961
26.988755144983692,26.988755144983692,39.17094957170101,90.0,91.1999999999991,30.0,16604.79071903013
26.988630047536603,26.988630047536603,39.174119529197554,90.0,91.29999999999909,30.0,16605.137397655286
26.986512428801635,26.986512428801635,39.1765402692787,90.0,91.39999999999908,30.0,16605.15503362142
26.985907748307344,26.985907748307344,39.17948810482883,90.0,91.49999999999908,30.0,16605.453728533364
26.989951270509888,26.989951270509888,39.184514627069184,90.0,91.59999999999907,30.0,16605.53907472979
26.991598330878286,26.991598330878286,39.18706765765198,90.0,91.69999999999906,30.0,16604.968822918534
26.991549288984796,26.991549288984796,39.19302064311599,90.0,91.79999999999906,30.0,16604.736851495836
26.98445045161999,26.98445045161999,39.1970886753657,90.0,91.89999999999905,30.0,16604.74375593997
26.98339034683955,26.98339034683955,39.202767391027436,90.0,91.99999999999905,30.0,16605.74486119954
26.979716224561443,26.979716224561443,39.21139849709466,90.0,92.09999999999904,30.0,16605.894648397232
26.98118405425008,26.98118405425008,39.21389023365194,90.0,92.19999999999904,30.0,16606.414360379284
26.97931969428359,26.97931969428359,39.2198338625226,90.0,92.29999999999903,30.0,16606.2066252943
26.97896258879316,26.97896258879316,39.23075681926966,90.0,92.39999999999903,30.0,16606.470504033925
26.970472244585643,26.970472244585643,39.23646424927029,90.0,92.49999999999902,30.0,16606.52107458678
26.97120479655049,26.97120479655049,39.25174909406633,90.0,92.59999999999901,30.0,16607.725911270878
26.969724630729903,26.969724630729903,39.26507872847387,90.0,92.69999999999901,30.0,16607.621768085417
26.96553020749132,26.96553020749132,39.27379620591667,90.0,92.799999999999,30.0,16607.83223258354
26.960363756923574,26.960363756923574,39.28461860028523,90.0,92.899999999999,30.0,16608.429429790693
26.955371130038905,26.955371130038905,39.29362861016066,90.0,92.99999999999899,30.0,16609.166635474336
26.95047219351268,26.95047219351268,39.30448939082691,90.0,93.09999999999899,30.0,16609.88073057475
26.941924317086546,26.941924317086546,39.32256501326471,90.0,93.19999999999898,30.0,16610.583043664228
26.934484798898946,26.934484798898946,39.33577638548379,90.0,93.29999999999897,30.0,16611.812313386792
26.92308616503243,26.92308616503243,39.34912948459112,90.0,93.39999999999897,30.0,16612.886172311057
26.917274766130348,26.917274766130348,39.36768640927921,90.0,93.49999999999896,30.0,16614.538711692716
26.91057828454864,26.91057828454864,39.385168810481936,90.0,93.59999999999896,30.0,16615.38458951754
26.8989768067714,26.8989768067714,39.39995070508426,90.0,93.69999999999895,30.0,16616.36211224437
26.890451634446187,26.890451634446187,39.41258844175402,90.0,93.79999999999895,30.0,16618.062793095218
26.879656274689598,26.879656274689598,39.427834459212754,90.0,93.89999999999894,30.0,16619.318299332488
26.86670126803327,26.86670126803327,39.43685951486054,90.0,93.99999999999893,30.0,16620.915182407538
26.857697967787143,26.857697967787143,39.45354424237907,90.0,94.09999999999893,30.0,16622.84193741782
26.848090493823534,26.848090493823534,39.468593465638996,90.0,94.19999999999892,30.0,16624.187667993174
26.838886124686283,26.838886124686283,39.4802684251756,90.0,94.29999999999892,30.0,16625.62977338353
26.826783759425858,26.826783759425858,39.48714478952939,90.0,94.39999999999891,30.0,16627.01725591722
26.816562365021497,26.816562365021497,39.49840404255765,90.0,94.4999999999989,30.0,16628.85036223336
26.807455097078687,26.807455097078687,39.50579557919418,90.0,94.5999999999989,30.0,16630.406339097048
26.79776594340169,26.79776594340169,39.508730872137825,90.0,94.6999999999989,30.0,16631.798721180112
26.790607392887033,26.790607392887033,39.50707824705928,90.0,94.79999999999889,30.0,16633.28628660865
26.782312349360442,26.782312349360442,39.50568278994498,90.0,94.89999999999888,30.0,16634.389454658187
26.776487578612272,26.776487578612272,39.509777678849396,90.0,94.99999999999888,30.0,16635.672148517428
26.77514923403963,26.77514923403963,39.51078589333307,90.0,95.09999999999887,30.0,16636.57567125335
26.772525706525673,26.772525706525673,39.50761477363192,90.0,95.19999999999887,30.0,16636.78360012136
26.76991300377724,26.76991300377724,39.50130734817912,90.0,95.29999999999886,30.0,16637.19155476222
26.764256935841225,26.764256935841225,39.49195486543414,90.0,95.39999999999885,30.0,16637.5982951514
26.761348623049862,26.761348623049862,39.48622482593414,90.0,95.49999999999885,30.0,16638.480424411988
26.760451599588126,26.760451599588126,39.48204850860066,90.0,95.59999999999884,30.0,16638.93486389485
26.760958278635545,26.760958278635545,39.47682906486827,90.0,95.69999999999884,30.0,16639.075145754356
26.761503670156124,26.761503670156124,39.46249071705085,90.0,95.79999999999883,30.0,16638.99590148678
26.763695586642605,26.763695586642605,39.45716922411586,90.0,95.89999999999883,30.0,16638.910622304753
26.768128768429687,26.768128768429687,39.44518993027372,90.0,95.99999999999882,30.0,16638.568093034235
26.770657365795007,26.770657365795007,39.431063003960276,90.0,96.09999999999881,30.0,16637.87633037319
26.779145794314882,26.779145794314882,39.420340966674146,90.0,96.19999999999881,30.0,16637.482366665186
26.78475457048414,26.78475457048414,39.409831161278866,90.0,96.2999999999988,30.0,16636.16304763572
26.791281275860435,26.791281275860435,39.3980687094362,90.0,96.3999999999988,30.0,16635.294009297584
26.79631443961938,26.79631443961938,39.38567823954691,90.0,96.49999999999879,30.0,16634.28545646628
26.801445010416785,26.801445010416785,39.37949574960414,90.0,96.59999999999879,30.0,16633.509687189413
26.80263236477263,26.80263236477263,39.367110104471955,90.0,96.69999999999878,30.0,16632.720687692454
26.80716216993131,26.80716216993131,39.360135813023824,90.0,96.79999999999878,30.0,16632.538348071266
26.8202847163024,26.8202847163024,39.3506799418511,90.0,96.89999999999877,30.0,16631.843599926382
26.827204355451343,26.827204355451343,39.34202822420397,90.0,96.99999999999876,30.0,16629.838870077445
26.835932164413922,26.835932164413922,39.33042816073673,90.0,97.09999999999876,30.0,16628.786488561695
26.83982398033893,26.83982398033893,39.324984500012846,90.0,97.19999999999875,30.0,16627.46376268434
26.846464817824003,26.846464817824003,39.3144939301195,90.0,97.29999999999875,30.0,16626.875618260696
26.851425557535514,26.851425557535514,39.30405285777469,90.0,97.39999999999874,30.0,16625.87441170044
26.863275032788763,26.863275032788763,39.299497394528025,90.0,97.49999999999874,30.0,16625.12846166538
26.866579315013386,26.866579315013386,39.28951381942261,90.0,97.59999999999873,30.0,16623.35341150548
26.869687358338847,26.869687358338847,39.28432960525058,90.0,97.69999999999872,30.0,16622.86012910615
26.873609396491254,26.873609396491254,39.28007509292887,90.0,97.79999999999872,30.0,16622.39681793157
26.87336696666919,26.87336696666919,39.27298437818468,90.0,97.89999999999871,30.0,16621.81309994492
26.880140340187943,26.880140340187943,39.26674689947325,90.0,97.9999999999987,30.0,16621.849150628237
26.8841551099802,26.8841551099802,39.26210976123957,90.0,98.0999999999987,30.0,16620.843409175242
26.889244941975022,26.889244941975022,39.25755987932855,90.0,98.1999999999987,30.0,16620.248743171367
26.890333932112963,26.890333932112963,39.25154723373357,90.0,98.29999999999869,30.0,16619.496405989637
26.89356981869876,26.89356981869876,39.24632110188923,90.0,98.39999999999868,30.0,16619.335667755135
26.895984376477774,26.895984376477774,39.237964681047394,90.0,98.49999999999868,30.0,16618.858513743187
26.892203452913023,26.892203452913023,39.23056125006383,90.0,98.59999999999867,30.0,16618.502930975526
26.89303351716959,26.89303351716959,39.22773431137567,90.0,98.69999999999867,30.0,16619.05990763966
26.892936150677034,26.892936150677034,39.22382791047039,90.0,98.79999999999866,30.0,16618.937546254183
26.893032574582644,26.893032574582644,39.217567076210685,90.0,98.89999999999866,30.0,16618.95189682947
26.893444821309824,26.893444821309824,39.217395430789175,90.0,98.99999999999865,30.0,16618.937685176385
26.89240749039721,26.89240749039721,39.211532989408546,90.0,99.09999999999864,30.0,16618.876932349434
26.891142493769287,26.891142493769287,39.20447450944938,90.0,99.19999999999864,30.0,16619.02982576483
26.89159143372379,26.89159143372379,39.18837828550683,90.0,99.29999999999863,30.0,16619.216373433395
26.89104911440108,26.89104911440108,39.18401362549497,90.0,99.39999999999863,30.0,16619.150156378295
26.891426787131984,26.891426787131984,39.170779697653586,90.0,99.49999999999862,30.0,16619.23014827004
26.891391590225115,26.891391590225115,39.16333099037764,90.0,99.59999999999862,30.0,16619.17443958745
26.894738636041637,26.894738636041637,39.15779925935701,90.0,99.69999999999861,30.0,16619.17963090633
26.896909470810684,26.896909470810684,39.15076051664751,90.0,99.7999999999986,30.0,16618.686337301544
26.898671126113694,26.898671126113694,39.1386256315294,90.0,99.8999999999986,30.0,16618.366800104937
26.89948749124775,26.89948749124775,39.125741991522496,90.0,99.9999999999986,30.0,16618.107726047667
