xHistory,uHistory,tHistory,rHistory,JHistory
[54.43529931 54.36957702 54.86728677],"[[40. 40. 40.]
 [40. 40. 40.]
 [40. 40. 40.]
 [40. 40. 40.]]",0.1,[[-1000. -1000. -1000.]],0.0
[54.43496017 54.37772885 54.8681513 ],"[[40. 40. 40.]
 [40. 40. 40.]
 [40. 40. 40.]
 [40. 40. 40.]]",0.2,[[-1000. -1000. -1000.]],0.0
[54.43445706 54.38517792 54.86985514],"[[40. 40. 40.]
 [40. 40. 40.]
 [40. 40. 40.]
 [40. 40. 40.]]",0.30000000000000004,[[-1000. -1000. -1000.]],0.0
[54.43383051 54.39194445 54.87224633],"[[40. 40. 40.]
 [40. 40. 40.]
 [40. 40. 40.]
 [40. 40. 40.]]",0.4,[[-1000. -1000. -1000.]],0.0
[54.43311507 54.39805361 54.87518832],"[[40. 40. 40.]
 [40. 40. 40.]
 [40. 40. 40.]
 [40. 40. 40.]]",0.5,[[-1000. -1000. -1000.]],0.0
[54.43233994 54.40353448 54.87855928],"[[40. 40. 40.]
 [40. 40. 40.]
 [40. 40. 40.]
 [40. 40. 40.]]",0.6,[[-1000. -1000. -1000.]],0.0
[54.43152957 54.40841911 54.88225122],"[[40. 40. 40.]
 [40. 40. 40.]
 [40. 40. 40.]
 [40. 40. 40.]]",0.7,[[-1000. -1000. -1000.]],0.0
[54.43070426 54.41274173 54.88616914],"[[40. 40. 40.]
 [40. 40. 40.]
 [40. 40. 40.]
 [40. 40. 40.]]",0.7999999999999999,[[-1000. -1000. -1000.]],0.0
[54.42988061 54.41653799 54.89023017],"[[40. 40. 40.]
 [40. 40. 40.]
 [40. 40. 40.]
 [40. 40. 40.]]",0.8999999999999999,[[-1000. -1000. -1000.]],0.0
[54.42907204 54.41984437 54.89436263],"[[40. 40. 40.]
 [40. 40. 40.]
 [40. 40. 40.]
 [40. 40. 40.]]",0.9999999999999999,[[-1000. -1000. -1000.]],0.0
[54.42828919 54.42269762 54.89850521],"[[40. 40. 40.]
 [40. 40. 40.]
 [40. 40. 40.]
 [40. 40. 40.]]",1.0999999999999999,[[-1000. -1000. -1000.]],0.0
[54.42754023 54.42513428 54.90260608],"[[40. 40. 40.]
 [40. 40. 40.]
 [40. 40. 40.]
 [40. 40. 40.]]",1.2,[[-1000. -1000. -1000.]],0.0
[54.42683131 54.4271903  54.90662202],"[[40. 40. 40.]
 [40. 40. 40.]
 [40. 40. 40.]
 [40. 40. 40.]]",1.3,[[-1000. -1000. -1000.]],0.0
[54.42616677 54.42890065 54.91051764],"[[40. 40. 40.]
 [40. 40. 40.]
 [40. 40. 40.]
 [40. 40. 40.]]",1.4000000000000001,[[-1000. -1000. -1000.]],0.0
[54.42554943 54.43029912 54.91426455],"[[40. 40. 40.]
 [40. 40. 40.]
 [40. 40. 40.]
 [40. 40. 40.]]",1.5000000000000002,[[-1000. -1000. -1000.]],0.0
[54.42498087 54.43141804 54.91784067],"[[40. 40. 40.]
 [40. 40. 40.]
 [40. 40. 40.]
 [40. 40. 40.]]",1.6000000000000003,[[-1000. -1000. -1000.]],0.0
[54.4244616  54.43228811 54.92122947],"[[40. 40. 40.]
 [40. 40. 40.]
 [40. 40. 40.]
 [40. 40. 40.]]",1.7000000000000004,[[-1000. -1000. -1000.]],0.0
[54.42399125 54.4329383  54.92441931],"[[40. 40. 40.]
 [40. 40. 40.]
 [40. 40. 40.]
 [40. 40. 40.]]",1.8000000000000005,[[-1000. -1000. -1000.]],0.0
[54.42356877 54.43339574 54.92740284],"[[40. 40. 40.]
 [40. 40. 40.]
 [40. 40. 40.]
 [40. 40. 40.]]",1.9000000000000006,[[-1000. -1000. -1000.]],0.0
[54.42319255 54.43368567 54.93017642],"[[40. 40. 40.]
 [40. 40. 40.]
 [40. 40. 40.]
 [40. 40. 40.]]",2.0000000000000004,[[-1000. -1000. -1000.]],0.0
[54.42286053 54.43383143 54.93273954],"[[40. 40. 40.]
 [40. 40. 40.]
 [40. 40. 40.]
 [40. 40. 40.]]",2.1000000000000005,[[-1000. -1000. -1000.]],0.0
[54.42257034 54.43385444 54.93509439],"[[40. 40. 40.]
 [40. 40. 40.]
 [40. 40. 40.]
 [40. 40. 40.]]",2.2000000000000006,[[-1000. -1000. -1000.]],0.0
[54.4223194  54.43377427 54.93724538],"[[40. 40. 40.]
 [40. 40. 40.]
 [40. 40. 40.]
 [40. 40. 40.]]",2.3000000000000007,[[-1000. -1000. -1000.]],0.0
[54.42210496 54.43360863 54.93919872],"[[40. 40. 40.]
 [40. 40. 40.]
 [40. 40. 40.]
 [40. 40. 40.]]",2.400000000000001,[[-1000. -1000. -1000.]],0.0
[54.42192421 54.43337349 54.94096208],"[[40. 40. 40.]
 [40. 40. 40.]
 [40. 40. 40.]
 [40. 40. 40.]]",2.500000000000001,[[-1000. -1000. -1000.]],0.0
[54.42177429 54.43308313 54.94254428],"[[40. 40. 40.]
 [40. 40. 40.]
 [40. 40. 40.]
 [40. 40. 40.]]",2.600000000000001,[[-1000. -1000. -1000.]],0.0
[54.42165238 54.43275024 54.94395495],"[[40. 40. 40.]
 [40. 40. 40.]
 [40. 40. 40.]
 [40. 40. 40.]]",2.700000000000001,[[-1000. -1000. -1000.]],0.0
[54.42155574 54.43238597 54.94520431],"[[40. 40. 40.]
 [40. 40. 40.]
 [40. 40. 40.]
 [40. 40. 40.]]",2.800000000000001,[[-1000. -1000. -1000.]],0.0
[54.42148169 54.4320001  54.94630297],"[[40. 40. 40.]
 [40. 40. 40.]
 [40. 40. 40.]
 [40. 40. 40.]]",2.9000000000000012,[[-1000. -1000. -1000.]],0.0
[54.42142769 54.43160109 54.94726169],"[[40. 40. 40.]
 [40. 40. 40.]
 [40. 40. 40.]
 [40. 40. 40.]]",3.0000000000000013,[[-1000. -1000. -1000.]],0.0
[54.42139132 54.43119618 54.94809125],"[[40. 40. 40.]
 [40. 40. 40.]
 [40. 40. 40.]
 [40. 40. 40.]]",3.1000000000000014,[[-1000. -1000. -1000.]],0.0
[54.42137031 54.43079153 54.9488023 ],"[[40. 40. 40.]
 [40. 40. 40.]
 [40. 40. 40.]
 [40. 40. 40.]]",3.2000000000000015,[[-1000. -1000. -1000.]],0.0
[54.42136255 54.43039228 54.94940525],"[[40. 40. 40.]
 [40. 40. 40.]
 [40. 40. 40.]
 [40. 40. 40.]]",3.3000000000000016,[[-1000. -1000. -1000.]],0.0
[54.42136608 54.43000266 54.94991018],"[[40. 40. 40.]
 [40. 40. 40.]
 [40. 40. 40.]
 [40. 40. 40.]]",3.4000000000000017,[[-1000. -1000. -1000.]],0.0
[54.4213791  54.42962609 54.95032678],"[[40. 40. 40.]
 [40. 40. 40.]
 [40. 40. 40.]
 [40. 40. 40.]]",3.5000000000000018,[[-1000. -1000. -1000.]],0.0
[54.42139997 54.42926528 54.95066426],"[[40. 40. 40.]
 [40. 40. 40.]
 [40. 40. 40.]
 [40. 40. 40.]]",3.600000000000002,[[-1000. -1000. -1000.]],0.0
[54.42142722 54.42892227 54.95093133],"[[40. 40. 40.]
 [40. 40. 40.]
 [40. 40. 40.]
 [40. 40. 40.]]",3.700000000000002,[[-1000. -1000. -1000.]],0.0
[54.42145952 54.42859856 54.95113618],"[[40. 40. 40.]
 [40. 40. 40.]
 [40. 40. 40.]
 [40. 40. 40.]]",3.800000000000002,[[-1000. -1000. -1000.]],0.0
[54.42149567 54.42829513 54.95128643],"[[40. 40. 40.]
 [40. 40. 40.]
 [40. 40. 40.]
 [40. 40. 40.]]",3.900000000000002,[[-1000. -1000. -1000.]],0.0
[54.42153463 54.42801255 54.95138917],"[[40. 40. 40.]
 [40. 40. 40.]
 [40. 40. 40.]
 [40. 40. 40.]]",4.000000000000002,[[-1000. -1000. -1000.]],0.0
[54.42157549 54.42775105 54.95145092],"[[40. 40. 40.]
 [40. 40. 40.]
 [40. 40. 40.]
 [40. 40. 40.]]",4.100000000000001,[[-1000. -1000. -1000.]],0.0
[54.42161743 54.42751052 54.95147765],"[[40. 40. 40.]
 [40. 40. 40.]
 [40. 40. 40.]
 [40. 40. 40.]]",4.200000000000001,[[-1000. -1000. -1000.]],0.0
[54.42165978 54.42729061 54.9514748 ],"[[40. 40. 40.]
 [40. 40. 40.]
 [40. 40. 40.]
 [40. 40. 40.]]",4.300000000000001,[[-1000. -1000. -1000.]],0.0
[54.42170195 54.42709076 54.9514473 ],"[[40. 40. 40.]
 [40. 40. 40.]
 [40. 40. 40.]
 [40. 40. 40.]]",4.4,[[-1000. -1000. -1000.]],0.0
[54.42174345 54.42691025 54.95139957],"[[40. 40. 40.]
 [40. 40. 40.]
 [40. 40. 40.]
 [40. 40. 40.]]",4.5,[[-1000. -1000. -1000.]],0.0
[54.42178389 54.42674823 54.95133558],"[[40. 40. 40.]
 [40. 40. 40.]
 [40. 40. 40.]
 [40. 40. 40.]]",4.6,[[-1000. -1000. -1000.]],0.0
[54.42182292 54.42660375 54.95125884],"[[40. 40. 40.]
 [40. 40. 40.]
 [40. 40. 40.]
 [40. 40. 40.]]",4.699999999999999,[[-1000. -1000. -1000.]],0.0
[54.4218603  54.42647577 54.95117246],"[[40. 40. 40.]
 [40. 40. 40.]
 [40. 40. 40.]
 [40. 40. 40.]]",4.799999999999999,[[-1000. -1000. -1000.]],0.0
[54.42189583 54.42636324 54.95107914],"[[40. 40. 40.]
 [40. 40. 40.]
 [40. 40. 40.]
 [40. 40. 40.]]",4.899999999999999,[[-1000. -1000. -1000.]],0.0
[54.42192937 54.42626506 54.95098124],"[[40. 40. 40.]
 [40. 40. 40.]
 [40. 40. 40.]
 [40. 40. 40.]]",4.999999999999998,[[-1000. -1000. -1000.]],0.0
[54.42196082 54.42618015 54.95088079],"[[40. 40. 40.]
 [40. 40. 40.]
 [40. 40. 40.]
 [40. 40. 40.]]",5.099999999999998,[[-1000. -1000. -1000.]],0.0
[54.42199013 54.42610741 54.95077952],"[[40. 40. 40.]
 [40. 40. 40.]
 [40. 40. 40.]
 [40. 40. 40.]]",5.1999999999999975,[[-1000. -1000. -1000.]],0.0
[54.42201729 54.42604578 54.95067887],"[[40. 40. 40.]
 [40. 40. 40.]
 [40. 40. 40.]
 [40. 40. 40.]]",5.299999999999997,[[-1000. -1000. -1000.]],0.0
[54.4220423  54.42599422 54.95058004],"[[40. 40. 40.]
 [40. 40. 40.]
 [40. 40. 40.]
 [40. 40. 40.]]",5.399999999999997,[[-1000. -1000. -1000.]],0.0
[54.42206519 54.42595175 54.95048403],"[[40. 40. 40.]
 [40. 40. 40.]
 [40. 40. 40.]
 [40. 40. 40.]]",5.4999999999999964,[[-1000. -1000. -1000.]],0.0
[54.42208604 54.42591741 54.9503916 ],"[[40. 40. 40.]
 [40. 40. 40.]
 [40. 40. 40.]
 [40. 40. 40.]]",5.599999999999996,[[-1000. -1000. -1000.]],0.0
[54.4221049  54.42589032 54.95030337],"[[40. 40. 40.]
 [40. 40. 40.]
 [40. 40. 40.]
 [40. 40. 40.]]",5.699999999999996,[[-1000. -1000. -1000.]],0.0
[54.42212187 54.42586963 54.95021979],"[[40. 40. 40.]
 [40. 40. 40.]
 [40. 40. 40.]
 [40. 40. 40.]]",5.799999999999995,[[-1000. -1000. -1000.]],0.0
[54.42213705 54.42585455 54.95014117],"[[40. 40. 40.]
 [40. 40. 40.]
 [40. 40. 40.]
 [40. 40. 40.]]",5.899999999999995,[[-1000. -1000. -1000.]],0.0
[54.42215053 54.42584435 54.95006773],"[[40. 40. 40.]
 [40. 40. 40.]
 [40. 40. 40.]
 [40. 40. 40.]]",5.999999999999995,[[-1000. -1000. -1000.]],0.0
[54.42216242 54.42583837 54.94999956],"[[40. 40. 40.]
 [40. 40. 40.]
 [40. 40. 40.]
 [40. 40. 40.]]",6.099999999999994,[[-1000. -1000. -1000.]],0.0
[54.42217283 54.42583599 54.94993667],"[[40. 40. 40.]
 [40. 40. 40.]
 [40. 40. 40.]
 [40. 40. 40.]]",6.199999999999994,[[-1000. -1000. -1000.]],0.0
[54.42218187 54.42583665 54.94987901],"[[40. 40. 40.]
 [40. 40. 40.]
 [40. 40. 40.]
 [40. 40. 40.]]",6.299999999999994,[[-1000. -1000. -1000.]],0.0
[54.42218966 54.42583983 54.94982646],"[[40. 40. 40.]
 [40. 40. 40.]
 [40. 40. 40.]
 [40. 40. 40.]]",6.399999999999993,[[-1000. -1000. -1000.]],0.0
[54.4221963  54.42584508 54.94977888],"[[40. 40. 40.]
 [40. 40. 40.]
 [40. 40. 40.]
 [40. 40. 40.]]",6.499999999999993,[[-1000. -1000. -1000.]],0.0
[54.42220189 54.425852   54.94973604],"[[40. 40. 40.]
 [40. 40. 40.]
 [40. 40. 40.]
 [40. 40. 40.]]",6.5999999999999925,[[-1000. -1000. -1000.]],0.0
[54.42220654 54.42586022 54.94969774],"[[40. 40. 40.]
 [40. 40. 40.]
 [40. 40. 40.]
 [40. 40. 40.]]",6.699999999999992,[[-1000. -1000. -1000.]],0.0
[54.42221034 54.42586942 54.94966372],"[[40. 40. 40.]
 [40. 40. 40.]
 [40. 40. 40.]
 [40. 40. 40.]]",6.799999999999992,[[-1000. -1000. -1000.]],0.0
[54.42221338 54.42587932 54.94963371],"[[40. 40. 40.]
 [40. 40. 40.]
 [40. 40. 40.]
 [40. 40. 40.]]",6.8999999999999915,[[-1000. -1000. -1000.]],0.0
[54.42221575 54.42588968 54.94960745],"[[40. 40. 40.]
 [40. 40. 40.]
 [40. 40. 40.]
 [40. 40. 40.]]",6.999999999999991,[[-1000. -1000. -1000.]],0.0
[54.42221754 54.42590028 54.94958465],"[[40. 40. 40.]
 [40. 40. 40.]
 [40. 40. 40.]
 [40. 40. 40.]]",7.099999999999991,[[-1000. -1000. -1000.]],0.0
[54.4222188  54.42591096 54.94956505],"[[40. 40. 40.]
 [40. 40. 40.]
 [40. 40. 40.]
 [40. 40. 40.]]",7.19999999999999,[[-1000. -1000. -1000.]],0.0
[54.42221962 54.42592156 54.94954838],"[[40. 40. 40.]
 [40. 40. 40.]
 [40. 40. 40.]
 [40. 40. 40.]]",7.29999999999999,[[-1000. -1000. -1000.]],0.0
[54.42222005 54.42593196 54.94953435],"[[40. 40. 40.]
 [40. 40. 40.]
 [40. 40. 40.]
 [40. 40. 40.]]",7.39999999999999,[[-1000. -1000. -1000.]],0.0
[54.42222016 54.42594205 54.94952274],"[[40. 40. 40.]
 [40. 40. 40.]
 [40. 40. 40.]
 [40. 40. 40.]]",7.499999999999989,[[-1000. -1000. -1000.]],0.0
[54.42222    54.42595176 54.94951328],"[[40. 40. 40.]
 [40. 40. 40.]
 [40. 40. 40.]
 [40. 40. 40.]]",7.599999999999989,[[-1000. -1000. -1000.]],0.0
[54.42221961 54.42596102 54.94950574],"[[40. 40. 40.]
 [40. 40. 40.]
 [40. 40. 40.]
 [40. 40. 40.]]",7.699999999999989,[[-1000. -1000. -1000.]],0.0
[54.42221903 54.4259698  54.94949991],"[[40. 40. 40.]
 [40. 40. 40.]
 [40. 40. 40.]
 [40. 40. 40.]]",7.799999999999988,[[-1000. -1000. -1000.]],0.0
[54.42221831 54.42597804 54.94949559],"[[40. 40. 40.]
 [40. 40. 40.]
 [40. 40. 40.]
 [40. 40. 40.]]",7.899999999999988,[[-1000. -1000. -1000.]],0.0
[54.42221748 54.42598575 54.94949257],"[[40. 40. 40.]
 [40. 40. 40.]
 [40. 40. 40.]
 [40. 40. 40.]]",7.999999999999988,[[-1000. -1000. -1000.]],0.0
[54.42221656 54.4259929  54.94949069],"[[40. 40. 40.]
 [40. 40. 40.]
 [40. 40. 40.]
 [40. 40. 40.]]",8.099999999999987,[[-1000. -1000. -1000.]],0.0
[54.42221559 54.42599949 54.94948979],"[[40. 40. 40.]
 [40. 40. 40.]
 [40. 40. 40.]
 [40. 40. 40.]]",8.199999999999987,[[-1000. -1000. -1000.]],0.0
[54.42221458 54.42600553 54.94948971],"[[40. 40. 40.]
 [40. 40. 40.]
 [40. 40. 40.]
 [40. 40. 40.]]",8.299999999999986,[[-1000. -1000. -1000.]],0.0
[54.42221355 54.42601104 54.94949031],"[[40. 40. 40.]
 [40. 40. 40.]
 [40. 40. 40.]
 [40. 40. 40.]]",8.399999999999986,[[-1000. -1000. -1000.]],0.0
[54.42221253 54.42601602 54.94949149],"[[40. 40. 40.]
 [40. 40. 40.]
 [40. 40. 40.]
 [40. 40. 40.]]",8.499999999999986,[[-1000. -1000. -1000.]],0.0
[54.42221151 54.42602051 54.94949313],"[[40. 40. 40.]
 [40. 40. 40.]
 [40. 40. 40.]
 [40. 40. 40.]]",8.599999999999985,[[-1000. -1000. -1000.]],0.0
[54.42221053 54.42602452 54.94949514],"[[40. 40. 40.]
 [40. 40. 40.]
 [40. 40. 40.]
 [40. 40. 40.]]",8.699999999999985,[[-1000. -1000. -1000.]],0.0
[54.42220957 54.42602809 54.94949742],"[[40. 40. 40.]
 [40. 40. 40.]
 [40. 40. 40.]
 [40. 40. 40.]]",8.799999999999985,[[-1000. -1000. -1000.]],0.0
[54.42220865 54.42603123 54.9494999 ],"[[40. 40. 40.]
 [40. 40. 40.]
 [40. 40. 40.]
 [40. 40. 40.]]",8.899999999999984,[[-1000. -1000. -1000.]],0.0
[54.42220778 54.42603398 54.94950253],"[[40. 40. 40.]
 [40. 40. 40.]
 [40. 40. 40.]
 [40. 40. 40.]]",8.999999999999984,[[-1000. -1000. -1000.]],0.0
[54.42220696 54.42603637 54.94950523],"[[40. 40. 40.]
 [40. 40. 40.]
 [40. 40. 40.]
 [40. 40. 40.]]",9.099999999999984,[[-1000. -1000. -1000.]],0.0
[54.42220619 54.42603842 54.94950797],"[[40. 40. 40.]
 [40. 40. 40.]
 [40. 40. 40.]
 [40. 40. 40.]]",9.199999999999983,[[-1000. -1000. -1000.]],0.0
[54.42220547 54.42604017 54.9495107 ],"[[40. 40. 40.]
 [40. 40. 40.]
 [40. 40. 40.]
 [40. 40. 40.]]",9.299999999999983,[[-1000. -1000. -1000.]],0.0
[54.42220481 54.42604163 54.94951339],"[[40. 40. 40.]
 [40. 40. 40.]
 [40. 40. 40.]
 [40. 40. 40.]]",9.399999999999983,[[-1000. -1000. -1000.]],0.0
[54.4222042  54.42604285 54.94951601],"[[40. 40. 40.]
 [40. 40. 40.]
 [40. 40. 40.]
 [40. 40. 40.]]",9.499999999999982,[[-1000. -1000. -1000.]],0.0
[54.42220364 54.42604384 54.94951854],"[[40. 40. 40.]
 [40. 40. 40.]
 [40. 40. 40.]
 [40. 40. 40.]]",9.599999999999982,[[-1000. -1000. -1000.]],0.0
[54.42220313 54.42604463 54.94952096],"[[40. 40. 40.]
 [40. 40. 40.]
 [40. 40. 40.]
 [40. 40. 40.]]",9.699999999999982,[[-1000. -1000. -1000.]],0.0
[54.42220268 54.42604524 54.94952326],"[[40. 40. 40.]
 [40. 40. 40.]
 [40. 40. 40.]
 [40. 40. 40.]]",9.799999999999981,[[-1000. -1000. -1000.]],0.0
[54.42220227 54.4260457  54.94952543],"[[40. 40. 40.]
 [40. 40. 40.]
 [40. 40. 40.]
 [40. 40. 40.]]",9.89999999999998,[[-1000. -1000. -1000.]],0.0
[54.4222019  54.42604601 54.94952745],"[[40. 40. 40.]
 [40. 40. 40.]
 [40. 40. 40.]
 [40. 40. 40.]]",9.99999999999998,[[-1000. -1000. -1000.]],0.0
[54.42220158 54.42604621 54.94952934],"[[40. 40. 40.]
 [40. 40. 40.]
 [40. 40. 40.]
 [40. 40. 40.]]",10.09999999999998,[[-1000. -1000. -1000.]],0.0
[54.42220129 54.42604631 54.94953108],"[[40. 40. 40.]
 [40. 40. 40.]
 [40. 40. 40.]
 [40. 40. 40.]]",10.19999999999998,[[-1000. -1000. -1000.]],0.0
[54.42220105 54.42604632 54.94953268],"[[40. 40. 40.]
 [40. 40. 40.]
 [40. 40. 40.]
 [40. 40. 40.]]",10.29999999999998,[[-1000. -1000. -1000.]],0.0
[54.42220083 54.42604625 54.94953415],"[[40. 40. 40.]
 [40. 40. 40.]
 [40. 40. 40.]
 [40. 40. 40.]]",10.399999999999979,[[-1000. -1000. -1000.]],0.0
[54.42220065 54.42604613 54.94953547],"[[40. 40. 40.]
 [40. 40. 40.]
 [40. 40. 40.]
 [40. 40. 40.]]",10.499999999999979,[[-1000. -1000. -1000.]],0.0
[54.42220049 54.42604596 54.94953667],"[[40. 40. 40.]
 [40. 40. 40.]
 [40. 40. 40.]
 [40. 40. 40.]]",10.599999999999978,[[-1000. -1000. -1000.]],0.0
[54.42220037 54.42604575 54.94953775],"[[40. 40. 40.]
 [40. 40. 40.]
 [40. 40. 40.]
 [40. 40. 40.]]",10.699999999999978,[[-1000. -1000. -1000.]],0.0
[54.42220026 54.42604552 54.9495387 ],"[[40. 40. 40.]
 [40. 40. 40.]
 [40. 40. 40.]
 [40. 40. 40.]]",10.799999999999978,[[-1000. -1000. -1000.]],0.0
[54.42220017 54.42604526 54.94953955],"[[40. 40. 40.]
 [40. 40. 40.]
 [40. 40. 40.]
 [40. 40. 40.]]",10.899999999999977,[[-1000. -1000. -1000.]],0.0
[54.42220011 54.42604498 54.94954029],"[[40. 40. 40.]
 [40. 40. 40.]
 [40. 40. 40.]
 [40. 40. 40.]]",10.999999999999977,[[-1000. -1000. -1000.]],0.0
[54.42220006 54.4260447  54.94954094],"[[40. 40. 40.]
 [40. 40. 40.]
 [40. 40. 40.]
 [40. 40. 40.]]",11.099999999999977,[[-1000. -1000. -1000.]],0.0
[54.42220002 54.42604441 54.94954149],"[[40. 40. 40.]
 [40. 40. 40.]
 [40. 40. 40.]
 [40. 40. 40.]]",11.199999999999976,[[-1000. -1000. -1000.]],0.0
[54.42219999 54.42604413 54.94954197],"[[40. 40. 40.]
 [40. 40. 40.]
 [40. 40. 40.]
 [40. 40. 40.]]",11.299999999999976,[[-1000. -1000. -1000.]],0.0
[54.42219998 54.42604385 54.94954237],"[[40. 40. 40.]
 [40. 40. 40.]
 [40. 40. 40.]
 [40. 40. 40.]]",11.399999999999975,[[-1000. -1000. -1000.]],0.0
[54.42219998 54.42604358 54.94954271],"[[40. 40. 40.]
 [40. 40. 40.]
 [40. 40. 40.]
 [40. 40. 40.]]",11.499999999999975,[[-1000. -1000. -1000.]],0.0
[54.42219998 54.42604331 54.94954298],"[[40. 40. 40.]
 [40. 40. 40.]
 [40. 40. 40.]
 [40. 40. 40.]]",11.599999999999975,[[-1000. -1000. -1000.]],0.0
[54.42219999 54.42604306 54.94954321],"[[40. 40. 40.]
 [40. 40. 40.]
 [40. 40. 40.]
 [40. 40. 40.]]",11.699999999999974,[[-1000. -1000. -1000.]],0.0
[54.4222     54.42604282 54.94954338],"[[40. 40. 40.]
 [40. 40. 40.]
 [40. 40. 40.]
 [40. 40. 40.]]",11.799999999999974,[[-1000. -1000. -1000.]],0.0
[54.42220002 54.42604259 54.94954351],"[[40. 40. 40.]
 [40. 40. 40.]
 [40. 40. 40.]
 [40. 40. 40.]]",11.899999999999974,[[-1000. -1000. -1000.]],0.0
[54.42220004 54.42604238 54.94954361],"[[40. 40. 40.]
 [40. 40. 40.]
 [40. 40. 40.]
 [40. 40. 40.]]",11.999999999999973,[[-1000. -1000. -1000.]],0.0
[54.42220007 54.42604218 54.94954367],"[[40. 40. 40.]
 [40. 40. 40.]
 [40. 40. 40.]
 [40. 40. 40.]]",12.099999999999973,[[-1000. -1000. -1000.]],0.0
[54.42220009 54.426042   54.9495437 ],"[[40. 40. 40.]
 [40. 40. 40.]
 [40. 40. 40.]
 [40. 40. 40.]]",12.199999999999973,[[-1000. -1000. -1000.]],0.0
[54.42220012 54.42604184 54.94954371],"[[40. 40. 40.]
 [40. 40. 40.]
 [40. 40. 40.]
 [40. 40. 40.]]",12.299999999999972,[[-1000. -1000. -1000.]],0.0
[54.42220015 54.42604168 54.9495437 ],"[[40. 40. 40.]
 [40. 40. 40.]
 [40. 40. 40.]
 [40. 40. 40.]]",12.399999999999972,[[-1000. -1000. -1000.]],0.0
[54.42220018 54.42604154 54.94954368],"[[40. 40. 40.]
 [40. 40. 40.]
 [40. 40. 40.]
 [40. 40. 40.]]",12.499999999999972,[[-1000. -1000. -1000.]],0.0
[54.4222002  54.42604142 54.94954364],"[[40. 40. 40.]
 [40. 40. 40.]
 [40. 40. 40.]
 [40. 40. 40.]]",12.599999999999971,[[-1000. -1000. -1000.]],0.0
[54.42220023 54.42604131 54.94954359],"[[40. 40. 40.]
 [40. 40. 40.]
 [40. 40. 40.]
 [40. 40. 40.]]",12.69999999999997,[[-1000. -1000. -1000.]],0.0
[54.42220026 54.42604121 54.94954353],"[[40. 40. 40.]
 [40. 40. 40.]
 [40. 40. 40.]
 [40. 40. 40.]]",12.79999999999997,[[-1000. -1000. -1000.]],0.0
[54.42220028 54.42604112 54.94954347],"[[40. 40. 40.]
 [40. 40. 40.]
 [40. 40. 40.]
 [40. 40. 40.]]",12.89999999999997,[[-1000. -1000. -1000.]],0.0
[54.42220031 54.42604104 54.9495434 ],"[[40. 40. 40.]
 [40. 40. 40.]
 [40. 40. 40.]
 [40. 40. 40.]]",12.99999999999997,[[-1000. -1000. -1000.]],0.0
[54.42220033 54.42604097 54.94954333],"[[40. 40. 40.]
 [40. 40. 40.]
 [40. 40. 40.]
 [40. 40. 40.]]",13.09999999999997,[[-1000. -1000. -1000.]],0.0
[54.42220035 54.42604092 54.94954325],"[[40. 40. 40.]
 [40. 40. 40.]
 [40. 40. 40.]
 [40. 40. 40.]]",13.199999999999969,[[-1000. -1000. -1000.]],0.0
[54.42220037 54.42604087 54.94954318],"[[40. 40. 40.]
 [40. 40. 40.]
 [40. 40. 40.]
 [40. 40. 40.]]",13.299999999999969,[[-1000. -1000. -1000.]],0.0
[54.42220039 54.42604082 54.94954311],"[[40. 40. 40.]
 [40. 40. 40.]
 [40. 40. 40.]
 [40. 40. 40.]]",13.399999999999968,[[-1000. -1000. -1000.]],0.0
[54.42220041 54.42604079 54.94954304],"[[40. 40. 40.]
 [40. 40. 40.]
 [40. 40. 40.]
 [40. 40. 40.]]",13.499999999999968,[[-1000. -1000. -1000.]],0.0
[54.42220042 54.42604076 54.94954297],"[[40. 40. 40.]
 [40. 40. 40.]
 [40. 40. 40.]
 [40. 40. 40.]]",13.599999999999968,[[-1000. -1000. -1000.]],0.0
[54.42220044 54.42604074 54.9495429 ],"[[40. 40. 40.]
 [40. 40. 40.]
 [40. 40. 40.]
 [40. 40. 40.]]",13.699999999999967,[[-1000. -1000. -1000.]],0.0
[54.42220045 54.42604072 54.94954284],"[[40. 40. 40.]
 [40. 40. 40.]
 [40. 40. 40.]
 [40. 40. 40.]]",13.799999999999967,[[-1000. -1000. -1000.]],0.0
[54.42220046 54.42604071 54.94954278],"[[40. 40. 40.]
 [40. 40. 40.]
 [40. 40. 40.]
 [40. 40. 40.]]",13.899999999999967,[[-1000. -1000. -1000.]],0.0
[54.42220047 54.4260407  54.94954273],"[[40. 40. 40.]
 [40. 40. 40.]
 [40. 40. 40.]
 [40. 40. 40.]]",13.999999999999966,[[-1000. -1000. -1000.]],0.0
[54.42220048 54.42604069 54.94954267],"[[40. 40. 40.]
 [40. 40. 40.]
 [40. 40. 40.]
 [40. 40. 40.]]",14.099999999999966,[[-1000. -1000. -1000.]],0.0
[54.42220049 54.42604069 54.94954263],"[[40. 40. 40.]
 [40. 40. 40.]
 [40. 40. 40.]
 [40. 40. 40.]]",14.199999999999966,[[-1000. -1000. -1000.]],0.0
[54.42220049 54.42604068 54.94954258],"[[40. 40. 40.]
 [40. 40. 40.]
 [40. 40. 40.]
 [40. 40. 40.]]",14.299999999999965,[[-1000. -1000. -1000.]],0.0
[54.4222005  54.42604069 54.94954254],"[[40. 40. 40.]
 [40. 40. 40.]
 [40. 40. 40.]
 [40. 40. 40.]]",14.399999999999965,[[-1000. -1000. -1000.]],0.0
[54.42220051 54.42604069 54.9495425 ],"[[40. 40. 40.]
 [40. 40. 40.]
 [40. 40. 40.]
 [40. 40. 40.]]",14.499999999999964,[[-1000. -1000. -1000.]],0.0
[54.42220051 54.42604069 54.94954247],"[[40. 40. 40.]
 [40. 40. 40.]
 [40. 40. 40.]
 [40. 40. 40.]]",14.599999999999964,[[-1000. -1000. -1000.]],0.0
[54.42220051 54.4260407  54.94954244],"[[40. 40. 40.]
 [40. 40. 40.]
 [40. 40. 40.]
 [40. 40. 40.]]",14.699999999999964,[[-1000. -1000. -1000.]],0.0
[54.42220052 54.4260407  54.94954241],"[[40. 40. 40.]
 [40. 40. 40.]
 [40. 40. 40.]
 [40. 40. 40.]]",14.799999999999963,[[-1000. -1000. -1000.]],0.0
[54.42220052 54.42604071 54.94954239],"[[40. 40. 40.]
 [40. 40. 40.]
 [40. 40. 40.]
 [40. 40. 40.]]",14.899999999999963,[[-1000. -1000. -1000.]],0.0
[54.42220052 54.42604072 54.94954237],"[[40. 40. 40.]
 [40. 40. 40.]
 [40. 40. 40.]
 [40. 40. 40.]]",14.999999999999963,[[-1000. -1000. -1000.]],0.0
[54.42220052 54.42604072 54.94954235],"[[40. 40. 40.]
 [40. 40. 40.]
 [40. 40. 40.]
 [40. 40. 40.]]",15.099999999999962,[[-1000. -1000. -1000.]],0.0
[54.42220052 54.42604073 54.94954234],"[[40. 40. 40.]
 [40. 40. 40.]
 [40. 40. 40.]
 [40. 40. 40.]]",15.199999999999962,[[-1000. -1000. -1000.]],0.0
[54.42220052 54.42604074 54.94954232],"[[40. 40. 40.]
 [40. 40. 40.]
 [40. 40. 40.]
 [40. 40. 40.]]",15.299999999999962,[[-1000. -1000. -1000.]],0.0
[54.42220052 54.42604075 54.94954231],"[[40. 40. 40.]
 [40. 40. 40.]
 [40. 40. 40.]
 [40. 40. 40.]]",15.399999999999961,[[-1000. -1000. -1000.]],0.0
[54.42220053 54.42604076 54.9495423 ],"[[40. 40. 40.]
 [40. 40. 40.]
 [40. 40. 40.]
 [40. 40. 40.]]",15.499999999999961,[[-1000. -1000. -1000.]],0.0
[54.42220053 54.42604076 54.94954229],"[[40. 40. 40.]
 [40. 40. 40.]
 [40. 40. 40.]
 [40. 40. 40.]]",15.59999999999996,[[-1000. -1000. -1000.]],0.0
[54.42220052 54.42604077 54.94954229],"[[40. 40. 40.]
 [40. 40. 40.]
 [40. 40. 40.]
 [40. 40. 40.]]",15.69999999999996,[[-1000. -1000. -1000.]],0.0
[54.42220052 54.42604078 54.94954228],"[[40. 40. 40.]
 [40. 40. 40.]
 [40. 40. 40.]
 [40. 40. 40.]]",15.79999999999996,[[-1000. -1000. -1000.]],0.0
[54.42220052 54.42604078 54.94954228],"[[40. 40. 40.]
 [40. 40. 40.]
 [40. 40. 40.]
 [40. 40. 40.]]",15.89999999999996,[[-1000. -1000. -1000.]],0.0
[54.42220052 54.42604079 54.94954228],"[[40. 40. 40.]
 [40. 40. 40.]
 [40. 40. 40.]
 [40. 40. 40.]]",15.99999999999996,[[-1000. -1000. -1000.]],0.0
[54.42220052 54.42604079 54.94954227],"[[40. 40. 40.]
 [40. 40. 40.]
 [40. 40. 40.]
 [40. 40. 40.]]",16.09999999999996,[[-1000. -1000. -1000.]],0.0
[54.42220052 54.4260408  54.94954227],"[[40. 40. 40.]
 [40. 40. 40.]
 [40. 40. 40.]
 [40. 40. 40.]]",16.19999999999996,[[-1000. -1000. -1000.]],0.0
[54.42220052 54.4260408  54.94954227],"[[40. 40. 40.]
 [40. 40. 40.]
 [40. 40. 40.]
 [40. 40. 40.]]",16.29999999999996,[[-1000. -1000. -1000.]],0.0
[54.42220052 54.42604081 54.94954227],"[[40. 40. 40.]
 [40. 40. 40.]
 [40. 40. 40.]
 [40. 40. 40.]]",16.399999999999963,[[-1000. -1000. -1000.]],0.0
[54.42220052 54.42604081 54.94954227],"[[40. 40. 40.]
 [40. 40. 40.]
 [40. 40. 40.]
 [40. 40. 40.]]",16.499999999999964,[[-1000. -1000. -1000.]],0.0
[54.42220052 54.42604081 54.94954227],"[[40. 40. 40.]
 [40. 40. 40.]
 [40. 40. 40.]
 [40. 40. 40.]]",16.599999999999966,[[-1000. -1000. -1000.]],0.0
[54.42220052 54.42604082 54.94954227],"[[40. 40. 40.]
 [40. 40. 40.]
 [40. 40. 40.]
 [40. 40. 40.]]",16.699999999999967,[[-1000. -1000. -1000.]],0.0
[54.42220052 54.42604082 54.94954228],"[[40. 40. 40.]
 [40. 40. 40.]
 [40. 40. 40.]
 [40. 40. 40.]]",16.79999999999997,[[-1000. -1000. -1000.]],0.0
[54.42220052 54.42604082 54.94954228],"[[40. 40. 40.]
 [40. 40. 40.]
 [40. 40. 40.]
 [40. 40. 40.]]",16.89999999999997,[[-1000. -1000. -1000.]],0.0
[54.42220052 54.42604082 54.94954228],"[[40. 40. 40.]
 [40. 40. 40.]
 [40. 40. 40.]
 [40. 40. 40.]]",16.99999999999997,[[-1000. -1000. -1000.]],0.0
[54.42220052 54.42604083 54.94954228],"[[40. 40. 40.]
 [40. 40. 40.]
 [40. 40. 40.]
 [40. 40. 40.]]",17.099999999999973,[[-1000. -1000. -1000.]],0.0
[54.42220052 54.42604083 54.94954228],"[[40. 40. 40.]
 [40. 40. 40.]
 [40. 40. 40.]
 [40. 40. 40.]]",17.199999999999974,[[-1000. -1000. -1000.]],0.0
[54.42220051 54.42604083 54.94954229],"[[40. 40. 40.]
 [40. 40. 40.]
 [40. 40. 40.]
 [40. 40. 40.]]",17.299999999999976,[[-1000. -1000. -1000.]],0.0
[54.42220051 54.42604083 54.94954229],"[[40. 40. 40.]
 [40. 40. 40.]
 [40. 40. 40.]
 [40. 40. 40.]]",17.399999999999977,[[-1000. -1000. -1000.]],0.0
[54.42220051 54.42604083 54.94954229],"[[40. 40. 40.]
 [40. 40. 40.]
 [40. 40. 40.]
 [40. 40. 40.]]",17.49999999999998,[[-1000. -1000. -1000.]],0.0
[54.42220051 54.42604083 54.94954229],"[[40. 40. 40.]
 [40. 40. 40.]
 [40. 40. 40.]
 [40. 40. 40.]]",17.59999999999998,[[-1000. -1000. -1000.]],0.0
[54.42220051 54.42604083 54.94954229],"[[40. 40. 40.]
 [40. 40. 40.]
 [40. 40. 40.]
 [40. 40. 40.]]",17.69999999999998,[[-1000. -1000. -1000.]],0.0
[54.42220051 54.42604083 54.94954229],"[[40. 40. 40.]
 [40. 40. 40.]
 [40. 40. 40.]
 [40. 40. 40.]]",17.799999999999983,[[-1000. -1000. -1000.]],0.0
[54.42220051 54.42604083 54.9495423 ],"[[40. 40. 40.]
 [40. 40. 40.]
 [40. 40. 40.]
 [40. 40. 40.]]",17.899999999999984,[[-1000. -1000. -1000.]],0.0
[54.42220051 54.42604083 54.9495423 ],"[[40. 40. 40.]
 [40. 40. 40.]
 [40. 40. 40.]
 [40. 40. 40.]]",17.999999999999986,[[-1000. -1000. -1000.]],0.0
[54.42220051 54.42604083 54.9495423 ],"[[40. 40. 40.]
 [40. 40. 40.]
 [40. 40. 40.]
 [40. 40. 40.]]",18.099999999999987,[[-1000. -1000. -1000.]],0.0
[54.42220051 54.42604084 54.9495423 ],"[[40. 40. 40.]
 [40. 40. 40.]
 [40. 40. 40.]
 [40. 40. 40.]]",18.19999999999999,[[-1000. -1000. -1000.]],0.0
[54.42220051 54.42604084 54.9495423 ],"[[40. 40. 40.]
 [40. 40. 40.]
 [40. 40. 40.]
 [40. 40. 40.]]",18.29999999999999,[[-1000. -1000. -1000.]],0.0
[54.42220051 54.42604084 54.9495423 ],"[[40. 40. 40.]
 [40. 40. 40.]
 [40. 40. 40.]
 [40. 40. 40.]]",18.39999999999999,[[-1000. -1000. -1000.]],0.0
[54.42220051 54.42604084 54.9495423 ],"[[40. 40. 40.]
 [40. 40. 40.]
 [40. 40. 40.]
 [40. 40. 40.]]",18.499999999999993,[[-1000. -1000. -1000.]],0.0
[54.42220051 54.42604083 54.9495423 ],"[[40. 40. 40.]
 [40. 40. 40.]
 [40. 40. 40.]
 [40. 40. 40.]]",18.599999999999994,[[-1000. -1000. -1000.]],0.0
[54.42220051 54.42604083 54.94954231],"[[40. 40. 40.]
 [40. 40. 40.]
 [40. 40. 40.]
 [40. 40. 40.]]",18.699999999999996,[[-1000. -1000. -1000.]],0.0
[54.42220051 54.42604083 54.94954231],"[[40. 40. 40.]
 [40. 40. 40.]
 [40. 40. 40.]
 [40. 40. 40.]]",18.799999999999997,[[-1000. -1000. -1000.]],0.0
[54.42220051 54.42604083 54.94954231],"[[40. 40. 40.]
 [40. 40. 40.]
 [40. 40. 40.]
 [40. 40. 40.]]",18.9,[[-1000. -1000. -1000.]],0.0
[54.42220051 54.42604083 54.94954231],"[[40. 40. 40.]
 [40. 40. 40.]
 [40. 40. 40.]
 [40. 40. 40.]]",19.0,[[-1000. -1000. -1000.]],0.0
[54.42220051 54.42604083 54.94954231],"[[40. 40. 40.]
 [40. 40. 40.]
 [40. 40. 40.]
 [40. 40. 40.]]",19.1,[[-1000. -1000. -1000.]],0.0
[54.42220051 54.42604083 54.94954231],"[[40. 40. 40.]
 [40. 40. 40.]
 [40. 40. 40.]
 [40. 40. 40.]]",19.200000000000003,[[-1000. -1000. -1000.]],0.0
[54.42220051 54.42604083 54.94954231],"[[40. 40. 40.]
 [40. 40. 40.]
 [40. 40. 40.]
 [40. 40. 40.]]",19.300000000000004,[[-1000. -1000. -1000.]],0.0
[54.42220051 54.42604083 54.94954231],"[[40. 40. 40.]
 [40. 40. 40.]
 [40. 40. 40.]
 [40. 40. 40.]]",19.400000000000006,[[-1000. -1000. -1000.]],0.0
[54.42220051 54.42604083 54.94954231],"[[40. 40. 40.]
 [40. 40. 40.]
 [40. 40. 40.]
 [40. 40. 40.]]",19.500000000000007,[[-1000. -1000. -1000.]],0.0
[54.42220051 54.42604083 54.94954231],"[[40. 40. 40.]
 [40. 40. 40.]
 [40. 40. 40.]
 [40. 40. 40.]]",19.60000000000001,[[-1000. -1000. -1000.]],0.0
[54.42220051 54.42604083 54.94954231],"[[40. 40. 40.]
 [40. 40. 40.]
 [40. 40. 40.]
 [40. 40. 40.]]",19.70000000000001,[[-1000. -1000. -1000.]],0.0
[54.42220051 54.42604083 54.94954231],"[[40. 40. 40.]
 [40. 40. 40.]
 [40. 40. 40.]
 [40. 40. 40.]]",19.80000000000001,[[-1000. -1000. -1000.]],0.0
[54.42220051 54.42604083 54.94954231],"[[40. 40. 40.]
 [40. 40. 40.]
 [40. 40. 40.]
 [40. 40. 40.]]",19.900000000000013,[[-1000. -1000. -1000.]],0.0
[54.42220051 54.42604083 54.94954231],"[[40. 40. 40.]
 [40. 40. 40.]
 [40. 40. 40.]
 [40. 40. 40.]]",20.000000000000014,[[-1000. -1000. -1000.]],0.0
[54.42220051 54.42604083 54.94954231],"[[40. 40. 40.]
 [40. 40. 40.]
 [40. 40. 40.]
 [40. 40. 40.]]",20.100000000000016,[[-1000. -1000. -1000.]],0.0
[54.42220051 54.42604083 54.94954231],"[[40. 40. 40.]
 [40. 40. 40.]
 [40. 40. 40.]
 [40. 40. 40.]]",20.200000000000017,[[-1000. -1000. -1000.]],0.0
[54.42220051 54.42604083 54.94954231],"[[40. 40. 40.]
 [40. 40. 40.]
 [40. 40. 40.]
 [40. 40. 40.]]",20.30000000000002,[[-1000. -1000. -1000.]],0.0
[54.42220051 54.42604083 54.94954231],"[[40. 40. 40.]
 [40. 40. 40.]
 [40. 40. 40.]
 [40. 40. 40.]]",20.40000000000002,[[-1000. -1000. -1000.]],0.0
[54.42220051 54.42604083 54.94954231],"[[40. 40. 40.]
 [40. 40. 40.]
 [40. 40. 40.]
 [40. 40. 40.]]",20.50000000000002,[[-1000. -1000. -1000.]],0.0
[54.42220051 54.42604083 54.94954231],"[[40. 40. 40.]
 [40. 40. 40.]
 [40. 40. 40.]
 [40. 40. 40.]]",20.600000000000023,[[-1000. -1000. -1000.]],0.0
[54.42220051 54.42604083 54.94954231],"[[40. 40. 40.]
 [40. 40. 40.]
 [40. 40. 40.]
 [40. 40. 40.]]",20.700000000000024,[[-1000. -1000. -1000.]],0.0
[54.42220051 54.42604083 54.94954231],"[[40. 40. 40.]
 [40. 40. 40.]
 [40. 40. 40.]
 [40. 40. 40.]]",20.800000000000026,[[-1000. -1000. -1000.]],0.0
[54.42220051 54.42604083 54.94954231],"[[40. 40. 40.]
 [40. 40. 40.]
 [40. 40. 40.]
 [40. 40. 40.]]",20.900000000000027,[[-1000. -1000. -1000.]],0.0
[54.42220051 54.42604083 54.94954231],"[[40. 40. 40.]
 [40. 40. 40.]
 [40. 40. 40.]
 [40. 40. 40.]]",21.00000000000003,[[-1000. -1000. -1000.]],0.0
[54.42220051 54.42604083 54.94954231],"[[40. 40. 40.]
 [40. 40. 40.]
 [40. 40. 40.]
 [40. 40. 40.]]",21.10000000000003,[[-1000. -1000. -1000.]],0.0
[54.42220051 54.42604083 54.94954231],"[[40. 40. 40.]
 [40. 40. 40.]
 [40. 40. 40.]
 [40. 40. 40.]]",21.20000000000003,[[-1000. -1000. -1000.]],0.0
[54.42220051 54.42604083 54.94954231],"[[40. 40. 40.]
 [40. 40. 40.]
 [40. 40. 40.]
 [40. 40. 40.]]",21.300000000000033,[[-1000. -1000. -1000.]],0.0
[54.42220051 54.42604083 54.94954231],"[[40. 40. 40.]
 [40. 40. 40.]
 [40. 40. 40.]
 [40. 40. 40.]]",21.400000000000034,[[-1000. -1000. -1000.]],0.0
[54.42220051 54.42604083 54.94954231],"[[40. 40. 40.]
 [40. 40. 40.]
 [40. 40. 40.]
 [40. 40. 40.]]",21.500000000000036,[[-1000. -1000. -1000.]],0.0
[54.42220051 54.42604083 54.94954231],"[[40. 40. 40.]
 [40. 40. 40.]
 [40. 40. 40.]
 [40. 40. 40.]]",21.600000000000037,[[-1000. -1000. -1000.]],0.0
[54.42220051 54.42604083 54.94954231],"[[40. 40. 40.]
 [40. 40. 40.]
 [40. 40. 40.]
 [40. 40. 40.]]",21.70000000000004,[[-1000. -1000. -1000.]],0.0
[54.42220051 54.42604083 54.94954231],"[[40. 40. 40.]
 [40. 40. 40.]
 [40. 40. 40.]
 [40. 40. 40.]]",21.80000000000004,[[-1000. -1000. -1000.]],0.0
[54.42220051 54.42604083 54.94954231],"[[40. 40. 40.]
 [40. 40. 40.]
 [40. 40. 40.]
 [40. 40. 40.]]",21.90000000000004,[[-1000. -1000. -1000.]],0.0
[54.42220051 54.42604083 54.94954231],"[[40. 40. 40.]
 [40. 40. 40.]
 [40. 40. 40.]
 [40. 40. 40.]]",22.000000000000043,[[-1000. -1000. -1000.]],0.0
[54.42220051 54.42604083 54.94954231],"[[40. 40. 40.]
 [40. 40. 40.]
 [40. 40. 40.]
 [40. 40. 40.]]",22.100000000000044,[[-1000. -1000. -1000.]],0.0
[54.42220051 54.42604083 54.94954231],"[[40. 40. 40.]
 [40. 40. 40.]
 [40. 40. 40.]
 [40. 40. 40.]]",22.200000000000045,[[-1000. -1000. -1000.]],0.0
[54.42220051 54.42604083 54.94954231],"[[40. 40. 40.]
 [40. 40. 40.]
 [40. 40. 40.]
 [40. 40. 40.]]",22.300000000000047,[[-1000. -1000. -1000.]],0.0
[54.42220051 54.42604083 54.94954231],"[[40. 40. 40.]
 [40. 40. 40.]
 [40. 40. 40.]
 [40. 40. 40.]]",22.40000000000005,[[-1000. -1000. -1000.]],0.0
[54.42220051 54.42604083 54.94954231],"[[40. 40. 40.]
 [40. 40. 40.]
 [40. 40. 40.]
 [40. 40. 40.]]",22.50000000000005,[[-1000. -1000. -1000.]],0.0
[54.42220051 54.42604083 54.94954231],"[[40. 40. 40.]
 [40. 40. 40.]
 [40. 40. 40.]
 [40. 40. 40.]]",22.60000000000005,[[-1000. -1000. -1000.]],0.0
[54.42220051 54.42604083 54.94954231],"[[40. 40. 40.]
 [40. 40. 40.]
 [40. 40. 40.]
 [40. 40. 40.]]",22.700000000000053,[[-1000. -1000. -1000.]],0.0
[54.42220051 54.42604083 54.94954231],"[[40. 40. 40.]
 [40. 40. 40.]
 [40. 40. 40.]
 [40. 40. 40.]]",22.800000000000054,[[-1000. -1000. -1000.]],0.0
[54.42220051 54.42604083 54.94954231],"[[40. 40. 40.]
 [40. 40. 40.]
 [40. 40. 40.]
 [40. 40. 40.]]",22.900000000000055,[[-1000. -1000. -1000.]],0.0
[54.42220051 54.42604083 54.94954231],"[[40. 40. 40.]
 [40. 40. 40.]
 [40. 40. 40.]
 [40. 40. 40.]]",23.000000000000057,[[-1000. -1000. -1000.]],0.0
[54.42220051 54.42604083 54.94954231],"[[40. 40. 40.]
 [40. 40. 40.]
 [40. 40. 40.]
 [40. 40. 40.]]",23.10000000000006,[[-1000. -1000. -1000.]],0.0
[54.42220051 54.42604083 54.94954231],"[[40. 40. 40.]
 [40. 40. 40.]
 [40. 40. 40.]
 [40. 40. 40.]]",23.20000000000006,[[-1000. -1000. -1000.]],0.0
[54.42220051 54.42604083 54.94954231],"[[40. 40. 40.]
 [40. 40. 40.]
 [40. 40. 40.]
 [40. 40. 40.]]",23.30000000000006,[[-1000. -1000. -1000.]],0.0
[54.42220051 54.42604083 54.94954231],"[[40. 40. 40.]
 [40. 40. 40.]
 [40. 40. 40.]
 [40. 40. 40.]]",23.400000000000063,[[-1000. -1000. -1000.]],0.0
[54.42220051 54.42604083 54.94954231],"[[40. 40. 40.]
 [40. 40. 40.]
 [40. 40. 40.]
 [40. 40. 40.]]",23.500000000000064,[[-1000. -1000. -1000.]],0.0
[54.42220051 54.42604083 54.94954231],"[[40. 40. 40.]
 [40. 40. 40.]
 [40. 40. 40.]
 [40. 40. 40.]]",23.600000000000065,[[-1000. -1000. -1000.]],0.0
[54.42220051 54.42604083 54.94954231],"[[40. 40. 40.]
 [40. 40. 40.]
 [40. 40. 40.]
 [40. 40. 40.]]",23.700000000000067,[[-1000. -1000. -1000.]],0.0
[54.42220051 54.42604083 54.94954231],"[[40. 40. 40.]
 [40. 40. 40.]
 [40. 40. 40.]
 [40. 40. 40.]]",23.800000000000068,[[-1000. -1000. -1000.]],0.0
[54.42220051 54.42604083 54.94954231],"[[40. 40. 40.]
 [40. 40. 40.]
 [40. 40. 40.]
 [40. 40. 40.]]",23.90000000000007,[[-1000. -1000. -1000.]],0.0
[54.42220051 54.42604083 54.94954231],"[[40. 40. 40.]
 [40. 40. 40.]
 [40. 40. 40.]
 [40. 40. 40.]]",24.00000000000007,[[-1000. -1000. -1000.]],0.0
[54.42220051 54.42604083 54.94954231],"[[40. 40. 40.]
 [40. 40. 40.]
 [40. 40. 40.]
 [40. 40. 40.]]",24.100000000000072,[[-1000. -1000. -1000.]],0.0
[54.42220051 54.42604083 54.94954231],"[[40. 40. 40.]
 [40. 40. 40.]
 [40. 40. 40.]
 [40. 40. 40.]]",24.200000000000074,[[-1000. -1000. -1000.]],0.0
[54.42220051 54.42604083 54.94954231],"[[40. 40. 40.]
 [40. 40. 40.]
 [40. 40. 40.]
 [40. 40. 40.]]",24.300000000000075,[[-1000. -1000. -1000.]],0.0
[54.42220051 54.42604083 54.94954231],"[[40. 40. 40.]
 [40. 40. 40.]
 [40. 40. 40.]
 [40. 40. 40.]]",24.400000000000077,[[-1000. -1000. -1000.]],0.0
[54.42220051 54.42604083 54.94954231],"[[40. 40. 40.]
 [40. 40. 40.]
 [40. 40. 40.]
 [40. 40. 40.]]",24.500000000000078,[[-1000. -1000. -1000.]],0.0
[54.42220051 54.42604083 54.94954231],"[[40. 40. 40.]
 [40. 40. 40.]
 [40. 40. 40.]
 [40. 40. 40.]]",24.60000000000008,[[-1000. -1000. -1000.]],0.0
[54.42220051 54.42604083 54.94954231],"[[40. 40. 40.]
 [40. 40. 40.]
 [40. 40. 40.]
 [40. 40. 40.]]",24.70000000000008,[[-1000. -1000. -1000.]],0.0
[54.42220051 54.42604083 54.94954231],"[[40. 40. 40.]
 [40. 40. 40.]
 [40. 40. 40.]
 [40. 40. 40.]]",24.800000000000082,[[-1000. -1000. -1000.]],0.0
[54.42220051 54.42604083 54.94954231],"[[40. 40. 40.]
 [40. 40. 40.]
 [40. 40. 40.]
 [40. 40. 40.]]",24.900000000000084,[[-1000. -1000. -1000.]],0.0
[54.42220051 54.42604083 54.94954231],"[[40. 40. 40.]
 [40. 40. 40.]
 [40. 40. 40.]
 [40. 40. 40.]]",25.000000000000085,[[-1000. -1000. -1000.]],0.0
[54.42220051 54.42604083 54.94954231],"[[40. 40. 40.]
 [40. 40. 40.]
 [40. 40. 40.]
 [40. 40. 40.]]",25.100000000000087,[[-1000. -1000. -1000.]],0.0
[54.42220051 54.42604083 54.94954231],"[[40. 40. 40.]
 [40. 40. 40.]
 [40. 40. 40.]
 [40. 40. 40.]]",25.200000000000088,[[-1000. -1000. -1000.]],0.0
[54.42220051 54.42604083 54.94954231],"[[40. 40. 40.]
 [40. 40. 40.]
 [40. 40. 40.]
 [40. 40. 40.]]",25.30000000000009,[[-1000. -1000. -1000.]],0.0
[54.42220051 54.42604083 54.94954231],"[[40. 40. 40.]
 [40. 40. 40.]
 [40. 40. 40.]
 [40. 40. 40.]]",25.40000000000009,[[-1000. -1000. -1000.]],0.0
[54.42220051 54.42604083 54.94954231],"[[40. 40. 40.]
 [40. 40. 40.]
 [40. 40. 40.]
 [40. 40. 40.]]",25.500000000000092,[[-1000. -1000. -1000.]],0.0
[54.42220051 54.42604083 54.94954231],"[[40. 40. 40.]
 [40. 40. 40.]
 [40. 40. 40.]
 [40. 40. 40.]]",25.600000000000094,[[-1000. -1000. -1000.]],0.0
[54.42220051 54.42604083 54.94954231],"[[40. 40. 40.]
 [40. 40. 40.]
 [40. 40. 40.]
 [40. 40. 40.]]",25.700000000000095,[[-1000. -1000. -1000.]],0.0
[54.42220051 54.42604083 54.94954231],"[[40. 40. 40.]
 [40. 40. 40.]
 [40. 40. 40.]
 [40. 40. 40.]]",25.800000000000097,[[-1000. -1000. -1000.]],0.0
[54.42220051 54.42604083 54.94954231],"[[40. 40. 40.]
 [40. 40. 40.]
 [40. 40. 40.]
 [40. 40. 40.]]",25.900000000000098,[[-1000. -1000. -1000.]],0.0
[54.42220051 54.42604083 54.94954231],"[[40. 40. 40.]
 [40. 40. 40.]
 [40. 40. 40.]
 [40. 40. 40.]]",26.0000000000001,[[-1000. -1000. -1000.]],0.0
[54.42220051 54.42604083 54.94954231],"[[40. 40. 40.]
 [40. 40. 40.]
 [40. 40. 40.]
 [40. 40. 40.]]",26.1000000000001,[[-1000. -1000. -1000.]],0.0
[54.42220051 54.42604083 54.94954231],"[[40. 40. 40.]
 [40. 40. 40.]
 [40. 40. 40.]
 [40. 40. 40.]]",26.200000000000102,[[-1000. -1000. -1000.]],0.0
[54.42220051 54.42604083 54.94954231],"[[40. 40. 40.]
 [40. 40. 40.]
 [40. 40. 40.]
 [40. 40. 40.]]",26.300000000000104,[[-1000. -1000. -1000.]],0.0
[54.42220051 54.42604083 54.94954231],"[[40. 40. 40.]
 [40. 40. 40.]
 [40. 40. 40.]
 [40. 40. 40.]]",26.400000000000105,[[-1000. -1000. -1000.]],0.0
[54.42220051 54.42604083 54.94954231],"[[40. 40. 40.]
 [40. 40. 40.]
 [40. 40. 40.]
 [40. 40. 40.]]",26.500000000000107,[[-1000. -1000. -1000.]],0.0
[54.42220051 54.42604083 54.94954231],"[[40. 40. 40.]
 [40. 40. 40.]
 [40. 40. 40.]
 [40. 40. 40.]]",26.600000000000108,[[-1000. -1000. -1000.]],0.0
[54.42220051 54.42604083 54.94954231],"[[40. 40. 40.]
 [40. 40. 40.]
 [40. 40. 40.]
 [40. 40. 40.]]",26.70000000000011,[[-1000. -1000. -1000.]],0.0
[54.42220051 54.42604083 54.94954231],"[[40. 40. 40.]
 [40. 40. 40.]
 [40. 40. 40.]
 [40. 40. 40.]]",26.80000000000011,[[-1000. -1000. -1000.]],0.0
[54.42220051 54.42604083 54.94954231],"[[40. 40. 40.]
 [40. 40. 40.]
 [40. 40. 40.]
 [40. 40. 40.]]",26.900000000000112,[[-1000. -1000. -1000.]],0.0
[54.42220051 54.42604083 54.94954231],"[[40. 40. 40.]
 [40. 40. 40.]
 [40. 40. 40.]
 [40. 40. 40.]]",27.000000000000114,[[-1000. -1000. -1000.]],0.0
[54.42220051 54.42604083 54.94954231],"[[40. 40. 40.]
 [40. 40. 40.]
 [40. 40. 40.]
 [40. 40. 40.]]",27.100000000000115,[[-1000. -1000. -1000.]],0.0
[54.42220051 54.42604083 54.94954231],"[[40. 40. 40.]
 [40. 40. 40.]
 [40. 40. 40.]
 [40. 40. 40.]]",27.200000000000117,[[-1000. -1000. -1000.]],0.0
[54.42220051 54.42604083 54.94954231],"[[40. 40. 40.]
 [40. 40. 40.]
 [40. 40. 40.]
 [40. 40. 40.]]",27.300000000000118,[[-1000. -1000. -1000.]],0.0
[54.42220051 54.42604083 54.94954231],"[[40. 40. 40.]
 [40. 40. 40.]
 [40. 40. 40.]
 [40. 40. 40.]]",27.40000000000012,[[-1000. -1000. -1000.]],0.0
[54.42220051 54.42604083 54.94954231],"[[40. 40. 40.]
 [40. 40. 40.]
 [40. 40. 40.]
 [40. 40. 40.]]",27.50000000000012,[[-1000. -1000. -1000.]],0.0
[54.42220051 54.42604083 54.94954231],"[[40. 40. 40.]
 [40. 40. 40.]
 [40. 40. 40.]
 [40. 40. 40.]]",27.600000000000122,[[-1000. -1000. -1000.]],0.0
[54.42220051 54.42604083 54.94954231],"[[40. 40. 40.]
 [40. 40. 40.]
 [40. 40. 40.]
 [40. 40. 40.]]",27.700000000000124,[[-1000. -1000. -1000.]],0.0
[54.42220051 54.42604083 54.94954231],"[[40. 40. 40.]
 [40. 40. 40.]
 [40. 40. 40.]
 [40. 40. 40.]]",27.800000000000125,[[-1000. -1000. -1000.]],0.0
[54.42220051 54.42604083 54.94954231],"[[40. 40. 40.]
 [40. 40. 40.]
 [40. 40. 40.]
 [40. 40. 40.]]",27.900000000000126,[[-1000. -1000. -1000.]],0.0
[54.42220051 54.42604083 54.94954231],"[[40. 40. 40.]
 [40. 40. 40.]
 [40. 40. 40.]
 [40. 40. 40.]]",28.000000000000128,[[-1000. -1000. -1000.]],0.0
[54.42220051 54.42604083 54.94954231],"[[40. 40. 40.]
 [40. 40. 40.]
 [40. 40. 40.]
 [40. 40. 40.]]",28.10000000000013,[[-1000. -1000. -1000.]],0.0
[54.42220051 54.42604083 54.94954231],"[[40. 40. 40.]
 [40. 40. 40.]
 [40. 40. 40.]
 [40. 40. 40.]]",28.20000000000013,[[-1000. -1000. -1000.]],0.0
[54.42220051 54.42604083 54.94954231],"[[40. 40. 40.]
 [40. 40. 40.]
 [40. 40. 40.]
 [40. 40. 40.]]",28.300000000000132,[[-1000. -1000. -1000.]],0.0
[54.42220051 54.42604083 54.94954231],"[[40. 40. 40.]
 [40. 40. 40.]
 [40. 40. 40.]
 [40. 40. 40.]]",28.400000000000134,[[-1000. -1000. -1000.]],0.0
[54.42220051 54.42604083 54.94954231],"[[40. 40. 40.]
 [40. 40. 40.]
 [40. 40. 40.]
 [40. 40. 40.]]",28.500000000000135,[[-1000. -1000. -1000.]],0.0
[54.42220051 54.42604083 54.94954231],"[[40. 40. 40.]
 [40. 40. 40.]
 [40. 40. 40.]
 [40. 40. 40.]]",28.600000000000136,[[-1000. -1000. -1000.]],0.0
[54.42220051 54.42604083 54.94954231],"[[40. 40. 40.]
 [40. 40. 40.]
 [40. 40. 40.]
 [40. 40. 40.]]",28.700000000000138,[[-1000. -1000. -1000.]],0.0
[54.42220051 54.42604083 54.94954231],"[[40. 40. 40.]
 [40. 40. 40.]
 [40. 40. 40.]
 [40. 40. 40.]]",28.80000000000014,[[-1000. -1000. -1000.]],0.0
[54.42220051 54.42604083 54.94954231],"[[40. 40. 40.]
 [40. 40. 40.]
 [40. 40. 40.]
 [40. 40. 40.]]",28.90000000000014,[[-1000. -1000. -1000.]],0.0
[54.42220051 54.42604083 54.94954231],"[[40. 40. 40.]
 [40. 40. 40.]
 [40. 40. 40.]
 [40. 40. 40.]]",29.000000000000142,[[-1000. -1000. -1000.]],0.0
[54.42220051 54.42604083 54.94954231],"[[40. 40. 40.]
 [40. 40. 40.]
 [40. 40. 40.]
 [40. 40. 40.]]",29.100000000000144,[[-1000. -1000. -1000.]],0.0
[54.42220051 54.42604083 54.94954231],"[[40. 40. 40.]
 [40. 40. 40.]
 [40. 40. 40.]
 [40. 40. 40.]]",29.200000000000145,[[-1000. -1000. -1000.]],0.0
[54.42220051 54.42604083 54.94954231],"[[40. 40. 40.]
 [40. 40. 40.]
 [40. 40. 40.]
 [40. 40. 40.]]",29.300000000000146,[[-1000. -1000. -1000.]],0.0
[54.42220051 54.42604083 54.94954231],"[[40. 40. 40.]
 [40. 40. 40.]
 [40. 40. 40.]
 [40. 40. 40.]]",29.400000000000148,[[-1000. -1000. -1000.]],0.0
[54.42220051 54.42604083 54.94954231],"[[40. 40. 40.]
 [40. 40. 40.]
 [40. 40. 40.]
 [40. 40. 40.]]",29.50000000000015,[[-1000. -1000. -1000.]],0.0
[54.42220051 54.42604083 54.94954231],"[[40. 40. 40.]
 [40. 40. 40.]
 [40. 40. 40.]
 [40. 40. 40.]]",29.60000000000015,[[-1000. -1000. -1000.]],0.0
[54.42220051 54.42604083 54.94954231],"[[40. 40. 40.]
 [40. 40. 40.]
 [40. 40. 40.]
 [40. 40. 40.]]",29.700000000000152,[[-1000. -1000. -1000.]],0.0
[54.42220051 54.42604083 54.94954231],"[[40. 40. 40.]
 [40. 40. 40.]
 [40. 40. 40.]
 [40. 40. 40.]]",29.800000000000153,[[-1000. -1000. -1000.]],0.0
[54.42220051 54.42604083 54.94954231],"[[40. 40. 40.]
 [40. 40. 40.]
 [40. 40. 40.]
 [40. 40. 40.]]",29.900000000000155,[[-1000. -1000. -1000.]],0.0
[54.42220051 54.42604083 54.94954231],"[[40. 40. 40.]
 [40. 40. 40.]
 [40. 40. 40.]
 [40. 40. 40.]]",30.000000000000156,[[-1000. -1000. -1000.]],0.0
[54.42220051 54.42604083 54.94954231],"[[40. 40. 40.]
 [40. 40. 40.]
 [40. 40. 40.]
 [40. 40. 40.]]",30.100000000000158,[[-1000. -1000. -1000.]],0.0
[54.42220051 54.42604083 54.94954231],"[[40. 40. 40.]
 [40. 40. 40.]
 [40. 40. 40.]
 [40. 40. 40.]]",30.20000000000016,[54.43542714 54.36070837 54.8674297 ],9600.04474301634
[54.42220051 54.42604083 54.94954231],"[[40. 40. 40.]
 [40. 40. 40.]
 [40. 40. 40.]
 [40. 40. 40.]]",30.30000000000016,[54.43539192 54.36072116 54.86728896],9600.044825143628
[54.42220051 54.42604083 54.94954231],"[[40. 40. 40.]
 [40. 40. 40.]
 [40. 40. 40.]
 [40. 40. 40.]]",30.400000000000162,[54.43536116 54.36073216 54.86716232],9600.044899553886
[54.42220051 54.42604083 54.94954231],"[[40. 40. 40.]
 [40. 40. 40.]
 [40. 40. 40.]
 [40. 40. 40.]]",30.500000000000163,[54.43533429 54.36074174 54.86704829],9600.044966922844
[54.42220051 54.42604083 54.94954231],"[[40. 40. 40.]
 [40. 40. 40.]
 [40. 40. 40.]
 [40. 40. 40.]]",30.600000000000165,[54.43531084 54.3607502  54.86694558],9600.045027868688
[54.42220051 54.42604083 54.94954231],"[[40. 40. 40.]
 [40. 40. 40.]
 [40. 40. 40.]
 [40. 40. 40.]]",30.700000000000166,[54.43529035 54.36075775 54.86685304],9600.045082957633
[54.42220051 54.42604083 54.94954231],"[[40. 40. 40.]
 [40. 40. 40.]
 [40. 40. 40.]
 [40. 40. 40.]]",30.800000000000168,[54.43527245 54.36076458 54.86676966],9600.04513270878
[54.42220051 54.42604083 54.94954231],"[[40. 40. 40.]
 [40. 40. 40.]
 [40. 40. 40.]
 [40. 40. 40.]]",30.90000000000017,[54.43525682 54.36077081 54.86669452],9600.045177598357
[54.42220051 54.42604083 54.94954231],"[[40. 40. 40.]
 [40. 40. 40.]
 [40. 40. 40.]
 [40. 40. 40.]]",31.00000000000017,[54.43524314 54.36077655 54.86662682],9600.045218063406
[54.42220051 54.42604083 54.94954231],"[[40. 40. 40.]
 [40. 40. 40.]
 [40. 40. 40.]
 [40. 40. 40.]]",31.100000000000172,[54.43523118 54.36078187 54.86656583],9600.045254505076
[54.42220051 54.42604083 54.94954231],"[[40. 40. 40.]
 [40. 40. 40.]
 [40. 40. 40.]
 [40. 40. 40.]]",31.200000000000173,[54.43522071 54.36078684 54.8665109 ],9600.045287291508
[54.42220051 54.42604083 54.94954231],"[[40. 40. 40.]
 [40. 40. 40.]
 [40. 40. 40.]
 [40. 40. 40.]]",31.300000000000175,[54.43521153 54.3607915  54.86646145],9600.045316760454
[54.42220051 54.42604083 54.94954231],"[[40. 40. 40.]
 [40. 40. 40.]
 [40. 40. 40.]
 [40. 40. 40.]]",31.400000000000176,[54.43520348 54.36079588 54.86641696],9600.045343221587
[54.42220051 54.42604083 54.94954231],"[[40. 40. 40.]
 [40. 40. 40.]
 [40. 40. 40.]
 [40. 40. 40.]]",31.500000000000178,[54.43519642 54.3608     54.86637693],9600.045366958657
[54.42220051 54.42604083 54.94954231],"[[40. 40. 40.]
 [40. 40. 40.]
 [40. 40. 40.]
 [40. 40. 40.]]",31.60000000000018,[54.4351902  54.36080388 54.86634095],9600.045388231407
[54.42220051 54.42604083 54.94954231],"[[40. 40. 40.]
 [40. 40. 40.]
 [40. 40. 40.]
 [40. 40. 40.]]",31.70000000000018,[54.43518474 54.36080754 54.86630862],9600.045407277394
[54.42220051 54.42604083 54.94954231],"[[40. 40. 40.]
 [40. 40. 40.]
 [40. 40. 40.]
 [40. 40. 40.]]",31.800000000000182,[54.43517992 54.36081097 54.8662796 ],9600.045424313616
[54.42220051 54.42604083 54.94954231],"[[40. 40. 40.]
 [40. 40. 40.]
 [40. 40. 40.]
 [40. 40. 40.]]",31.900000000000183,[54.43517566 54.3608142  54.86625355],9600.045439538062
[54.42220051 54.42604083 54.94954231],"[[40. 40. 40.]
 [40. 40. 40.]
 [40. 40. 40.]
 [40. 40. 40.]]",32.000000000000185,[54.43517191 54.36081723 54.8662302 ],9600.045453131155
[54.42220051 54.42604083 54.94954231],"[[40. 40. 40.]
 [40. 40. 40.]
 [40. 40. 40.]
 [40. 40. 40.]]",32.100000000000186,[54.43516858 54.36082006 54.86620927],9600.045465257077
[54.42220051 54.42604083 54.94954231],"[[40. 40. 40.]
 [40. 40. 40.]
 [40. 40. 40.]
 [40. 40. 40.]]",32.20000000000019,[54.43516563 54.36082271 54.86619053],9600.045476065035
[54.42220051 54.42604083 54.94954231],"[[40. 40. 40.]
 [40. 40. 40.]
 [40. 40. 40.]
 [40. 40. 40.]]",32.30000000000019,[54.43516302 54.36082517 54.86617377],9600.045485690429
[54.42220051 54.42604083 54.94954231],"[[40. 40. 40.]
 [40. 40. 40.]
 [40. 40. 40.]
 [40. 40. 40.]]",32.40000000000019,[54.4351607  54.36082746 54.86615877],9600.045494255955
[54.42220051 54.42604083 54.94954231],"[[40. 40. 40.]
 [40. 40. 40.]
 [40. 40. 40.]
 [40. 40. 40.]]",32.50000000000019,[54.43515863 54.36082958 54.86614538],9600.04550187265
[54.42220051 54.42604083 54.94954231],"[[40. 40. 40.]
 [40. 40. 40.]
 [40. 40. 40.]
 [40. 40. 40.]]",32.60000000000019,[54.43515679 54.36083154 54.86613342],9600.045508640836
[54.42220051 54.42604083 54.94954231],"[[40. 40. 40.]
 [40. 40. 40.]
 [40. 40. 40.]
 [40. 40. 40.]]",32.700000000000195,[54.43515515 54.36083335 54.86612274],9600.04551465104
[54.42220051 54.42604083 54.94954231],"[[40. 40. 40.]
 [40. 40. 40.]
 [40. 40. 40.]
 [40. 40. 40.]]",32.800000000000196,[54.43515369 54.36083501 54.86611323],9600.045519984822
[54.42220051 54.42604083 54.94954231],"[[40. 40. 40.]
 [40. 40. 40.]
 [40. 40. 40.]
 [40. 40. 40.]]",32.9000000000002,[54.43515238 54.36083653 54.86610475],9600.04552471557
[54.42220051 54.42604083 54.94954231],"[[40. 40. 40.]
 [40. 40. 40.]
 [40. 40. 40.]
 [40. 40. 40.]]",33.0000000000002,[54.43515121 54.36083792 54.86609719],9600.045528909217
[54.42220051 54.42604083 54.94954231],"[[40. 40. 40.]
 [40. 40. 40.]
 [40. 40. 40.]
 [40. 40. 40.]]",33.1000000000002,[54.43515017 54.36083919 54.86609047],9600.045532624936
[54.42220051 54.42604083 54.94954231],"[[40. 40. 40.]
 [40. 40. 40.]
 [40. 40. 40.]
 [40. 40. 40.]]",33.2000000000002,[54.43514923 54.36084035 54.86608449],9600.045535915742
[54.42220051 54.42604083 54.94954231],"[[40. 40. 40.]
 [40. 40. 40.]
 [40. 40. 40.]
 [40. 40. 40.]]",33.3000000000002,[54.43514839 54.3608414  54.86607918],9600.045538829087
[54.42220051 54.42604083 54.94954231],"[[40. 40. 40.]
 [40. 40. 40.]
 [40. 40. 40.]
 [40. 40. 40.]]",33.400000000000205,[54.48580577 54.36084235 54.86607446],9600.061053410114
[54.42220051 54.42604083 54.94954231],"[[40. 40. 40.]
 [40. 40. 40.]
 [40. 40. 40.]
 [40. 40. 40.]]",33.500000000000206,[54.52959914 54.36671831 54.86576308],9600.088290345575
[54.42220051 54.42604083 54.94954231],"[[40. 40. 40.]
 [40. 40. 40.]
 [40. 40. 40.]
 [40. 40. 40.]]",33.60000000000021,[54.56734103 54.3767609  54.86587232],9600.121979792173
[54.42220051 54.42604083 54.94954231],"[[40. 40. 40.]
 [40. 40. 40.]
 [40. 40. 40.]
 [40. 40. 40.]]",33.70000000000021,[54.59975601 54.38960046 54.86686872],9600.158755110806
[54.42220051 54.42604083 54.94954231],"[[40. 40. 40.]
 [40. 40. 40.]
 [40. 40. 40.]
 [40. 40. 40.]]",33.80000000000021,[54.62749305 54.40415688 54.86901964],9600.196431339482
[54.42220051 54.42604083 54.94954231],"[[40. 40. 40.]
 [40. 40. 40.]
 [40. 40. 40.]
 [40. 40. 40.]]",33.90000000000021,[54.8664314  54.41959206 54.87244383],9600.813307367942
[54.42220051 54.42604083 54.94954231],"[[40. 40. 40.]
 [40. 40. 40.]
 [40. 40. 40.]
 [40. 40. 40.]]",34.00000000000021,[55.07375151 54.46007934 54.87584649],9601.724433599222
[54.42220051 54.42604083 54.94954231],"[[40. 40. 40.]
 [40. 40. 40.]
 [40. 40. 40.]
 [40. 40. 40.]]",34.100000000000215,[55.59550897 54.51795851 54.88222936],9605.558530517232
[54.42220051 54.42604083 54.94954231],"[[40. 40. 40.]
 [40. 40. 40.]
 [40. 40. 40.]
 [40. 40. 40.]]",34.200000000000216,[56.05270694 54.62620592 54.89137168],9610.808004332699
[54.42220051 54.42604083 54.94954231],"[[40. 40. 40.]
 [40. 40. 40.]
 [40. 40. 40.]
 [40. 40. 40.]]",34.30000000000022,[56.45450638 54.76891583 54.90906676],9616.997874731202
[55.23459984 54.42604083 54.94954231],"[[104.  40.  40.]
 [104.  40.  40.]
 [104.  40.  40.]
 [104.  40.  40.]]",34.40000000000022,[56.94687924 54.93412212 54.9387572 ],30084.820141659224
[55.94217646 54.47045114 54.94461433],"[[104.  40.  40.]
 [104.  40.  40.]
 [104.  40.  40.]
 [104.  40.  40.]]",34.50000000000022,[57.45849101 55.12833119 54.98135475],28036.367842736683
[56.56723907 54.54840473 54.94080768],"[[104.  40.  40.]
 [104.  40.  40.]
 [104.  40.  40.]
 [104.  40.  40.]]",34.60000000000022,[57.91262003 55.34944008 55.03885243],28036.254045480146
[57.12503477 54.64975507 54.94228346],"[[104.  40.  40.]
 [104.  40.  40.]
 [104.  40.  40.]
 [104.  40.  40.]]",34.70000000000022,[58.31454909 55.58815843 55.11329653],28036.433460147076
[57.62644551 54.76592305 54.9516051 ],"[[104.  40.  40.]
 [104.  40.  40.]
 [104.  40.  40.]
 [104.  40.  40.]]",34.800000000000225,[58.66831935 55.83802065 55.20547902],28036.896621256135
[58.07958451 54.89015447 54.97008176],"[[104.  40.  40.]
 [104.  40.  40.]
 [104.  40.  40.]
 [104.  40.  40.]]",34.900000000000226,[58.97715118 56.0945789  55.31537259],28037.65711181551
[58.49075253 55.01743811 54.99810058],"[[104.  40.  40.]
 [104.  40.  40.]
 [104.  40.  40.]
 [104.  40.  40.]]",35.00000000000023,[59.24370901 56.35477811 55.44243428],28038.743853266835
[58.86501579 55.69475952 55.0354146 ],"[[104. 104.  40.]
 [104. 104.  40.]
 [104. 104.  40.]
 [104. 104.  40.]]",35.10000000000023,[59.47028039 56.61650093 55.58581051],48514.47741548583
[59.16102741 56.2851722  55.14307708],"[[104. 104.  40.]
 [104. 104.  40.]
 [104. 104.  40.]
 [104. 104.  40.]]",35.20000000000023,[59.65890647 56.878247   55.74447198],46466.09376884988
[59.38779157 56.8052468  55.3056015 ],"[[104. 104.  40.]
 [104. 104.  40.]
 [104. 104.  40.]
 [104. 104.  40.]]",35.30000000000023,[59.811483   57.13891048 55.91729985],46466.10543742123
[59.74400305 57.26731936 55.51067334],"[[119. 104.  40.]
 [119. 104.  40.]
 [119. 104.  40.]
 [119. 104.  40.]]",35.40000000000023,[59.9298417  57.39762675 56.10313877],53268.94052149929
[60.03378176 57.68104499 55.74724428],"[[119. 104.  40.]
 [119. 104.  40.]
 [119. 104.  40.]
 [119. 104.  40.]]",35.500000000000234,[60.20578478 57.65366656 56.3008275 ],53156.448304189405
[60.26457771 58.0518972  56.00751327],"[[119. 104.  40.]
 [119. 104.  40.]
 [119. 104.  40.]
 [119. 104.  40.]]",35.600000000000236,[60.43901488 57.92332949 56.50806269],53156.4029763984
[60.44323487 58.38470039 56.2849373 ],"[[119. 104.  40.]
 [119. 104.  40.]
 [119. 104.  40.]
 [119. 104.  40.]]",35.70000000000024,[60.63042736 58.20464477 56.72578626],53156.27931780957
[60.57604542 58.68354427 56.57405112],"[[119. 104.  40.]
 [119. 104.  40.]
 [119. 104.  40.]
 [119. 104.  40.]]",35.80000000000024,[60.78079248 58.49620394 56.95463051],53156.07723497622
[60.6688131  58.95178782 56.87029291],"[[119. 104. 104.]
 [119. 104. 104.]
 [119. 104. 104.]
 [119. 104. 104.]]",35.90000000000024,[60.89086981 58.79707757 57.19500928],73635.81154021958
[60.72691514 59.19211953 57.16984548],"[[119. 104. 104.]
 [119. 104. 104.]
 [119. 104. 104.]
 [119. 104. 104.]]",36.00000000000024,[60.96150249 59.10675788 57.44719103],71587.51046372518
[60.75535508 59.53567364 57.46949788],"[[119. 119. 104.]
 [119. 119. 104.]
 [119. 119. 104.]
 [119. 119. 104.]]",36.10000000000024,[60.99369477 59.42513028 57.71135847],78391.0370972312
[60.74499637 59.83984513 57.78099094],"[[119. 119. 104.]
 [119. 119. 104.]
 [119. 119. 104.]
 [119. 119. 104.]]",36.200000000000244,[60.98867344 59.75247622 57.9876592 ],78278.3700268962
[60.70291725 60.10784593 58.09909887],"[[119. 119. 104.]
 [119. 119. 104.]
 [119. 119. 104.]
 [119. 119. 104.]]",36.300000000000246,[60.94793084 60.08951139 58.27625189],78278.09020077754
[60.63572179 60.34189639 58.41937503],"[[119. 119. 104.]
 [119. 119. 104.]
 [119. 119. 104.]
 [119. 119. 104.]]",36.40000000000025,[60.87324641 60.43746623 58.57735235],78277.77586480041
[60.54954432 60.54352802 58.73797471],"[[119. 119. 104.]
 [119. 119. 104.]
 [119. 119. 104.]
 [119. 119. 104.]]",36.50000000000025,[60.76668257 60.79822126 58.89128443],78277.56191875506
[60.25962362 60.71385423 59.05152762],"[[104. 119. 104.]
 [104. 119. 104.]
 [104. 119. 104.]
 [104. 119. 104.]]",36.60000000000025,[59.61738861 61.17451785 59.21854163],71700.21763677608
[59.98032767 60.85134467 59.35820697],"[[104. 119. 104.]
 [104. 119. 104.]
 [104. 119. 104.]
 [104. 119. 104.]]",36.70000000000025,[58.55182456 61.49028801 59.56601079],71592.42212103159
[59.71664283 60.95570511 59.65487565],"[[104. 119. 104.]
 [104. 119. 104.]
 [104. 119. 104.]
 [104. 119. 104.]]",36.80000000000025,[57.60015581 61.74192136 59.92461256],71601.28511424302
[59.47242153 61.02700029 59.93861068],"[[104. 119. 119.]
 [104. 119. 119.]
 [104. 119. 119.]
 [104. 119. 119.]]",36.900000000000254,[56.77883991 61.92193861 60.28548279],78414.76640193068
[58.53910327 61.06590767 60.20673141],"[[ 47.9649236 119.        119.       ]
 [ 40.        119.        119.       ]
 [ 40.        119.        119.       ]
 [ 40.        119.        119.       ]]",37.000000000000256,[56.09168812 62.01895396 60.63960297],61809.56737539626
[57.62299801 61.04917713 60.46116823],"[[ 40. 119. 119.]
 [ 40. 119. 119.]
 [ 40. 119. 119.]
 [ 40. 119. 119.]]",37.10000000000026,[55.53265079 62.01764925 60.97745266],59887.997140628664
[56.84459766 60.97092261 60.69679041],"[[ 40. 119. 119.]
 [ 40. 119. 119.]
 [ 40. 119. 119.]
 [ 40. 119. 119.]]",37.20000000000026,[55.08931532 61.89922541 61.2886729 ],59855.13045350219
[56.19975888 60.83117421 60.90753022],"[[ 40. 119. 119.]
 [ 40. 119. 119.]
 [ 40. 119. 119.]
 [ 40. 119. 119.]]",37.30000000000026,[54.74621125 61.64297889 61.56178873],59853.75820692144
[55.67721603 60.63318397 61.08788493],"[[ 40. 119. 119.]
 [ 40. 119. 119.]
 [ 40. 119. 119.]
 [ 40. 119. 119.]]",37.40000000000026,[54.4873775  61.22980448 61.784113  ],59851.86921254231
[55.2617334  60.3837465  61.23327117],"[[ 40. 119. 119.]
 [ 40. 119. 119.]
 [ 40. 119. 119.]
 [ 40. 119. 119.]]",37.50000000000026,[54.29801907 60.64828845 61.9420356 ],59849.54096381164
[54.93673795 60.09294606 61.34036483],"[[ 40. 119. 119.]
 [ 40. 119. 119.]
 [ 40. 119. 119.]
 [ 40. 119. 119.]]",37.600000000000264,[54.1653271  59.90316378 62.02196022],59847.465671577964
[54.68616419 59.64434754 61.40736653],"[[ 40. 104. 119.]
 [ 40. 104. 119.]
 [ 40. 104. 119.]
 [ 40. 104. 119.]]",37.700000000000266,[54.07864525 59.02383953 62.01210094],53269.75494949642
[54.4992681  59.18940235 61.41968274],"[[ 40. 104. 119.]
 [ 40. 104. 119.]
 [ 40. 104. 119.]
 [ 40. 104. 119.]]",37.80000000000027,[54.02918988 58.06799677 61.90507506],53157.6268143996
[54.36200893 58.74657117 61.38105095],"[[ 40. 104. 119.]
 [ 40. 104. 119.]
 [ 40. 104. 119.]
 [ 40. 104. 119.]]",37.90000000000027,[54.00953694 57.11439216 61.70067146],53160.362459128926
[54.26295933 57.84987441 61.29703251],"[[ 40.          47.99153122 119.        ]
 [ 40.          40.         119.        ]
 [ 40.          40.         119.        ]
 [ 40.          40.         119.        ]]",38.00000000000027,[54.01310127 56.2435946  61.40757055],36678.801254471466
[54.20435142 56.97690024 61.12053683],"[[ 40.  40. 119.]
 [ 40.  40. 119.]
 [ 40.  40. 119.]
 [ 40.  40. 119.]]",38.10000000000027,[54.03381849 55.51475644 61.04275619],34757.854606703004
[54.17650384 56.22962244 60.86215408],"[[ 40.  40. 119.]
 [ 40.  40. 119.]
 [ 40.  40. 119.]
 [ 40.  40. 119.]]",38.20000000000027,[54.06613247 54.9519227  60.62837769],34725.14108666822
[54.17030328 55.61658767 60.54302659],"[[ 40.  40. 119.]
 [ 40.  40. 119.]
 [ 40.  40. 119.]
 [ 40.  40. 119.]]",38.300000000000274,[54.10520691 54.54675533 60.18735479],34724.44558220607
[54.17884851 55.13117951 60.18344058],"[[ 40.  40. 104.]
 [ 40.  40. 104.]
 [ 40.  40. 104.]
 [ 40.  40. 104.]]",38.400000000000276,[54.14715492 54.27209412 59.73967534],28146.35731931036
[54.19696573 54.75787292 59.8011889 ],"[[ 40.  40. 104.]
 [ 40.  40. 104.]
 [ 40.  40. 104.]
 [ 40.  40. 104.]]",38.50000000000028,[54.18912324 54.09587615 59.30053904],28033.394707486157
[54.22083134 55.15726123 59.41078248],"[[ 40. 119. 104.]
 [ 40. 119. 104.]
 [ 40. 119. 104.]
 [ 40. 119. 104.]]",38.60000000000028,[54.22920635 53.98953362 58.88022491],56286.55149340415
[54.23202105 55.51235898 59.09951535],"[[ 40. 119. 104.]
 [ 40. 119. 104.]
 [ 40. 119. 104.]
 [ 40. 119. 104.]]",38.70000000000028,[54.26626126 53.93091864 58.48491248],53171.663106571505
[54.23329748 55.83476542 58.85550284],"[[ 40. 119. 104.]
 [ 40. 119. 104.]
 [ 40. 119. 104.]
 [ 40. 119. 104.]]",38.80000000000028,[54.29970262 53.90412123 58.11775925],53177.740131037615
[54.22689927 56.13177618 58.66919444],"[[ 40. 119. 104.]
 [ 40. 119. 104.]
 [ 40. 119. 104.]
 [ 40. 119. 104.]]",38.90000000000028,[54.32932486 53.89817618 57.7798637 ],53184.23215693505
[54.21465572 56.40800537 58.5326882 ],"[[ 40. 119. 104.]
 [ 40. 119. 104.]
 [ 40. 119. 104.]
 [ 40. 119. 104.]]",39.000000000000284,[54.35516621 53.905682   57.47099934],53191.12827594174
[54.19806974 56.66631183 58.43928694],"[[ 40. 119. 104.]
 [ 40. 119. 104.]
 [ 40. 119. 104.]
 [ 40. 119. 104.]]",39.100000000000286,[54.37741214 53.92168541 57.19012983],53198.41407353763
[54.17837984 56.90836125 58.38319692],"[[ 40. 119.  48.]
 [ 40. 119.  40.]
 [ 40. 119.  40.]
 [ 40. 119.  40.]]",39.20000000000029,[54.39632993 53.94287679 56.93575413],36726.056436977364
[54.15660771 57.13498806 58.35931586],"[[ 40. 119.  40.]
 [ 40. 119.  40.]
 [ 40. 119.  40.]
 [ 40. 119.  40.]]",39.30000000000029,[54.41222577 53.96704031 56.70613133],34814.00017563254
[54.13359567 57.34644287 58.36307993],"[[ 40. 119.  40.]
 [ 40. 119.  40.]
 [ 40. 119.  40.]
 [ 40. 119.  40.]]",39.40000000000029,[54.42541744 53.99268769 56.49942421],34790.16949312583
[54.11003649 56.97440645 58.3903518 ],"[[40.         52.94590768 40.        ]
 [40.         40.         40.        ]
 [40.         40.         40.        ]
 [40.         40.         40.        ]]",39.50000000000029,[54.4362173  54.01881681 56.31378927],12505.55711643686
[54.09877377 56.5101219  58.3736554 ],"[[40. 40. 40.]
 [40. 40. 40.]
 [40. 40. 40.]
 [40. 40. 40.]]",39.60000000000029,[54.44492233 54.04475285 56.14743176],9716.453091912976
[54.09946125 56.08322213 58.306464  ],"[[40. 40. 40.]
 [40. 40. 40.]
 [40. 40. 40.]
 [40. 40. 40.]]",39.700000000000294,[54.45180858 54.07004346 55.99863822],9627.855777727935
[54.10919751 55.70241015 58.19736   ],"[[40. 40. 40.]
 [40. 40. 40.]
 [40. 40. 40.]
 [40. 40. 40.]]",39.800000000000296,[54.45712853 54.09438912 55.8657943 ],9623.904160816923
[54.1255528  55.37163058 58.05516005],"[[40. 40. 40.]
 [40. 40. 40.]
 [40. 40. 40.]
 [40. 40. 40.]]",39.9000000000003,[54.46111031 54.1175965  55.74739328],9620.586713125624
[54.1465093  55.09092399 57.88835813],"[[40. 40. 40.]
 [40. 40. 40.]
 [40. 40. 40.]
 [40. 40. 40.]]",40.0000000000003,[54.4639581  54.13954689 55.64203863],9617.741973638931
[54.17041283 54.85754158 57.70471403],"[[40. 40. 40.]
 [40. 40. 40.]
 [40. 40. 40.]
 [40. 40. 40.]]",40.1000000000003,[54.46585316 54.16017463 55.54844275],9615.258882464808
[54.19593035 54.66703755 57.51100333],"[[40. 40. 40.]
 [40. 40. 40.]
 [40. 40. 40.]
 [40. 40. 40.]]",40.2000000000003,[54.46695533 54.17945217 55.46542343],9613.066858762988
[54.22201003 54.51417055 57.31291236],"[[40. 40. 40.]
 [40. 40. 40.]
 [40. 40. 40.]
 [40. 40. 40.]]",40.3000000000003,[54.46740463 54.19737959 55.39189895],9611.12334848809
[54.24784276 54.39355477 57.11504355],"[[40. 40. 40.]
 [40. 40. 40.]
 [40. 40. 40.]
 [40. 40. 40.]]",40.400000000000304,[54.46732303 54.21397716 55.32688237],9609.402642930194
[54.27282522 54.30007386 56.92099366],"[[40. 40. 40.]
 [40. 40. 40.]
 [40. 40. 40.]
 [40. 40. 40.]]",40.500000000000306,[54.46681614 54.22927988 55.26947558],9607.887579306138
[54.29652532 54.22910613 56.73347161],"[[40. 40. 40.]
 [40. 40. 40.]
 [40. 40. 40.]
 [40. 40. 40.]]",40.60000000000031,[54.46597486 54.24333354 55.21886314],9606.564259322997
[54.31865073 54.17661663 56.55443141],"[[40. 40. 40.]
 [40. 40. 40.]
 [40. 40. 40.]
 [40. 40. 40.]]",40.70000000000031,[54.46487698 54.25619164 55.17430631],9605.419207787027
[54.33902098 54.13916506 56.38520381],"[[40. 40. 40.]
 [40. 40. 40.]
 [40. 40. 40.]
 [40. 40. 40.]]",40.80000000000031,[54.4635886  54.26791312 55.13513719],9604.438207471223
[54.35754343 54.11386617 56.22661741],"[[40. 40. 40.]
 [40. 40. 40.]
 [40. 40. 40.]
 [40. 40. 40.]]",40.90000000000031,[54.4621655  54.27856053 55.10075314],9603.60613242673
[54.37419291 54.0983276  56.07910469],"[[40. 40. 40.]
 [40. 40. 40.]
 [40. 40. 40.]
 [40. 40. 40.]]",41.00000000000031,[54.46065436 54.28819858 55.07061147],9602.907280910938
[54.38899491 54.09058086 55.9427919 ],"[[40. 40. 40.]
 [40. 40. 40.]
 [40. 40. 40.]
 [40. 40. 40.]]",41.100000000000314,[54.45909389 54.29689295 55.04422448],9602.325886348688
[54.40201183 54.08901406 55.81757335],"[[40. 40. 40.]
 [40. 40. 40.]
 [40. 40. 40.]
 [40. 40. 40.]]",41.200000000000315,[54.45751587 54.30470932 55.02115467],9601.846623601956
[54.41333199 54.092311   55.70317162],"[[40. 40. 40.]
 [40. 40. 40.]
 [40. 40. 40.]
 [40. 40. 40.]]",41.30000000000032,[54.45594602 54.31171264 55.00101045],9601.455022773749
[54.42306092 54.09939826 55.59918578],"[[40. 40. 40.]
 [40. 40. 40.]
 [40. 40. 40.]
 [40. 40. 40.]]",41.40000000000032,[54.45440485 54.31796638 54.98344193],9601.137761125143
[54.43131454 54.10940049 55.50512938],"[[40. 40. 40.]
 [40. 40. 40.]
 [40. 40. 40.]
 [40. 40. 40.]]",41.50000000000032,[54.45290839 54.32353212 54.96813717],9600.882835808743
[54.43821401 54.12160346 55.42046017],"[[40. 40. 40.]
 [40. 40. 40.]
 [40. 40. 40.]
 [40. 40. 40.]]",41.60000000000032,[54.45146885 54.32846903 54.95481862],9600.679635258475
[54.44388171 54.13542373 55.34460305],"[[40. 40. 40.]
 [40. 40. 40.]
 [40. 40. 40.]
 [40. 40. 40.]]",41.70000000000032,[54.45009518 54.33283361 54.94323983],9600.518932125698
[54.44843834 54.15038418 55.27696763],"[[40. 40. 40.]
 [40. 40. 40.]
 [40. 40. 40.]
 [40. 40. 40.]]",41.800000000000324,[54.44879361 54.33667941 54.93318241],9600.392820259342
[54.4520008  54.16609427 55.21696152],"[[40. 40. 40.]
 [40. 40. 40.]
 [40. 40. 40.]
 [40. 40. 40.]]",41.900000000000325,[54.44756807 54.34005685 54.92445325],9600.294615285808
[54.4546807  54.18223417 55.16400021],"[[40. 40. 40.]
 [40. 40. 40.]
 [40. 40. 40.]
 [40. 40. 40.]]",42.00000000000033,[54.44642062 54.34301316 54.91688195],9600.218734528784
[54.4565834  54.19854207 55.11751435],"[[40. 40. 40.]
 [40. 40. 40.]
 [40. 40. 40.]
 [40. 40. 40.]]",42.10000000000033,[54.44535175 54.34559228 54.91031845],9600.160568213782
[54.45780734 54.21480409 55.07695495],"[[40. 40. 40.]
 [40. 40. 40.]
 [40. 40. 40.]
 [40. 40. 40.]]",42.20000000000033,[54.44436074 54.34783487 54.90463087],9600.116350545984
[54.45844377 54.23084609 55.04179699],"[[40. 40. 40.]
 [40. 40. 40.]
 [40. 40. 40.]
 [40. 40. 40.]]",42.30000000000033,[54.44344585 54.34977838 54.89970358],9600.083036482927
[54.45857664 54.24652713 55.01154179],"[[40. 40. 40.]
 [40. 40. 40.]
 [40. 40. 40.]
 [40. 40. 40.]]",42.40000000000033,[54.4426046  54.35145711 54.89543537],9600.058187851606
[54.45828266 54.26173427 54.98571847],"[[40. 40. 40.]
 [40. 40. 40.]
 [40. 40. 40.]
 [40. 40. 40.]]",42.500000000000334,[54.44183393 54.3529023  54.89173783],9600.039870822206
[54.45763149 54.27637817 54.96388464],"[[40. 40. 40.]
 [40. 40. 40.]
 [40. 40. 40.]
 [40. 40. 40.]]",42.600000000000335,[54.44113038 54.35414231 54.88853389],9600.026565561502
[54.45668598 54.29038968 54.9456266 ],"[[40. 40. 40.]
 [40. 40. 40.]
 [40. 40. 40.]
 [40. 40. 40.]]",42.70000000000034,[54.44049018 54.35520271 54.88575652],9600.017088059869
[54.45550253 54.3037169  54.9305591 ],"[[40. 40. 40.]
 [40. 40. 40.]
 [40. 40. 40.]
 [40. 40. 40.]]",42.80000000000034,[54.43990943 54.35610649 54.88334746],9600.010523575638
[54.45413144 54.31632275 54.91832479],"[[40. 40. 40.]
 [40. 40. 40.]
 [40. 40. 40.]
 [40. 40. 40.]]",42.90000000000034,[54.43938412 54.3568742  54.88125625],9600.006170801213
[54.45261726 54.32818295 54.90859344],"[[40. 40. 40.]
 [40. 40. 40.]
 [40. 40. 40.]
 [40. 40. 40.]]",43.00000000000034,[54.43891029 54.35752416 54.87943918],9600.003495670642
[54.45099923 54.33928423 54.90106104],"[[40. 40. 40.]
 [40. 40. 40.]
 [40. 40. 40.]
 [40. 40. 40.]]",43.10000000000034,[54.438484   54.35807258 54.8778585 ],9600.002093654186
[54.44931167 54.34962284 54.89544875],"[[40. 40. 40.]
 [40. 40. 40.]
 [40. 40. 40.]
 [40. 40. 40.]]",43.200000000000344,[54.43810142 54.35853379 54.87648165],9600.001659387794
[54.44758431 54.35920316 54.89150171],"[[40. 40. 40.]
 [40. 40. 40.]
 [40. 40. 40.]
 [40. 40. 40.]]",43.300000000000345,[54.4377589  54.35892038 54.87528056],9600.001962538212
[54.44584275 54.36803659 54.88898796],"[[40. 40. 40.]
 [40. 40. 40.]
 [40. 40. 40.]
 [40. 40. 40.]]",43.40000000000035,[54.43745292 54.35924336 54.87423108],9600.002828888551
[54.44410875 54.37614038 54.88769712],"[[40. 40. 40.]
 [40. 40. 40.]
 [40. 40. 40.]
 [40. 40. 40.]]",43.50000000000035,[54.43718017 54.35951235 54.87331246],9600.004125730462
[54.44240065 54.38353676 54.88743925],"[[40. 40. 40.]
 [40. 40. 40.]
 [40. 40. 40.]
 [40. 40. 40.]]",43.60000000000035,[54.43693753 54.35973567 54.87250686],9600.00575075741
[54.44073365 54.390252   54.88804357],"[[40. 40. 40.]
 [40. 40. 40.]
 [40. 40. 40.]
 [40. 40. 40.]]",43.70000000000035,[54.4367221  54.35992052 54.87179901],9600.00762376208
[54.43912013 54.39631567 54.88935725],"[[40. 40. 40.]
 [40. 40. 40.]
 [40. 40. 40.]
 [40. 40. 40.]]",43.80000000000035,[54.43653118 54.36007311 54.87117577],9600.009680544925
[54.43756997 54.40175986 54.89124422],"[[40. 40. 40.]
 [40. 40. 40.]
 [40. 40. 40.]
 [40. 40. 40.]]",43.900000000000354,[54.43636226 54.36019874 54.87062589],9600.011868537018
[54.43609082 54.40661857 54.89358397],"[[40. 40. 40.]
 [40. 40. 40.]
 [40. 40. 40.]
 [40. 40. 40.]]",44.000000000000355,[54.43621306 54.36030194 54.87013975],9600.014143727787
[54.43468835 54.41092709 54.8962704 ],"[[40. 40. 40.]
 [40. 40. 40.]
 [40. 40. 40.]
 [40. 40. 40.]]",44.10000000000036,[54.43608148 54.36038657 54.86970906],9600.01646856503
[54.43336647 54.41472151 54.89921074],"[[40. 40. 40.]
 [40. 40. 40.]
 [40. 40. 40.]
 [40. 40. 40.]]",44.20000000000036,[54.4359656  54.36045587 54.86932674],9600.018810561847
[54.4321276  54.41803816 54.90232443],"[[40. 40. 40.]
 [40. 40. 40.]
 [40. 40. 40.]
 [40. 40. 40.]]",44.30000000000036,[54.43586368 54.36051259 54.8689867 ],9600.021141402138
[54.43097285 54.42091329 54.90554207],"[[40. 40. 40.]
 [40. 40. 40.]
 [40. 40. 40.]
 [40. 40. 40.]]",44.40000000000036,[54.43577416 54.36055901 54.86868369],9600.023436384527
[54.42990218 54.42338265 54.90880449],"[[40. 40. 40.]
 [40. 40. 40.]
 [40. 40. 40.]
 [40. 40. 40.]]",44.50000000000036,[54.43569561 54.36059706 54.86841323],9600.025674084216
[54.42891464 54.42548117 54.91206173],"[[40. 40. 40.]
 [40. 40. 40.]
 [40. 40. 40.]
 [40. 40. 40.]]",44.600000000000364,[54.43562676 54.36062832 54.86817142],9600.02783614461
[54.42800845 54.42724272 54.91527218],"[[40. 40. 40.]
 [40. 40. 40.]
 [40. 40. 40.]
 [40. 40. 40.]]",44.700000000000365,[54.43556646 54.36065409 54.86795492],9600.029907136353
[54.42718118 54.42869987 54.91840171],"[[40. 40. 40.]
 [40. 40. 40.]
 [40. 40. 40.]
 [40. 40. 40.]]",44.80000000000037,[54.43551369 54.36067547 54.86776081],9600.031874441574
[54.4264299  54.42988375 54.92142288],"[[40. 40. 40.]
 [40. 40. 40.]
 [40. 40. 40.]
 [40. 40. 40.]]",44.90000000000037,[54.43546755 54.36069331 54.86758658],9600.033728136757
[54.42575125 54.43082384 54.92431419],"[[40. 40. 40.]
 [40. 40. 40.]
 [40. 40. 40.]
 [40. 40. 40.]]",45.00000000000037,[54.43542722 54.36070834 54.86743004],9600.035460859019
