,u0,u1,u2,x_fil0,x_fil1,x_fil2
0,40.0,40.0,40.0,54.54753239031781,54.1120665878953,55.0
1,40.0,40.0,40.0,54.452467609682174,54.14192520926116,55.0
2,40.0,40.0,40.0,54.4354658024225,54.161699607263586,55.0
3,40.0,40.0,40.0,54.310542400421,54.16861719115981,55.0
4,40.0,40.0,40.0,54.2737661951589,54.161699607263586,55.0
5,40.0,40.0,40.0,54.141925209261174,54.141925209261174,55.0
6,40.0,40.0,40.0,54.1120665878953,54.1120665878953,55.0
7,40.0,40.0,40.0,53.999999999999986,53.999999999999986,55.0
8,40.0,40.0,40.0,53.999999999999986,53.999999999999986,55.0
9,40.0,40.0,40.0,53.999999999999986,53.999999999999986,55.0
10,40.0,40.0,40.0,53.999999999999986,53.999999999999986,55.0
11,40.0,40.0,40.0,53.999999999999986,53.999999999999986,55.0
12,40.0,40.0,40.0,53.999999999999986,53.999999999999986,55.0
13,40.0,40.0,40.0,53.999999999999986,53.999999999999986,55.0
14,40.0,40.0,40.0,53.999999999999986,53.999999999999986,55.0
15,40.0,40.0,40.0,53.999999999999986,53.999999999999986,55.0
16,40.0,40.0,40.0,53.999999999999986,53.999999999999986,55.0
17,40.0,40.0,40.0,53.999999999999986,53.999999999999986,55.0
18,40.0,40.0,40.0,53.999999999999986,53.999999999999986,55.0
19,40.0,40.0,40.0,54.1120665878953,53.999999999999986,55.0
20,40.0,40.0,40.0,54.25399179715647,54.1120665878953,55.0
21,40.0,40.0,40.0,54.41569140442007,54.14192520926116,55.0
22,40.0,40.0,40.0,54.472242007684585,54.161699607263586,55.0
23,40.0,40.0,40.0,54.49201640568701,54.16861719115981,55.0
24,40.0,40.0,40.0,54.58430859557991,54.2737661951589,55.0
25,40.0,40.0,40.0,54.669683201576575,54.39591700641766,55.0
26,40.0,40.0,40.0,54.669683201576575,54.52775799231539,55.0
27,40.0,40.0,40.0,54.69637518347521,54.5843085955799,55.0
28,40.0,40.0,40.0,54.7460082028435,54.7460082028435,55.0
29,40.0,40.0,40.0,55.1120665878953,54.99999999999999,55.112066587895306
30,40.0,40.0,40.0,55.28385041852236,55.14192520926119,55.14192520926119
31,40.0,40.0,40.0,55.3233992145272,55.1616996072636,55.1616996072636
32,40.0,40.0,40.0,55.337234382319636,55.16861719115981,55.16861719115981
33,44.0,40.0,40.0,55.323399214527186,55.161699607263586,55.161699607263586
34,44.0,40.0,40.0,55.28385041852236,55.141925209261174,55.141925209261174
35,44.0,40.0,40.0,55.22413317579061,55.1120665878953,55.1120665878953
36,44.0,40.0,40.0,55.0,55.0,55.0
37,44.0,40.0,40.0,55.0,55.0,55.0
38,61.0,40.0,40.0,55.112066587895306,55.0,55.0
39,61.0,40.0,40.0,55.253991797156495,55.0,55.0
40,88.0,44.0,40.0,55.6398245802107,55.0,55.0
41,88.0,44.0,40.0,56.09229218989289,55.0,55.0
42,88.0,44.0,40.0,56.57739101168369,55.0,55.0
43,99.0,44.0,40.0,57.16861719115982,55.0,55.0
44,105.0,44.0,40.0,57.85807479073881,55.0,55.0
45,105.0,44.0,40.0,58.445550025785955,55.0,55.0
46,105.0,44.0,40.0,59.0,55.0,55.0
47,105.0,99.0,40.0,59.33031679842341,55.336199763685926,55.0
48,105.0,99.0,44.0,59.52187502705289,55.76197539146948,55.0
49,105.0,99.0,44.0,59.97014137863411,56.35914080115557,55.112066587895306
50,105.0,99.0,44.0,60.122150811258756,56.89485099600091,55.253991797156495
51,105.0,105.0,44.0,60.04271543547206,57.51179080368943,55.303624816524774
52,105.0,105.0,44.0,60.03360956579485,58.08640922463038,55.44238338631872
53,105.0,105.0,61.0,60.01977439800242,58.57739101168368,55.584308595579905
54,120.0,105.0,61.0,59.89110005157192,58.8383003927364,55.83138280884016
55,120.0,105.0,88.0,59.47224200768459,59.22413317579061,56.31642536568349
56,120.0,105.0,88.0,59.128674346430486,59.33348343789065,56.669683201576575
57,120.0,105.0,88.0,59.63285073136701,59.60408299358231,57.16169960726359
58,120.0,105.0,99.0,60.20965743808893,59.75292578673973,57.86499237463504
59,120.0,105.0,105.0,60.66968320157657,59.88101582820846,58.35325783589307
60,120.0,105.0,105.0,61.26846753485816,59.86815901410227,58.88793341210469
61,120.0,120.0,105.0,61.72732468842227,59.94028275726823,59.28068377905513
62,120.0,120.0,105.0,62.04691669357302,59.98022560199758,59.465324423788374
63,120.0,120.0,105.0,62.17133351695509,60.24707421326026,59.83830039273639
64,120.0,120.0,105.0,61.425775627783544,60.42260898831631,60.1120665878953
65,40.0,120.0,105.0,60.64996506852161,60.604082993582324,60.303624816524774
66,40.0,120.0,105.0,59.78653535253459,60.77586682420937,60.47224200768459
67,40.0,120.0,105.0,58.673490410953036,60.887933412104694,60.60408299358232
68,40.0,120.0,105.0,57.72940044430831,60.74600820284351,60.72623380484109
69,40.0,120.0,120.0,56.9562499458942,60.69637518347522,60.71931622094487
70,40.0,120.0,120.0,55.89381637736719,60.669683201576575,60.808441771370525
71,40.0,120.0,120.0,55.36605838505179,60.55761661368127,60.83830039273639
72,40.0,40.0,120.0,54.999999999999986,60.21825021052811,60.768949240313155
73,40.0,40.0,120.0,54.633941614948206,59.48613344042451,60.75292578673972
74,40.0,40.0,120.0,54.442383386318724,58.71026661621514,60.71614958147763
75,40.0,40.0,120.0,54.25399179715649,57.838300392736386,60.81160841083774
76,40.0,40.0,120.0,54.197441193891976,56.86712439546855,60.923674998733055
77,40.0,40.0,120.0,54.20435877778819,55.986108567260075,61.08220796652943
78,40.0,40.0,120.0,54.2737661951589,55.33619976368591,61.31054240042099
79,40.0,40.0,120.0,54.4722420076846,55.0,61.62702403105197
80,40.0,40.0,40.0,54.633941614948185,54.88793341210469,61.558651232314986
81,40.0,40.0,40.0,54.74600820284351,54.74600820284351,61.03366583074232
82,40.0,40.0,40.0,54.72623380484109,54.58430859557991,60.16273422589732
83,40.0,40.0,40.0,54.57739101168369,54.41569140442009,59.273766195158906
84,40.0,40.0,40.0,54.4226089883163,54.25399179715649,58.06560020799424
85,40.0,40.0,40.0,54.2737661951589,54.1120665878953,57.00588296526249
86,40.0,40.0,40.0,54.141925209261174,53.999999999999986,56.06243356852701
87,40.0,40.0,40.0,54.22413317579061,53.88793341210468,55.52775799231539
88,40.0,40.0,40.0,54.14192520926116,53.8580747907388,55.141925209261174
89,40.0,40.0,40.0,54.161699607263586,53.9503669806317,54.970141378634125
90,40.0,40.0,40.0,54.16861719115981,53.97330801810135,54.8383003927364
91,40.0,40.0,40.0,54.161699607263586,54.11206658789531,54.831382808840175
92,40.0,40.0,40.0,54.141925209261174,54.280683779055124,54.8383003927364
93,40.0,40.0,40.0,54.22413317579061,54.465324423788374,54.85807479073881
94,40.0,40.0,40.0,54.25399179715647,54.61416721694577,54.88793341210469
95,40.0,40.0,40.0,54.30362481652476,54.604082993582324,55.0
96,40.0,40.0,40.0,54.33031679842341,54.58430859557991,55.0
97,40.0,40.0,40.0,54.442383386318724,54.55761661368126,55.0
98,40.0,40.0,40.0,54.55761661368126,54.5277579923154,55.0
99,40.0,40.0,40.0,54.55761661368126,54.53467557621161,55.0
100,40.0,40.0,40.0,54.55444997421404,54.57739101168367,55.0
101,40.0,40.0,40.0,54.5843085955799,54.72623380484109,55.0
102,40.0,40.0,40.0,54.71931622094486,54.85807479073881,55.0
103,40.0,40.0,40.0,54.8383003927364,54.88793341210469,55.0
104,40.0,40.0,40.0,54.7460082028435,54.88793341210469,55.0
105,40.0,40.0,40.0,54.6339416149482,54.74600820284351,55.0
106,40.0,40.0,40.0,54.58430859557991,54.58430859557991,55.0
107,40.0,40.0,40.0,54.41569140442009,54.41569140442009,55.0
108,40.0,40.0,40.0,54.25399179715649,54.25399179715649,55.0
109,40.0,40.0,40.0,54.1120665878953,54.1120665878953,55.0
110,40.0,40.0,40.0,53.999999999999986,53.999999999999986,55.0
111,40.0,40.0,40.0,53.999999999999986,53.999999999999986,55.0
112,40.0,40.0,40.0,54.1120665878953,53.999999999999986,55.0
113,40.0,40.0,40.0,54.14192520926116,53.999999999999986,55.0
114,40.0,40.0,40.0,54.161699607263586,53.999999999999986,55.0
115,40.0,40.0,40.0,54.16861719115981,53.999999999999986,55.0
116,40.0,40.0,40.0,54.161699607263586,53.999999999999986,55.0
117,40.0,40.0,40.0,54.141925209261174,53.999999999999986,55.0
118,40.0,40.0,40.0,54.1120665878953,53.999999999999986,55.0
119,40.0,40.0,40.0,53.999999999999986,53.999999999999986,55.0
120,40.0,40.0,40.0,53.999999999999986,53.999999999999986,55.0
121,40.0,40.0,40.0,54.1120665878953,53.999999999999986,55.0
122,40.0,40.0,40.0,54.25399179715647,53.999999999999986,55.0
123,40.0,40.0,40.0,54.41569140442007,54.1120665878953,55.0
124,40.0,40.0,40.0,54.472242007684585,54.14192520926116,55.0
125,40.0,40.0,40.0,54.49201640568701,54.161699607263586,55.0
126,40.0,40.0,40.0,54.4722420076846,54.16861719115981,55.0
127,40.0,40.0,40.0,54.41569140442009,54.161699607263586,55.0
128,40.0,40.0,40.0,54.25399179715649,54.141925209261174,55.0
129,40.0,40.0,40.0,54.1120665878953,54.1120665878953,55.0
130,40.0,40.0,40.0,53.999999999999986,53.999999999999986,55.0
131,40.0,40.0,40.0,53.999999999999986,53.999999999999986,55.0
132,40.0,40.0,40.0,53.999999999999986,53.999999999999986,55.0
133,40.0,40.0,40.0,53.999999999999986,53.999999999999986,55.0
134,40.0,40.0,40.0,53.999999999999986,53.999999999999986,55.0
135,40.0,40.0,40.0,53.999999999999986,53.999999999999986,55.0
136,40.0,40.0,40.0,53.999999999999986,54.1120665878953,55.0
137,40.0,40.0,40.0,53.999999999999986,54.14192520926116,54.88793341210469
138,40.0,40.0,40.0,53.999999999999986,54.161699607263586,54.858074790738826
139,40.0,40.0,40.0,53.999999999999986,54.280683779055124,54.8383003927364
140,40.0,40.0,40.0,54.1120665878953,54.30362481652476,54.831382808840175
141,40.0,40.0,40.0,54.14192520926116,54.303624816524774,54.8383003927364
142,40.0,40.0,40.0,54.161699607263586,54.280683779055124,54.85807479073881
143,40.0,40.0,40.0,54.280683779055124,54.2737661951589,54.88793341210469
144,40.0,40.0,40.0,54.30362481652476,54.28385041852235,55.0
145,40.0,40.0,40.0,54.303624816524774,54.2737661951589,55.0
146,40.0,40.0,40.0,54.280683779055124,54.16861719115981,55.0
147,40.0,40.0,40.0,54.161699607263586,54.161699607263586,55.0
148,40.0,40.0,40.0,54.141925209261174,54.141925209261174,55.0
149,40.0,40.0,40.0,54.1120665878953,54.1120665878953,55.0
150,40.0,40.0,40.0,53.999999999999986,53.999999999999986,55.0
151,40.0,40.0,40.0,54.224133175790605,54.224133175790605,55.112066587895306
152,40.0,40.0,40.0,54.28385041852235,54.28385041852235,55.14192520926119
153,40.0,40.0,40.0,54.323399214527186,54.323399214527186,55.1616996072636
154,40.0,40.0,40.0,54.337234382319636,54.337234382319636,55.16861719115981
155,40.0,40.0,40.0,54.323399214527186,54.323399214527186,55.161699607263586
156,40.0,40.0,40.0,54.28385041852235,54.28385041852235,55.141925209261174
157,40.0,40.0,40.0,54.336199763685926,54.22413317579061,55.1120665878953
158,40.0,40.0,40.0,54.14192520926116,53.999999999999986,55.0
159,40.0,40.0,40.0,54.161699607263586,53.999999999999986,55.0
160,40.0,40.0,40.0,54.16861719115981,53.999999999999986,55.0
161,40.0,40.0,40.0,54.161699607263586,53.999999999999986,55.0
162,40.0,40.0,40.0,54.141925209261174,53.999999999999986,55.0
163,40.0,40.0,40.0,54.22413317579061,53.999999999999986,55.0
164,40.0,40.0,40.0,54.25399179715647,54.1120665878953,55.112066587895306
165,40.0,40.0,40.0,54.41569140442007,54.25399179715647,55.14192520926119
166,40.0,40.0,40.0,54.5843085955799,54.41569140442007,55.1616996072636
167,40.0,40.0,40.0,54.7460082028435,54.5843085955799,55.16861719115981
168,40.0,40.0,40.0,54.88793341210469,54.633941614948185,55.161699607263586
169,40.0,40.0,40.0,54.88793341210469,54.6339416149482,55.141925209261174
170,40.0,40.0,40.0,54.74600820284351,54.58430859557991,55.1120665878953
171,40.0,40.0,40.0,54.58430859557991,54.41569140442009,55.0
172,40.0,40.0,40.0,54.5277579923154,54.3660583850518,55.0
173,40.0,40.0,40.0,54.507983594312975,54.36605838505179,55.0
174,40.0,40.0,40.0,54.52775799231539,54.41569140442007,55.0
175,40.0,40.0,40.0,54.5843085955799,54.5843085955799,55.0
176,40.0,40.0,40.0,54.7460082028435,54.7460082028435,55.0
177,40.0,40.0,40.0,54.88793341210469,54.88793341210469,55.0
178,40.0,40.0,40.0,55.0,55.0,55.0
179,40.0,40.0,40.0,55.0,55.0,55.0
180,40.0,40.0,40.0,55.0,55.0,55.0
181,44.0,40.0,40.0,55.0,55.0,55.0
182,44.0,40.0,40.0,55.0,55.0,55.0
183,44.0,40.0,40.0,55.0,55.0,55.0
184,44.0,40.0,40.0,55.0,55.0,55.0
185,44.0,40.0,40.0,55.0,55.0,55.0
186,61.0,40.0,40.0,55.336199763685926,55.0,55.0
187,61.0,40.0,40.0,55.53784221567886,55.0,55.0
188,88.0,44.0,40.0,55.9632237947379,55.0,55.0
189,88.0,44.0,40.0,56.42952657221254,55.0,55.0
190,88.0,44.0,40.0,56.90079022621087,55.0,55.0
191,99.0,44.0,40.0,57.22833443389156,55.0,55.0
192,105.0,44.0,40.0,57.79835754800706,55.0,55.0
193,105.0,44.0,40.0,58.122150811258756,55.0,55.0
194,105.0,44.0,40.0,58.66276561768035,55.0,55.0
195,105.0,99.0,40.0,59.23105075968682,55.44826635158123,55.0
196,105.0,99.0,44.0,59.6339416149482,55.90390060073065,55.112066587895306
197,105.0,99.0,44.0,59.87513286294596,56.52084040841917,55.253991797156495
198,105.0,99.0,44.0,60.08324258516314,57.06346818716074,55.303624816524774
199,105.0,105.0,44.0,60.01977439800241,57.67349041095303,55.33031679842341
200,105.0,105.0,44.0,59.95353362009894,58.22833443389157,55.44238338631872
201,105.0,105.0,61.0,59.78174978947188,58.68945759957899,55.55761661368127
202,120.0,105.0,61.0,59.89064973789995,58.726233804841094,55.66968320157657
203,120.0,105.0,88.0,60.01008422336345,58.970141378634125,56.03257494716113
204,120.0,105.0,88.0,59.75614869115443,59.14192520926118,56.39591700641766
205,120.0,105.0,88.0,59.44025136548521,59.41569140442009,57.105149003999074
206,120.0,105.0,99.0,59.15853296779637,59.5843085955799,57.845217976632625
207,120.0,105.0,105.0,59.124282832092256,59.63394161494819,58.485098821790785
208,120.0,105.0,105.0,59.499975126835565,59.63394161494819,59.08640922463039
209,120.0,120.0,105.0,59.25399179715649,59.69637518347521,59.604082993582324
210,120.0,120.0,105.0,59.251916041270434,59.78174978947188,59.88793341210468
211,120.0,120.0,105.0,59.40767641832407,59.92367499873306,60.25399179715647
212,120.0,120.0,105.0,59.26096564600017,60.1120665878953,60.41569140442007
213,40.0,120.0,105.0,58.90390060073065,60.66651656210934,60.5843085955799
214,40.0,120.0,105.0,58.03574158662836,60.94765065483644,60.63394161494819
215,40.0,120.0,105.0,57.01977439800241,61.2311070246343,60.6339416149482
216,40.0,120.0,105.0,56.44930097021495,61.232085378320555,60.69637518347522
217,40.0,120.0,120.0,55.993082416103775,61.06248983347447,60.669683201576575
218,40.0,120.0,120.0,55.64990880357415,60.84838461609985,60.78174978947188
219,40.0,120.0,120.0,55.33619976368591,60.609965958844825,60.83830039273639
220,40.0,40.0,120.0,54.88793341210469,59.80572544557525,60.9077078101071
221,40.0,40.0,120.0,54.858074790738826,59.12595802063521,60.944484015369206
222,40.0,40.0,120.0,54.8383003927364,58.24494219242675,61.019774398002404
223,40.0,40.0,120.0,54.71931622094486,57.41569140442007,60.86815901410227
224,40.0,40.0,120.0,54.69637518347521,56.59335820030964,60.80152418747429
225,40.0,40.0,120.0,54.69637518347521,55.8441833579989,60.6766007854728
226,40.0,40.0,120.0,54.71931622094486,55.22413317579061,60.80152418747429
227,40.0,40.0,120.0,54.8383003927364,55.0,60.86815901410227
228,40.0,40.0,40.0,54.85807479073881,54.88793341210469,60.683574634316486
229,40.0,40.0,40.0,54.77586682420937,54.74600820284351,60.182508623899736
230,40.0,40.0,40.0,54.74600820284351,54.58430859557991,59.660633596846836
231,40.0,40.0,40.0,54.58430859557991,54.41569140442009,58.74917484231074
232,40.0,40.0,40.0,54.41569140442009,54.25399179715649,57.89381637736718
233,40.0,40.0,40.0,54.3660583850518,54.1120665878953,56.90073396126341
234,40.0,40.0,40.0,54.25399179715647,53.999999999999986,56.105149003999074
235,40.0,40.0,40.0,54.161699607263586,53.999999999999986,55.78866737336809
236,40.0,40.0,40.0,54.16861719115981,53.999999999999986,55.30362481652478
237,40.0,40.0,40.0,54.161699607263586,53.999999999999986,55.01977439800241
238,40.0,40.0,40.0,54.141925209261174,53.999999999999986,54.957284564527924
239,40.0,40.0,40.0,54.22413317579061,54.1120665878953,54.82446522494395
240,40.0,40.0,40.0,54.14192520926116,54.14192520926116,54.818525994733974
241,40.0,40.0,40.0,54.2737661951589,54.161699607263586,54.828216169372936
242,40.0,40.0,40.0,54.310542400420985,54.16861719115981,54.77586682420937
243,40.0,40.0,40.0,54.4354658024225,54.161699607263586,55.0
244,40.0,40.0,40.0,54.56453419757749,54.141925209261174,55.0
245,40.0,40.0,40.0,54.57739101168367,54.22413317579061,55.0
246,40.0,40.0,40.0,54.4722420076846,54.14192520926116,54.88793341210469
247,40.0,40.0,40.0,54.442383386318724,54.161699607263586,54.858074790738826
248,40.0,40.0,40.0,54.303624816524774,54.16861719115981,54.8383003927364
249,40.0,40.0,40.0,54.3660583850518,54.2737661951589,54.831382808840175
250,40.0,40.0,40.0,54.36605838505179,54.28385041852235,54.8383003927364
251,40.0,40.0,40.0,54.30362481652476,54.2737661951589,54.85807479073881
252,40.0,40.0,40.0,54.442383386318724,54.280683779055124,54.99999999999999
253,40.0,40.0,40.0,54.472242007684585,54.30362481652476,55.14192520926119
254,40.0,40.0,40.0,54.465324423788374,54.303624816524774,55.1616996072636
255,40.0,40.0,40.0,54.4226089883163,54.280683779055124,55.16861719115981
256,40.0,40.0,40.0,54.2737661951589,54.161699607263586,55.161699607263586
257,40.0,40.0,40.0,54.141925209261174,54.141925209261174,55.141925209261174
258,40.0,40.0,40.0,54.22413317579061,54.1120665878953,55.1120665878953
259,40.0,40.0,40.0,54.25399179715647,54.1120665878953,55.0
260,40.0,40.0,40.0,54.30362481652476,54.14192520926116,55.0
261,40.0,40.0,40.0,54.33031679842341,54.161699607263586,55.0
262,40.0,40.0,40.0,54.442383386318724,54.16861719115981,55.0
263,40.0,40.0,40.0,54.44555002578595,54.161699607263586,55.0
264,40.0,40.0,40.0,54.5277579923154,54.141925209261174,55.0
265,40.0,40.0,40.0,54.53467557621161,54.1120665878953,55.0
266,40.0,40.0,40.0,54.46532442378836,53.999999999999986,55.0
267,40.0,40.0,40.0,54.4722420076846,53.999999999999986,55.0
268,40.0,40.0,40.0,54.55444997421404,54.1120665878953,55.0
269,40.0,40.0,40.0,54.55761661368126,54.25399179715647,55.0
270,40.0,40.0,40.0,54.669683201576575,54.41569140442007,55.0
271,40.0,40.0,40.0,54.5843085955799,54.472242007684585,55.0
272,40.0,40.0,40.0,54.49201640568701,54.49201640568701,55.0
273,40.0,40.0,40.0,54.4722420076846,54.4722420076846,55.0
274,40.0,40.0,40.0,54.41569140442009,54.41569140442009,55.0
275,40.0,40.0,40.0,54.25399179715649,54.25399179715649,55.0
276,40.0,40.0,40.0,54.1120665878953,54.1120665878953,55.0
277,40.0,40.0,40.0,53.999999999999986,53.999999999999986,55.0
278,40.0,40.0,40.0,53.999999999999986,53.999999999999986,55.0
279,40.0,40.0,40.0,53.999999999999986,53.999999999999986,55.0
280,40.0,40.0,40.0,53.999999999999986,53.999999999999986,55.0
281,40.0,40.0,40.0,54.1120665878953,53.999999999999986,55.0
282,40.0,40.0,40.0,54.14192520926116,53.999999999999986,55.0
283,40.0,40.0,40.0,54.161699607263586,53.999999999999986,55.0
284,40.0,40.0,40.0,54.16861719115981,53.999999999999986,55.0
285,40.0,40.0,40.0,54.161699607263586,53.999999999999986,55.0
286,40.0,40.0,40.0,54.141925209261174,53.999999999999986,55.0
287,40.0,40.0,40.0,54.1120665878953,53.999999999999986,55.0
288,40.0,40.0,40.0,53.999999999999986,53.999999999999986,55.0
289,40.0,40.0,40.0,53.999999999999986,53.999999999999986,55.0
290,40.0,40.0,40.0,54.1120665878953,53.999999999999986,55.0
291,40.0,40.0,40.0,54.25399179715647,54.1120665878953,55.0
292,40.0,40.0,40.0,54.30362481652476,54.14192520926116,55.0
293,40.0,40.0,40.0,54.33031679842341,54.161699607263586,55.0
294,40.0,40.0,40.0,54.33031679842341,54.16861719115981,55.0
295,40.0,40.0,40.0,54.303624816524774,54.161699607263586,55.0
296,40.0,40.0,40.0,54.25399179715649,54.141925209261174,55.0
297,40.0,40.0,40.0,54.1120665878953,54.1120665878953,55.0
298,40.0,40.0,40.0,53.999999999999986,53.999999999999986,54.88793341210469
299,40.0,40.0,40.0,53.999999999999986,53.999999999999986,54.858074790738826
300,40.0,40.0,40.0,53.999999999999986,53.999999999999986,54.8383003927364
301,40.0,40.0,40.0,53.999999999999986,53.999999999999986,54.831382808840175
302,40.0,40.0,40.0,53.999999999999986,53.999999999999986,54.8383003927364
303,40.0,40.0,40.0,53.999999999999986,53.999999999999986,54.85807479073881
304,40.0,40.0,40.0,53.999999999999986,53.999999999999986,54.88793341210469
305,40.0,40.0,40.0,53.999999999999986,53.999999999999986,55.0
306,40.0,40.0,40.0,53.999999999999986,53.999999999999986,55.0
307,40.0,40.0,40.0,53.999999999999986,53.999999999999986,55.0
308,40.0,40.0,40.0,53.999999999999986,53.999999999999986,55.0
309,40.0,40.0,40.0,53.999999999999986,53.999999999999986,55.0
310,40.0,40.0,40.0,53.999999999999986,53.999999999999986,55.0
311,40.0,40.0,40.0,53.999999999999986,53.999999999999986,55.0
312,40.0,40.0,40.0,53.999999999999986,53.999999999999986,55.0
313,40.0,40.0,40.0,53.999999999999986,53.999999999999986,55.0
314,40.0,40.0,40.0,53.999999999999986,53.999999999999986,55.0
315,40.0,40.0,40.0,53.999999999999986,54.1120665878953,55.0
316,40.0,40.0,40.0,53.999999999999986,54.14192520926116,55.0
317,40.0,40.0,40.0,54.1120665878953,54.161699607263586,55.0
318,40.0,40.0,40.0,54.25399179715647,54.16861719115981,55.0
319,40.0,40.0,40.0,54.30362481652476,54.161699607263586,55.0
320,40.0,40.0,40.0,54.55444997421403,54.25399179715649,55.0
321,40.0,40.0,40.0,54.61416721694577,54.36605838505179,55.0
322,40.0,40.0,40.0,54.85115720684258,54.52775799231538,55.0
323,40.0,40.0,40.0,54.9871431858938,54.72623380484109,55.0
324,40.0,40.0,40.0,55.012856814106186,54.9077078101071,55.0
325,40.0,40.0,40.0,55.036776205262086,55.05655060326451,55.0
326,40.0,40.0,40.0,55.131840985897725,55.161699607263586,55.0
327,40.0,40.0,40.0,55.02985862136586,55.141925209261174,55.0
328,40.0,40.0,40.0,55.1120665878953,55.1120665878953,55.0
329,44.0,40.0,40.0,55.0,55.0,55.0
330,44.0,40.0,40.0,55.0,55.0,55.0
331,44.0,40.0,40.0,55.0,55.0,55.0
332,44.0,40.0,40.0,55.0,55.0,55.0
333,44.0,40.0,40.0,55.0,55.0,55.0
334,61.0,40.0,40.0,55.22413317579061,55.0,55.0
335,61.0,40.0,40.0,55.39591700641767,55.0,55.0
336,88.0,44.0,40.0,55.8015241874743,55.0,55.112066587895306
337,88.0,44.0,40.0,56.26090938105271,55.0,55.14192520926119
338,88.0,44.0,40.0,56.85115720684258,55.0,55.1616996072636
339,99.0,44.0,40.0,57.45246760968218,55.0,55.16861719115981
340,105.0,44.0,40.0,58.01977439800242,55.0,55.161699607263586
341,105.0,44.0,40.0,58.584308595579905,55.0,55.141925209261174
342,105.0,44.0,40.0,59.14192520926118,55.0,55.224133175790605
343,105.0,99.0,40.0,59.465324423788374,55.44826635158123,55.14192520926119
344,105.0,99.0,44.0,59.75292578673972,55.90390060073065,55.1616996072636
345,105.0,99.0,44.0,59.9077078101071,56.52084040841917,55.28068377905512
346,105.0,99.0,44.0,60.02985862136586,57.06346818716074,55.41569140442008
347,105.0,105.0,44.0,59.99999999999999,57.67349041095303,55.557616613681255
348,105.0,105.0,44.0,59.8580747907388,58.22833443389157,55.696375183475205
349,105.0,105.0,61.0,59.72623380484109,58.68945759957899,55.746008202843505
350,120.0,105.0,61.0,60.249790539055525,58.726233804841094,55.88793341210468
351,120.0,105.0,88.0,59.82589389230217,58.85807479073882,56.33619976368592
352,120.0,105.0,88.0,60.012462765381684,59.0,56.64990880357415
353,120.0,105.0,88.0,60.15673873073988,59.14192520926118,57.10514900399908
354,120.0,105.0,99.0,60.51294447083668,59.2737661951589,57.59122617947613
355,120.0,105.0,105.0,60.68391241809352,59.422608988316306,58.069407417370705
356,120.0,105.0,105.0,61.256314074227255,59.57739101168369,58.61416721694577
357,120.0,120.0,105.0,60.503585561356154,59.72623380484109,59.112066587895306
358,120.0,120.0,105.0,61.04923897064378,59.97014137863412,59.52775799231539
359,120.0,120.0,105.0,60.951345334317956,60.141925209261174,59.98022560199757
360,120.0,120.0,105.0,60.44773831156692,60.41569140442007,60.323399214527186
361,40.0,120.0,105.0,59.875076597998486,60.5843085955799,60.640859198844424
362,40.0,120.0,105.0,59.05021732433005,60.7460082028435,60.79564122221179
363,40.0,120.0,105.0,57.91784829841802,60.77586682420938,60.77586682420937
364,40.0,120.0,105.0,57.495126780206775,60.74600820284351,60.69637518347521
365,40.0,120.0,120.0,56.55341535558031,60.58430859557991,60.6398245802107
366,40.0,120.0,120.0,55.64990880357415,60.527757992315394,60.76197539146946
367,40.0,120.0,120.0,55.33619976368591,60.39591700641767,60.83138280884017
368,40.0,40.0,120.0,54.88793341210469,60.04963301936829,60.80255880610802
369,40.0,40.0,120.0,54.74600820284351,59.32443383316091,60.71026661621513
370,40.0,40.0,120.0,54.696375183475226,58.56834140695395,60.52187502705288
371,40.0,40.0,120.0,54.669683201576575,57.72623380484109,60.47812497294709
372,40.0,40.0,120.0,54.669683201576575,56.86712439546855,60.289733383784856
373,40.0,40.0,120.0,54.69637518347521,55.986108567260075,60.30950778178728
374,40.0,40.0,120.0,54.7460082028435,55.33619976368591,60.422608988316306
375,40.0,40.0,120.0,54.88793341210469,55.0,60.76578260084592
376,40.0,40.0,40.0,54.88793341210469,54.88793341210469,60.86227604883977
377,40.0,40.0,40.0,54.74600820284351,54.74600820284351,60.47921585652828
378,40.0,40.0,40.0,54.58430859557991,54.58430859557991,59.717184200111355
379,40.0,40.0,40.0,54.41569140442009,54.41569140442009,58.7460082028435
380,40.0,40.0,40.0,54.25399179715649,54.25399179715649,57.642991219677924
381,40.0,40.0,40.0,54.1120665878953,54.1120665878953,56.68248375073529
382,40.0,40.0,40.0,54.1120665878953,53.999999999999986,55.751891168106
383,40.0,40.0,40.0,54.14192520926116,54.1120665878953,55.25399179715649
384,40.0,40.0,40.0,54.161699607263586,54.14192520926116,55.1120665878953
385,40.0,40.0,40.0,54.16861719115981,54.161699607263586,55.0
386,40.0,40.0,40.0,54.161699607263586,54.16861719115981,55.0
387,40.0,40.0,40.0,54.141925209261174,54.161699607263586,55.0
388,40.0,40.0,40.0,54.1120665878953,54.25399179715649,55.0
389,40.0,40.0,40.0,53.999999999999986,54.25399179715647,55.0
390,40.0,40.0,40.0,54.1120665878953,54.161699607263586,55.0
391,40.0,40.0,40.0,54.25399179715647,54.280683779055124,55.0
392,40.0,40.0,40.0,54.30362481652476,54.41569140442007,55.0
393,40.0,40.0,40.0,54.442383386318724,54.55761661368126,55.0
394,40.0,40.0,40.0,54.5843085955799,54.69637518347521,55.0
395,40.0,40.0,40.0,54.71931622094486,54.7460082028435,55.0
396,40.0,40.0,40.0,54.72623380484109,54.77586682420937,55.0
397,40.0,40.0,40.0,54.71614958147764,54.74600820284351,55.0
398,40.0,40.0,40.0,54.61416721694577,54.58430859557991,55.0
399,40.0,40.0,40.0,54.689457599579,54.41569140442009,55.0
400,40.0,40.0,40.0,54.56453419757749,54.25399179715649,54.88793341210469
401,40.0,40.0,40.0,54.4354658024225,54.1120665878953,54.858074790738826
402,40.0,40.0,40.0,54.310542400421,53.999999999999986,54.8383003927364
403,40.0,40.0,40.0,54.2737661951589,53.999999999999986,54.831382808840175
404,40.0,40.0,40.0,54.25399179715649,53.999999999999986,54.8383003927364
405,40.0,40.0,40.0,54.25399179715647,53.999999999999986,54.85807479073881
406,40.0,40.0,40.0,54.161699607263586,53.999999999999986,54.88793341210469
407,40.0,40.0,40.0,54.16861719115981,53.999999999999986,55.0
408,40.0,40.0,40.0,54.161699607263586,53.999999999999986,55.0
409,40.0,40.0,40.0,54.366058385051794,54.1120665878953,55.112066587895306
410,40.0,40.0,40.0,54.39591700641766,54.14192520926116,55.14192520926119
411,40.0,40.0,40.0,54.323399214527186,54.161699607263586,55.1616996072636
412,40.0,40.0,40.0,54.337234382319636,54.16861719115981,55.16861719115981
413,40.0,40.0,40.0,54.4354658024225,54.161699607263586,55.161699607263586
414,40.0,40.0,40.0,54.42577562778352,54.141925209261174,55.141925209261174
415,40.0,40.0,40.0,54.497899370949526,54.22413317579061,55.1120665878953
416,40.0,40.0,40.0,54.310542400420985,54.14192520926116,55.0
417,40.0,40.0,40.0,54.323399214527186,54.161699607263586,55.0
418,40.0,40.0,40.0,54.310542400421,54.16861719115981,55.0
419,40.0,40.0,40.0,54.2737661951589,54.161699607263586,55.0
420,40.0,40.0,40.0,54.141925209261174,54.141925209261174,55.0
421,40.0,40.0,40.0,54.1120665878953,54.1120665878953,55.0
422,40.0,40.0,40.0,53.999999999999986,53.999999999999986,55.0
423,40.0,40.0,40.0,53.999999999999986,53.999999999999986,55.0
424,40.0,40.0,40.0,53.999999999999986,53.999999999999986,55.0
425,40.0,40.0,40.0,53.999999999999986,53.999999999999986,55.0
426,40.0,40.0,40.0,53.999999999999986,53.999999999999986,55.0
427,40.0,40.0,40.0,53.999999999999986,53.999999999999986,55.0
428,40.0,40.0,40.0,53.999999999999986,53.999999999999986,55.0
429,40.0,40.0,40.0,53.999999999999986,53.999999999999986,55.0
430,40.0,40.0,40.0,53.999999999999986,53.999999999999986,55.0
431,40.0,40.0,40.0,53.999999999999986,53.999999999999986,55.0
432,40.0,40.0,40.0,53.999999999999986,53.999999999999986,55.0
433,40.0,40.0,40.0,53.999999999999986,53.999999999999986,55.0
434,40.0,40.0,40.0,54.1120665878953,53.999999999999986,55.0
435,40.0,40.0,40.0,54.25399179715647,54.1120665878953,55.0
436,40.0,40.0,40.0,54.30362481652476,54.14192520926116,55.0
437,40.0,40.0,40.0,54.442383386318724,54.161699607263586,55.0
438,40.0,40.0,40.0,54.5843085955799,54.280683779055124,55.0
439,40.0,40.0,40.0,54.60724963304955,54.30362481652476,55.0
440,40.0,40.0,40.0,54.5843085955799,54.303624816524774,55.0
441,40.0,40.0,40.0,54.442383386318724,54.280683779055124,55.0
442,40.0,40.0,40.0,54.303624816524774,54.161699607263586,55.0
443,40.0,40.0,40.0,54.25399179715649,54.141925209261174,55.0
444,40.0,40.0,40.0,54.1120665878953,54.1120665878953,54.88793341210469
445,40.0,40.0,40.0,53.999999999999986,53.999999999999986,54.858074790738826
446,40.0,40.0,40.0,53.999999999999986,53.999999999999986,54.8383003927364
447,40.0,40.0,40.0,53.999999999999986,53.999999999999986,54.831382808840175
448,40.0,40.0,40.0,53.999999999999986,53.999999999999986,54.8383003927364
449,40.0,40.0,40.0,53.999999999999986,53.999999999999986,54.85807479073881
450,40.0,40.0,40.0,53.999999999999986,53.999999999999986,54.88793341210469
451,40.0,40.0,40.0,53.999999999999986,53.999999999999986,55.0
452,40.0,40.0,40.0,53.999999999999986,53.999999999999986,55.0
453,40.0,40.0,40.0,53.999999999999986,53.999999999999986,55.0
454,40.0,40.0,40.0,53.999999999999986,53.999999999999986,55.0
455,40.0,40.0,40.0,53.999999999999986,53.999999999999986,55.0
456,40.0,40.0,40.0,53.999999999999986,53.999999999999986,55.0
457,40.0,40.0,40.0,53.999999999999986,53.999999999999986,55.0
458,40.0,40.0,40.0,53.999999999999986,53.999999999999986,55.0
459,40.0,40.0,40.0,53.999999999999986,53.999999999999986,55.0
460,40.0,40.0,40.0,54.1120665878953,53.999999999999986,55.0
461,40.0,40.0,40.0,54.14192520926116,53.999999999999986,55.0
462,40.0,40.0,40.0,54.161699607263586,53.999999999999986,55.0
463,40.0,40.0,40.0,54.16861719115981,53.999999999999986,55.0
464,40.0,40.0,40.0,54.161699607263586,53.999999999999986,55.0
465,40.0,40.0,40.0,54.141925209261174,53.999999999999986,55.0
466,40.0,40.0,40.0,54.1120665878953,53.999999999999986,55.0
467,40.0,40.0,40.0,53.999999999999986,53.999999999999986,55.0
468,40.0,40.0,40.0,54.1120665878953,54.1120665878953,55.0
469,40.0,40.0,40.0,54.14192520926116,54.25399179715647,55.0
470,40.0,40.0,40.0,54.2737661951589,54.30362481652476,55.0
471,40.0,40.0,40.0,54.4226089883163,54.442383386318724,55.0
472,40.0,40.0,40.0,54.57739101168367,54.5843085955799,55.0
473,40.0,40.0,40.0,54.72623380484109,54.71931622094486,55.0
474,40.0,40.0,40.0,54.85807479073881,54.72623380484109,55.0
475,40.0,40.0,40.0,54.88793341210469,54.71614958147764,55.0
476,40.0,40.0,40.0,55.0,54.72623380484109,55.0
477,44.0,40.0,40.0,55.0,54.831382808840175,55.0
478,44.0,40.0,40.0,55.0,54.8383003927364,55.0
479,44.0,40.0,40.0,55.0,54.7460082028435,55.0
480,44.0,40.0,40.0,55.0,54.74600820284351,55.0
481,44.0,40.0,40.0,55.0,54.8383003927364,55.0
482,61.0,40.0,40.0,55.112066587895306,54.831382808840175,55.0
483,61.0,40.0,40.0,55.253991797156495,54.8383003927364,55.0
484,88.0,44.0,40.0,55.751891168106006,54.85807479073881,55.0
485,88.0,44.0,40.0,56.23421739915406,54.88793341210469,55.0
486,88.0,44.0,40.0,56.73909061894729,55.0,55.0
487,99.0,44.0,40.0,57.33723438231964,55.0,55.0
488,105.0,44.0,40.0,58.01977439800241,55.0,55.0
489,105.0,44.0,40.0,58.58747523504714,55.0,55.0
490,105.0,44.0,40.0,59.1120665878953,55.0,55.0
491,105.0,99.0,40.0,59.33031679842341,55.336199763685926,55.112066587895306
492,105.0,99.0,44.0,59.6339416149482,55.76197539146948,55.14192520926119
493,105.0,99.0,44.0,59.88793341210469,56.35914080115557,55.273766195158906
494,105.0,99.0,44.0,59.88793341210468,56.89485099600091,55.310542400421
495,105.0,105.0,44.0,59.8580747907388,57.51179080368943,55.323399214527186
496,105.0,105.0,44.0,59.83830039273639,58.08640922463038,55.422608988316306
497,105.0,105.0,61.0,59.831382808840175,58.57739101168368,55.6398245802107
498,120.0,105.0,61.0,60.174500156422326,58.726233804841094,55.69954182294244
499,120.0,105.0,88.0,60.17178383062705,58.970141378634125,56.082207966529424
500,120.0,105.0,88.0,59.782840673053066,59.029858621365875,56.534675576211605
501,120.0,105.0,88.0,60.22471748075237,59.16169960726359,57.13500762536494
502,120.0,105.0,99.0,60.125317450725994,59.280683779055124,57.726233804841094
503,120.0,105.0,105.0,60.20654706356917,59.30362481652478,58.188391589162244
504,120.0,105.0,105.0,59.75390414042598,59.41569140442007,58.6339416149482
505,120.0,120.0,105.0,58.94414623159218,59.53467557621162,59.14192520926118
506,120.0,120.0,105.0,58.463586451679355,59.68945759957899,59.527757992315394
507,120.0,120.0,105.0,58.91527248253115,59.980225601997574,59.838300392736386
508,120.0,120.0,105.0,58.71170180219194,60.16169960726359,60.161699607263586
509,40.0,120.0,105.0,58.767914621679424,60.106183622632805,60.36017541978929
510,40.0,120.0,105.0,58.434368400222716,60.076325001266916,60.60408299358232
511,40.0,120.0,105.0,58.35493302443602,60.0,60.61416721694578
512,40.0,120.0,105.0,58.04691669357301,60.03574158662837,60.57739101168369
513,40.0,120.0,120.0,57.54372518094135,59.92367499873307,60.646742164106925
514,40.0,120.0,120.0,56.37194135031429,59.85807479073881,60.781749789471874
515,40.0,120.0,120.0,55.4781249729471,59.91462539400332,60.86124143020604
516,40.0,40.0,120.0,54.999999999999986,59.825499843577674,61.13875856979394
517,40.0,40.0,120.0,54.858074790738826,59.40980843915758,61.33031679842341
518,40.0,40.0,120.0,54.72623380484109,58.660633596846836,61.60724963304955
519,40.0,40.0,120.0,54.689457599579,57.7460082028435,61.72623380484108
520,40.0,40.0,120.0,54.6766007854728,56.92367499873306,61.60408299358232
521,40.0,40.0,120.0,54.689457599578986,56.147808174523675,61.584308595579905
522,40.0,40.0,120.0,54.72623380484109,55.4781249729471,61.557616613681255
523,40.0,40.0,120.0,54.85807479073881,55.1120665878953,61.52775799231539
524,40.0,40.0,40.0,54.77586682420937,54.88793341210469,61.19847581252569
525,40.0,40.0,40.0,54.74600820284351,54.633941614948206,60.47921585652828
526,40.0,40.0,40.0,54.58430859557991,54.442383386318724,59.82925078800666
527,40.0,40.0,40.0,54.63982458021071,54.3660583850518,58.99999999999999
528,40.0,40.0,40.0,54.649908803574164,54.33936640315315,57.94661603620271
529,40.0,40.0,40.0,54.689457599578986,54.25399179715647,57.01280054915871
530,40.0,40.0,40.0,54.64085919884441,54.18839158916224,56.082207966529424
531,40.0,40.0,40.0,54.65371601295061,54.330316798423425,55.55761661368126
532,40.0,40.0,40.0,54.61416721694577,54.44555002578595,55.25399179715647
533,40.0,40.0,40.0,54.52775799231539,54.41569140442009,54.970141378634125
534,40.0,40.0,40.0,54.25399179715649,54.280683779055124,54.8383003927364
535,40.0,40.0,40.0,54.22413317579061,54.2737661951589,54.831382808840175
536,40.0,40.0,40.0,54.25399179715647,54.28385041852235,54.8383003927364
537,40.0,40.0,40.0,54.41569140442007,54.38583278305421,54.85807479073881
538,40.0,40.0,40.0,54.5843085955799,54.4226089883163,54.88793341210469
539,40.0,40.0,40.0,54.7460082028435,54.57739101168367,55.0
540,40.0,40.0,40.0,54.88793341210469,54.72623380484109,55.0
541,40.0,40.0,40.0,55.0,54.85807479073881,55.0
542,40.0,40.0,40.0,54.88793341210469,54.77586682420937,55.0
543,40.0,40.0,40.0,54.858074790738826,54.858074790738826,55.0
544,40.0,40.0,40.0,54.8383003927364,54.8383003927364,55.0
545,40.0,40.0,40.0,54.831382808840175,54.71931622094486,55.0
546,40.0,40.0,40.0,54.72623380484109,54.5843085955799,54.88793341210469
547,40.0,40.0,40.0,54.604082993582324,54.442383386318724,54.858074790738826
548,40.0,40.0,40.0,54.4722420076846,54.303624816524774,54.8383003927364
549,40.0,40.0,40.0,54.41569140442009,54.25399179715649,54.831382808840175
550,40.0,40.0,40.0,54.25399179715649,54.1120665878953,54.8383003927364
551,40.0,40.0,40.0,54.1120665878953,53.999999999999986,54.85807479073881
552,40.0,40.0,40.0,53.999999999999986,53.999999999999986,54.88793341210469
553,40.0,40.0,40.0,54.1120665878953,54.1120665878953,55.0
554,40.0,40.0,40.0,54.14192520926116,54.14192520926116,55.0
555,40.0,40.0,40.0,54.161699607263586,54.161699607263586,55.0
556,40.0,40.0,40.0,54.16861719115981,54.16861719115981,55.0
557,40.0,40.0,40.0,54.161699607263586,54.161699607263586,55.0
558,40.0,40.0,40.0,54.25399179715649,54.25399179715649,55.0
559,40.0,40.0,40.0,54.25399179715647,54.25399179715647,55.0
560,40.0,40.0,40.0,54.161699607263586,54.161699607263586,55.0
561,40.0,40.0,40.0,54.280683779055124,54.16861719115981,55.0
562,40.0,40.0,40.0,54.41569140442007,54.161699607263586,55.0
563,40.0,40.0,40.0,54.44555002578595,54.141925209261174,55.0
564,40.0,40.0,40.0,54.442383386318724,54.1120665878953,55.0
565,40.0,40.0,40.0,54.33031679842341,53.999999999999986,55.0
566,40.0,40.0,40.0,54.303624816524774,53.999999999999986,55.0
567,40.0,40.0,40.0,54.25399179715649,53.999999999999986,55.0
568,40.0,40.0,40.0,54.1120665878953,53.999999999999986,55.0
569,40.0,40.0,40.0,54.1120665878953,53.999999999999986,55.0
570,40.0,40.0,40.0,54.14192520926116,53.999999999999986,55.0
571,40.0,40.0,40.0,54.161699607263586,53.999999999999986,55.0
572,40.0,40.0,40.0,54.16861719115981,53.999999999999986,55.0
573,40.0,40.0,40.0,54.161699607263586,53.999999999999986,55.0
574,40.0,40.0,40.0,54.141925209261174,53.999999999999986,55.0
575,40.0,40.0,40.0,54.1120665878953,54.1120665878953,55.0
576,40.0,40.0,40.0,53.999999999999986,54.14192520926116,55.0
577,40.0,40.0,40.0,54.1120665878953,54.161699607263586,55.0
578,40.0,40.0,40.0,54.14192520926116,54.16861719115981,55.0
579,40.0,40.0,40.0,54.161699607263586,54.161699607263586,55.0
580,40.0,40.0,40.0,54.16861719115981,54.141925209261174,55.0
581,40.0,40.0,40.0,54.2737661951589,54.22413317579061,55.0
582,40.0,40.0,40.0,54.39591700641766,54.25399179715647,55.0
583,40.0,40.0,40.0,54.52775799231539,54.41569140442007,55.0
584,40.0,40.0,40.0,54.472242007684585,54.472242007684585,55.0
585,40.0,40.0,40.0,54.49201640568701,54.49201640568701,55.0
586,40.0,40.0,40.0,54.4722420076846,54.4722420076846,55.0
587,40.0,40.0,40.0,54.41569140442009,54.41569140442009,55.0
588,40.0,40.0,40.0,54.25399179715649,54.25399179715649,55.0
589,40.0,40.0,40.0,54.1120665878953,54.1120665878953,55.0
590,40.0,40.0,40.0,53.999999999999986,53.999999999999986,55.0
591,40.0,40.0,40.0,53.999999999999986,53.999999999999986,55.0
592,40.0,40.0,40.0,53.999999999999986,53.999999999999986,55.0
593,40.0,40.0,40.0,53.999999999999986,53.999999999999986,55.0
594,40.0,40.0,40.0,54.1120665878953,53.999999999999986,55.0
595,40.0,40.0,40.0,54.14192520926116,53.999999999999986,55.0
596,40.0,40.0,40.0,54.161699607263586,53.999999999999986,55.0
597,40.0,40.0,40.0,54.16861719115981,53.999999999999986,55.0
598,40.0,40.0,40.0,54.161699607263586,53.999999999999986,55.0
599,40.0,40.0,40.0,54.141925209261174,53.999999999999986,55.0
600,40.0,40.0,40.0,54.1120665878953,54.1120665878953,55.0
601,40.0,40.0,40.0,53.999999999999986,54.14192520926116,55.0
602,40.0,40.0,40.0,53.999999999999986,54.161699607263586,55.0
603,40.0,40.0,40.0,53.999999999999986,54.16861719115981,55.0
604,40.0,40.0,40.0,53.999999999999986,54.161699607263586,55.0
605,40.0,40.0,40.0,53.999999999999986,54.141925209261174,54.88793341210469
606,40.0,40.0,40.0,53.999999999999986,54.1120665878953,54.858074790738826
607,40.0,40.0,40.0,54.1120665878953,54.1120665878953,54.8383003927364
608,40.0,40.0,40.0,54.14192520926116,54.14192520926116,54.831382808840175
609,40.0,40.0,40.0,54.161699607263586,54.161699607263586,54.8383003927364
610,40.0,40.0,40.0,54.16861719115981,54.16861719115981,54.85807479073881
611,40.0,40.0,40.0,54.161699607263586,54.161699607263586,54.88793341210469
612,40.0,40.0,40.0,54.141925209261174,54.141925209261174,55.0
613,40.0,40.0,40.0,54.1120665878953,54.1120665878953,55.0
614,40.0,40.0,40.0,53.999999999999986,53.999999999999986,55.0
615,40.0,40.0,40.0,53.999999999999986,53.999999999999986,55.0
616,40.0,40.0,40.0,54.224133175790605,54.1120665878953,55.0
617,40.0,40.0,40.0,54.39591700641766,54.25399179715647,55.0
618,40.0,40.0,40.0,54.57739101168367,54.41569140442007,55.0
619,40.0,40.0,40.0,54.75292578673972,54.5843085955799,55.0
620,40.0,40.0,40.0,54.9077078101071,54.7460082028435,55.0
621,40.0,40.0,40.0,55.02985862136586,54.88793341210469,55.0
622,40.0,40.0,40.0,55.1120665878953,55.0,55.0
623,40.0,40.0,40.0,55.0,55.0,55.0
624,40.0,40.0,40.0,55.0,55.0,55.0
625,44.0,40.0,40.0,55.0,55.0,55.0
626,44.0,40.0,40.0,55.0,55.0,55.0
627,44.0,40.0,40.0,55.0,55.0,55.0
628,44.0,40.0,40.0,55.0,55.0,55.0
629,44.0,40.0,40.0,55.0,55.0,55.0
630,61.0,40.0,40.0,55.112066587895306,55.0,55.0
631,61.0,40.0,40.0,55.253991797156495,55.0,55.0
632,88.0,44.0,40.0,55.6398245802107,55.0,55.0
633,88.0,44.0,40.0,56.09229218989289,55.0,55.0
634,88.0,44.0,40.0,56.57739101168369,55.0,55.0
635,99.0,44.0,40.0,57.280683779055124,55.0,55.0
636,105.0,44.0,40.0,57.99999999999999,55.0,55.0
637,105.0,44.0,40.0,58.49518304515424,55.0,55.0
638,105.0,44.0,40.0,58.80255880610801,55.0,55.0
639,105.0,99.0,40.0,59.04646637990105,55.44826635158123,55.112066587895306
640,105.0,99.0,44.0,59.28385041852236,55.90390060073065,55.253991797156495
641,105.0,99.0,44.0,59.388999422521444,56.52084040841917,55.41569140442008
642,105.0,99.0,44.0,59.39275036695042,57.17553477505604,55.584308595579905
643,105.0,105.0,44.0,59.330316798423425,57.81541562021422,55.746008202843505
644,105.0,105.0,44.0,59.465324423788374,58.39003404115517,55.77586682420937
645,105.0,105.0,61.0,59.564534197577494,58.85807479073882,55.97014137863411
646,120.0,105.0,61.0,59.77166556610841,58.887933412104694,55.98022560199757
647,120.0,105.0,88.0,59.96045120399516,59.224133175790605,56.21721559189439
648,120.0,105.0,88.0,60.04271543547206,59.39591700641767,56.5149011782092
649,120.0,105.0,88.0,59.97117599726784,59.57739101168369,56.96322379473789
650,120.0,105.0,99.0,60.158532967796354,59.64085919884442,57.56453419757749
651,120.0,105.0,105.0,60.369225024519025,59.76578260084591,58.1616996072636
652,120.0,105.0,105.0,60.36922502451903,59.86815901410227,58.633941614948185
653,120.0,120.0,105.0,59.710266616215115,59.943449396735474,59.16861719115982
654,120.0,120.0,105.0,59.739674923909035,59.950366980631706,59.57739101168368
655,120.0,120.0,105.0,59.70962604630591,60.1120665878953,59.980225601997574
656,120.0,120.0,105.0,59.85328922767609,60.303624816524774,60.2737661951589
657,40.0,120.0,105.0,59.52873634600165,60.5843085955799,60.36017541978929
658,40.0,120.0,105.0,58.90459743558734,60.97014137863412,60.60408299358232
659,40.0,120.0,105.0,58.391068659788885,60.94765065483644,60.61416721694578
660,40.0,120.0,105.0,57.989915776636536,60.927482208109524,60.57739101168369
661,40.0,120.0,120.0,57.065600207994244,60.759843370635956,60.42260898831631
662,40.0,120.0,120.0,56.40179997168018,60.57047342778746,60.385832783054205
663,40.0,120.0,120.0,55.751891168106006,60.60027578420586,60.39591700641766
664,40.0,40.0,120.0,55.310542400421,60.25399179715649,60.63982458021069
665,40.0,40.0,120.0,55.29354059316132,59.47921585652829,60.61416721694577
666,40.0,40.0,120.0,55.178701414523275,58.88580139127117,60.65371601295061
667,40.0,40.0,120.0,55.1249234020015,58.0694074173707,60.75292578673973
668,40.0,40.0,120.0,54.9871431858938,57.207525417255425,60.83138280884016
669,40.0,40.0,120.0,54.9632237947379,56.37194135031429,60.923674998733055
670,40.0,40.0,120.0,54.86815901410226,55.4781249729471,60.950366980631706
671,40.0,40.0,120.0,54.85807479073881,55.1120665878953,60.9077078101071
672,40.0,40.0,40.0,54.6339416149482,54.88793341210469,60.8324174274739
673,40.0,40.0,40.0,54.58430859557991,54.74600820284351,60.429582837159984
674,40.0,40.0,40.0,54.41569140442009,54.58430859557991,59.69049221821272
675,40.0,40.0,40.0,54.25399179715649,54.41569140442009,58.7460082028435
676,40.0,40.0,40.0,54.22413317579061,54.25399179715649,57.669683201576575
677,40.0,40.0,40.0,54.25399179715647,54.1120665878953,56.73211677010359
678,40.0,40.0,40.0,54.30362481652476,53.999999999999986,55.89381637736719
679,40.0,40.0,40.0,54.33031679842341,53.999999999999986,55.14192520926117
680,40.0,40.0,40.0,54.442383386318724,53.999999999999986,54.828216169372936
681,40.0,40.0,40.0,54.44555002578595,53.999999999999986,54.6766007854728
682,40.0,40.0,40.0,54.5277579923154,54.1120665878953,54.66276561768035
683,40.0,40.0,40.0,54.4226089883163,54.25399179715647,54.6766007854728
684,40.0,40.0,40.0,54.4354658024225,54.41569140442007,54.71614958147764
685,40.0,40.0,40.0,54.452467609682174,54.5843085955799,54.77586682420937
686,40.0,40.0,40.0,54.4354658024225,54.7460082028435,55.0
687,40.0,40.0,40.0,54.42260898831631,54.88793341210469,55.0
688,40.0,40.0,40.0,54.41569140442007,55.0,55.0
689,40.0,40.0,40.0,54.303624816524774,55.0,55.0
690,40.0,40.0,40.0,54.280683779055124,55.0,55.0
691,40.0,40.0,40.0,54.161699607263586,54.88793341210469,55.0
692,40.0,40.0,40.0,54.25399179715649,54.858074790738826,55.0
693,40.0,40.0,40.0,54.36605838505179,54.8383003927364,55.0
694,40.0,40.0,40.0,54.30362481652476,54.831382808840175,55.0
695,40.0,40.0,40.0,54.33031679842341,54.72623380484109,55.0
696,40.0,40.0,40.0,54.442383386318724,54.604082993582324,54.88793341210469
697,40.0,40.0,40.0,54.44555002578595,54.4722420076846,54.858074790738826
698,40.0,40.0,40.0,54.41569140442009,54.41569140442009,54.8383003927364
699,40.0,40.0,40.0,54.280683779055124,54.25399179715649,54.831382808840175
700,40.0,40.0,40.0,54.161699607263586,54.1120665878953,54.8383003927364
701,40.0,40.0,40.0,54.25399179715649,54.1120665878953,54.85807479073881
702,40.0,40.0,40.0,54.25399179715647,54.14192520926116,54.88793341210469
703,40.0,40.0,40.0,54.161699607263586,54.161699607263586,55.0
704,40.0,40.0,40.0,54.16861719115981,54.16861719115981,55.0
705,40.0,40.0,40.0,54.161699607263586,54.161699607263586,55.0
706,40.0,40.0,40.0,54.141925209261174,54.141925209261174,55.0
707,40.0,40.0,40.0,54.22413317579061,54.1120665878953,55.0
708,40.0,40.0,40.0,54.14192520926116,53.999999999999986,55.0
709,40.0,40.0,40.0,54.161699607263586,53.999999999999986,55.0
710,40.0,40.0,40.0,54.16861719115981,53.999999999999986,55.0
711,40.0,40.0,40.0,54.2737661951589,53.999999999999986,55.0
712,40.0,40.0,40.0,54.28385041852235,53.999999999999986,55.0
713,40.0,40.0,40.0,54.2737661951589,53.999999999999986,55.0
714,40.0,40.0,40.0,54.16861719115981,53.999999999999986,55.0
715,40.0,40.0,40.0,54.161699607263586,53.999999999999986,55.0
716,40.0,40.0,40.0,54.141925209261174,53.999999999999986,55.0
717,40.0,40.0,40.0,54.1120665878953,53.999999999999986,55.0
718,40.0,40.0,40.0,53.999999999999986,53.999999999999986,55.0
719,40.0,40.0,40.0,53.999999999999986,53.999999999999986,55.0
720,40.0,40.0,40.0,53.999999999999986,53.999999999999986,55.0
721,40.0,40.0,40.0,53.999999999999986,53.999999999999986,55.0
722,40.0,40.0,40.0,53.999999999999986,53.999999999999986,55.0
723,40.0,40.0,40.0,53.999999999999986,53.999999999999986,55.0
724,40.0,40.0,40.0,53.999999999999986,53.999999999999986,55.0
725,40.0,40.0,40.0,53.999999999999986,53.999999999999986,55.0
726,40.0,40.0,40.0,53.999999999999986,53.999999999999986,55.0
727,40.0,40.0,40.0,54.1120665878953,53.999999999999986,55.0
728,40.0,40.0,40.0,54.25399179715647,54.1120665878953,55.0
729,40.0,40.0,40.0,54.30362481652476,54.14192520926116,55.0
730,40.0,40.0,40.0,54.33031679842341,54.161699607263586,55.0
731,40.0,40.0,40.0,54.33031679842341,54.16861719115981,55.0
732,40.0,40.0,40.0,54.303624816524774,54.161699607263586,55.0
733,40.0,40.0,40.0,54.25399179715649,54.141925209261174,55.0
734,40.0,40.0,40.0,54.1120665878953,54.1120665878953,55.0
735,40.0,40.0,40.0,53.999999999999986,53.999999999999986,54.88793341210469
736,40.0,40.0,40.0,54.1120665878953,53.999999999999986,54.858074790738826
737,40.0,40.0,40.0,54.14192520926116,53.999999999999986,54.8383003927364
738,40.0,40.0,40.0,54.161699607263586,53.999999999999986,54.831382808840175
739,40.0,40.0,40.0,54.16861719115981,53.999999999999986,54.8383003927364
740,40.0,40.0,40.0,54.161699607263586,53.999999999999986,54.85807479073881
741,40.0,40.0,40.0,54.141925209261174,53.999999999999986,54.88793341210469
742,40.0,40.0,40.0,54.1120665878953,53.999999999999986,55.0
743,40.0,40.0,40.0,53.999999999999986,53.999999999999986,55.0
744,40.0,40.0,40.0,53.999999999999986,53.999999999999986,55.0
745,40.0,40.0,40.0,53.999999999999986,53.999999999999986,55.0
746,40.0,40.0,40.0,53.999999999999986,53.999999999999986,55.0
747,40.0,40.0,40.0,53.999999999999986,53.999999999999986,55.0
748,40.0,40.0,40.0,54.1120665878953,53.999999999999986,55.0
749,40.0,40.0,40.0,54.14192520926116,53.999999999999986,55.0
750,40.0,40.0,40.0,54.2737661951589,53.999999999999986,55.0
751,40.0,40.0,40.0,54.310542400420985,53.999999999999986,55.0
752,40.0,40.0,40.0,54.323399214527186,53.999999999999986,55.0
753,40.0,40.0,40.0,54.310542400421,53.999999999999986,55.0
754,40.0,40.0,40.0,54.2737661951589,53.999999999999986,55.0
755,40.0,40.0,40.0,54.141925209261174,53.999999999999986,55.0
756,40.0,40.0,40.0,54.1120665878953,53.999999999999986,55.0
757,40.0,40.0,40.0,53.999999999999986,53.999999999999986,55.0
758,40.0,40.0,40.0,53.999999999999986,53.999999999999986,55.0
759,40.0,40.0,40.0,53.999999999999986,53.999999999999986,55.0
760,40.0,40.0,40.0,53.999999999999986,53.999999999999986,55.0
761,40.0,40.0,40.0,53.999999999999986,53.999999999999986,54.88793341210469
762,40.0,40.0,40.0,53.999999999999986,53.999999999999986,54.858074790738826
763,40.0,40.0,40.0,53.999999999999986,53.999999999999986,54.8383003927364
764,40.0,40.0,40.0,54.224133175790605,54.1120665878953,54.831382808840175
765,40.0,40.0,40.0,54.39591700641766,54.25399179715647,54.8383003927364
766,40.0,40.0,40.0,54.57739101168367,54.41569140442007,54.85807479073881
767,40.0,40.0,40.0,54.75292578673972,54.472242007684585,54.88793341210469
768,40.0,40.0,40.0,54.9077078101071,54.604082993582324,55.0
769,40.0,40.0,40.0,55.02985862136586,54.72623380484109,55.0
770,40.0,40.0,40.0,55.1120665878953,54.71931622094486,55.0
771,40.0,40.0,40.0,55.0,54.69637518347521,55.0
772,40.0,40.0,40.0,55.0,54.5843085955799,55.0
773,44.0,40.0,40.0,55.0,54.465324423788374,55.0
774,44.0,40.0,40.0,55.0,54.53467557621161,55.0
775,44.0,40.0,40.0,55.0,54.52775799231539,55.0
776,44.0,40.0,40.0,55.0,54.55761661368126,55.0
777,44.0,40.0,40.0,55.0,54.69637518347521,55.0
778,61.0,40.0,40.0,55.112066587895306,54.7460082028435,55.0
779,61.0,40.0,40.0,55.253991797156495,54.88793341210469,55.0
780,88.0,44.0,40.0,55.52775799231539,55.0,55.0
781,88.0,44.0,40.0,55.9503669806317,55.0,55.0
782,88.0,44.0,40.0,56.41569140442009,55.0,55.0
783,99.0,44.0,40.0,56.99999999999999,55.0,55.0
784,105.0,44.0,40.0,57.4722420076846,55.0,55.0
785,105.0,44.0,40.0,58.01977439800241,55.0,55.0
786,105.0,44.0,40.0,58.564534197577494,55.0,55.0
787,105.0,99.0,40.0,59.21721559189439,55.44826635158123,55.112066587895306
788,105.0,99.0,44.0,59.59439281894336,56.01596718862596,55.253991797156495
789,105.0,99.0,44.0,59.927482208109524,56.88689879347097,55.41569140442008
790,105.0,99.0,44.0,60.00103461863372,57.5090182129467,55.4722420076846
791,105.0,105.0,44.0,59.957340829475385,58.165506816640054,55.49201640568701
792,105.0,105.0,44.0,59.838300392736386,58.727268423474804,55.4722420076846
793,105.0,105.0,61.0,59.73211677010359,59.15478202336737,55.527757992315394
794,120.0,105.0,61.0,59.72519918620736,59.122150811258756,55.50798359431298
795,120.0,105.0,88.0,60.04265917052459,59.08220796652943,55.639824580210686
796,120.0,105.0,88.0,59.87513286294596,59.0,56.062433568527005
797,120.0,105.0,88.0,59.898658205377366,59.25399179715649,56.66968320157657
798,120.0,105.0,99.0,59.697409802108936,59.41569140442009,57.191558228629475
799,120.0,105.0,105.0,59.17772306083701,59.5843085955799,57.88476677263745
800,120.0,105.0,105.0,58.60719336810209,59.63394161494819,58.4722420076846
801,120.0,120.0,105.0,58.21993191768965,59.7460082028435,59.022941037469636
802,120.0,120.0,105.0,58.26995898578244,59.9503669806317,59.64674216410691
803,120.0,120.0,105.0,58.530924631782625,60.08537460599666,59.99999999999999
804,120.0,120.0,105.0,58.456274819058635,60.14192520926118,60.241191247997754
805,40.0,120.0,105.0,58.60195097274881,60.63665794074347,60.498933989583236
806,40.0,120.0,105.0,58.43274947662723,60.78595104757284,60.60408299358232
807,40.0,120.0,105.0,58.003166639467224,60.950423245579174,60.58747523504713
808,40.0,120.0,105.0,57.08912555042565,60.928460561795774,60.63982458021069
809,40.0,120.0,120.0,56.131840985897725,60.7588650169497,60.53467557621161
810,40.0,120.0,120.0,55.64990880357415,60.67976742494002,60.57739101168367
811,40.0,120.0,120.0,55.309507781787275,60.70225814873771,60.72623380484109
812,40.0,40.0,120.0,54.838300392736386,60.07949164073415,60.746008202843505
813,40.0,40.0,120.0,54.71614958147764,59.48613344042451,60.6339416149482
814,40.0,40.0,120.0,54.61416721694577,58.73695859811377,60.69637518347522
815,40.0,40.0,120.0,54.57739101168369,57.88793341210469,60.669683201576575
816,40.0,40.0,120.0,54.53467557621161,57.009049604729725,60.78174978947188
817,40.0,40.0,120.0,54.52775799231539,56.09817515515539,60.9503669806317
818,40.0,40.0,120.0,54.55761661368126,55.33619976368591,61.04963301936828
819,40.0,40.0,120.0,54.69637518347521,55.0,61.218250210528105
820,40.0,40.0,40.0,54.7460082028435,54.88793341210469,61.1061836226328
821,40.0,40.0,40.0,54.77586682420937,54.858074790738826,60.459441458525866
822,40.0,40.0,40.0,54.74600820284351,54.8383003927364,59.66063359684684
823,40.0,40.0,40.0,54.58430859557991,54.71931622094486,58.696375183475205
824,40.0,40.0,40.0,54.5277579923154,54.5843085955799,57.642991219677924
825,40.0,40.0,40.0,54.39591700641766,54.442383386318724,56.73211677010359
826,40.0,40.0,40.0,54.38583278305421,54.303624816524774,55.920508359265824
827,40.0,40.0,40.0,54.4226089883163,54.25399179715649,55.19155822862947
828,40.0,40.0,40.0,54.46532442378836,54.1120665878953,54.746008202843505
829,40.0,40.0,40.0,54.4722420076846,53.999999999999986,54.50481695484574
830,40.0,40.0,40.0,54.55444997421404,54.1120665878953,54.33936640315315
831,40.0,40.0,40.0,54.55761661368126,54.25399179715647,54.33936640315315
832,40.0,40.0,40.0,54.55761661368126,54.30362481652476,54.39275036695044
833,40.0,40.0,40.0,54.442383386318724,54.442383386318724,54.49201640568701
834,40.0,40.0,40.0,54.442383386318724,54.472242007684585,54.77586682420937
835,40.0,40.0,40.0,54.55761661368126,54.57739101168369,55.0
836,40.0,40.0,40.0,54.669683201576575,54.6766007854728,55.0
837,40.0,40.0,40.0,54.69637518347521,54.689457599578986,55.0
838,40.0,40.0,40.0,54.7460082028435,54.72623380484109,55.0
839,40.0,40.0,40.0,54.77586682420937,54.85807479073881,55.0
840,40.0,40.0,40.0,54.74600820284351,54.77586682420937,55.0
841,40.0,40.0,40.0,54.696375183475226,54.858074790738826,55.0
842,40.0,40.0,40.0,54.55761661368126,54.72623380484109,55.0
843,40.0,40.0,40.0,54.41569140442009,54.57739101168369,55.0
844,40.0,40.0,40.0,54.280683779055124,54.4226089883163,55.0
845,40.0,40.0,40.0,54.2737661951589,54.2737661951589,55.0
846,40.0,40.0,40.0,54.28385041852235,54.141925209261174,55.0
847,40.0,40.0,40.0,54.2737661951589,54.1120665878953,55.0
848,40.0,40.0,40.0,54.16861719115981,53.999999999999986,55.0
849,40.0,40.0,40.0,54.161699607263586,53.999999999999986,55.0
850,40.0,40.0,40.0,54.25399179715649,54.1120665878953,55.0
851,40.0,40.0,40.0,54.36605838505179,54.14192520926116,55.0
852,40.0,40.0,40.0,54.41569140442007,54.161699607263586,55.0
853,40.0,40.0,40.0,54.5843085955799,54.16861719115981,55.0
854,40.0,40.0,40.0,54.633941614948185,54.161699607263586,55.0
855,40.0,40.0,40.0,54.6339416149482,54.141925209261174,55.0
856,40.0,40.0,40.0,54.58430859557991,54.1120665878953,55.0
857,40.0,40.0,40.0,54.41569140442009,53.999999999999986,55.0
858,40.0,40.0,40.0,54.25399179715649,53.999999999999986,55.0
859,40.0,40.0,40.0,54.1120665878953,53.999999999999986,55.0
860,40.0,40.0,40.0,54.1120665878953,53.999999999999986,55.0
861,40.0,40.0,40.0,54.14192520926116,53.999999999999986,55.0
862,40.0,40.0,40.0,54.161699607263586,53.999999999999986,55.0
863,40.0,40.0,40.0,54.280683779055124,53.999999999999986,55.0
864,40.0,40.0,40.0,54.30362481652476,53.999999999999986,55.0
865,40.0,40.0,40.0,54.303624816524774,53.999999999999986,55.0
866,40.0,40.0,40.0,54.280683779055124,53.999999999999986,55.0
867,40.0,40.0,40.0,54.161699607263586,53.999999999999986,55.0
868,40.0,40.0,40.0,54.141925209261174,53.999999999999986,55.0
869,40.0,40.0,40.0,54.1120665878953,53.999999999999986,55.0
870,40.0,40.0,40.0,53.999999999999986,53.999999999999986,55.0
871,40.0,40.0,40.0,53.999999999999986,53.999999999999986,55.0
872,40.0,40.0,40.0,53.999999999999986,53.999999999999986,54.88793341210469
873,40.0,40.0,40.0,53.999999999999986,53.999999999999986,54.858074790738826
874,40.0,40.0,40.0,54.1120665878953,53.999999999999986,54.8383003927364
875,40.0,40.0,40.0,54.14192520926116,53.999999999999986,54.831382808840175
876,40.0,40.0,40.0,54.161699607263586,53.999999999999986,54.8383003927364
877,40.0,40.0,40.0,54.16861719115981,53.999999999999986,54.85807479073881
878,40.0,40.0,40.0,54.161699607263586,53.999999999999986,54.88793341210469
879,40.0,40.0,40.0,54.141925209261174,53.999999999999986,55.0
880,40.0,40.0,40.0,54.1120665878953,53.999999999999986,55.0
881,40.0,40.0,40.0,53.999999999999986,53.999999999999986,55.0
882,40.0,40.0,40.0,53.999999999999986,53.999999999999986,55.0
883,40.0,40.0,40.0,53.999999999999986,53.999999999999986,55.0
884,40.0,40.0,40.0,53.999999999999986,53.999999999999986,55.0
885,40.0,40.0,40.0,53.999999999999986,53.999999999999986,55.0
886,40.0,40.0,40.0,53.999999999999986,53.999999999999986,55.0
887,40.0,40.0,40.0,53.999999999999986,53.999999999999986,55.0
888,40.0,40.0,40.0,53.999999999999986,53.999999999999986,55.0
889,40.0,40.0,40.0,54.1120665878953,53.999999999999986,55.0
890,40.0,40.0,40.0,54.14192520926116,53.999999999999986,55.0
891,40.0,40.0,40.0,54.161699607263586,53.999999999999986,55.0
892,40.0,40.0,40.0,54.16861719115981,53.999999999999986,55.0
893,40.0,40.0,40.0,54.2737661951589,54.1120665878953,55.0
894,40.0,40.0,40.0,54.39591700641766,54.14192520926116,55.0
895,40.0,40.0,40.0,54.52775799231539,54.2737661951589,55.0
896,40.0,40.0,40.0,54.5843085955799,54.4226089883163,55.0
897,40.0,40.0,40.0,54.633941614948185,54.46532442378836,55.0
898,40.0,40.0,40.0,54.6339416149482,54.4722420076846,55.0
899,40.0,40.0,40.0,54.58430859557991,54.442383386318724,55.0
900,40.0,40.0,40.0,54.5277579923154,54.303624816524774,55.0
901,40.0,40.0,40.0,54.507983594312975,54.3660583850518,55.0
902,40.0,40.0,40.0,54.52775799231539,54.25399179715647,55.0
903,40.0,40.0,40.0,54.472242007684585,54.161699607263586,55.0
904,40.0,40.0,40.0,54.49201640568701,54.16861719115981,55.0
905,40.0,40.0,40.0,54.4722420076846,54.161699607263586,55.0
906,40.0,40.0,40.0,54.41569140442009,54.141925209261174,55.0
907,40.0,40.0,40.0,54.25399179715649,54.1120665878953,55.0
908,40.0,40.0,40.0,54.1120665878953,53.999999999999986,55.0
909,40.0,40.0,40.0,53.999999999999986,53.999999999999986,55.0
910,40.0,40.0,40.0,53.999999999999986,53.999999999999986,55.0
911,40.0,40.0,40.0,53.999999999999986,53.999999999999986,55.0
912,40.0,40.0,40.0,54.1120665878953,54.1120665878953,55.0
913,40.0,40.0,40.0,54.25399179715647,54.14192520926116,55.0
914,40.0,40.0,40.0,54.41569140442007,54.2737661951589,55.0
915,40.0,40.0,40.0,54.5843085955799,54.4226089883163,55.0
916,40.0,40.0,40.0,54.7460082028435,54.57739101168367,55.0
917,40.0,40.0,40.0,54.88793341210469,54.72623380484109,55.0
918,40.0,40.0,40.0,55.0,54.85807479073881,55.0
919,40.0,40.0,40.0,55.0,54.88793341210469,55.0
920,40.0,40.0,40.0,55.0,55.0,55.0
921,44.0,40.0,40.0,55.0,55.0,55.0
922,44.0,40.0,40.0,55.0,55.0,55.0
923,44.0,40.0,40.0,55.0,54.88793341210469,55.0
924,44.0,40.0,40.0,54.88793341210469,54.858074790738826,55.0
925,44.0,40.0,40.0,54.858074790738826,54.8383003927364,55.0
926,61.0,40.0,40.0,54.950366980631706,54.831382808840175,55.0
927,61.0,40.0,40.0,55.08537460599667,54.8383003927364,55.0
928,88.0,44.0,40.0,55.25399179715648,54.85807479073881,55.0
929,88.0,44.0,40.0,55.66651656210934,54.88793341210469,55.0
930,88.0,44.0,40.0,56.141925209261174,55.0,55.0
931,99.0,44.0,40.0,56.83138280884017,55.0,55.0
932,105.0,44.0,40.0,57.64674216410692,55.0,55.0
933,105.0,44.0,40.0,58.19155822862947,55.0,55.0
934,105.0,44.0,40.0,58.795641222211785,55.0,55.112066587895306
935,105.0,99.0,40.0,59.33723438231964,55.336199763685926,55.253991797156495
936,105.0,99.0,44.0,59.627024031051974,55.76197539146948,55.41569140442008
937,105.0,99.0,44.0,59.86815901410226,56.35914080115557,55.4722420076846
938,105.0,99.0,44.0,59.97014137863411,56.89485099600091,55.60408299358232
939,105.0,105.0,44.0,59.77586682420938,57.51179080368943,55.726233804841094
940,105.0,105.0,44.0,59.8580747907388,58.08640922463038,55.83138280884017
941,105.0,105.0,61.0,59.72623380484109,58.57739101168368,55.83830039273639
942,120.0,105.0,61.0,59.35325783589306,58.726233804841094,55.858074790738804
943,120.0,105.0,88.0,59.47495833347986,58.85807479073882,56.224133175790605
944,120.0,105.0,88.0,60.048542135787095,59.0,56.761975391469456
945,120.0,105.0,88.0,60.14134090429941,59.25399179715649,57.247074213260255
946,120.0,105.0,99.0,60.48884976621978,59.30362481652478,57.97705896253034
947,120.0,105.0,105.0,60.60886855664504,59.44238338631871,58.6339416149482
948,120.0,105.0,105.0,61.19749745883944,59.584308595579905,59.129124660102455
949,120.0,120.0,105.0,61.39631105514216,59.83138280884017,59.611000577478535
950,120.0,120.0,105.0,61.08498055727216,60.09229218989289,59.746008202843505
951,120.0,120.0,105.0,60.654694366636875,60.16169960726359,59.86124143020605
952,120.0,120.0,105.0,61.06837279873698,60.33031679842342,60.062433568527005
953,40.0,120.0,105.0,60.76934328903765,60.47224200768459,59.99999999999999
954,40.0,120.0,105.0,60.22794038516707,60.465324423788374,60.16169960726359
955,40.0,120.0,105.0,59.1040516017993,60.42260898831631,60.31054240042099
956,40.0,120.0,105.0,58.373032233895486,60.2737661951589,60.323399214527186
957,40.0,120.0,120.0,57.46151721441191,60.141925209261174,60.310542400421
958,40.0,120.0,120.0,56.4840079382096,60.224133175790605,60.385832783054205
959,40.0,120.0,120.0,55.4781249729471,60.25399179715647,60.50798359431297
960,40.0,40.0,120.0,55.1120665878953,60.07949164073415,60.55761661368126
961,40.0,40.0,120.0,54.88793341210469,59.48613344042451,60.379949817791704
962,40.0,40.0,120.0,54.74600820284351,58.73695859811377,60.24494219242674
963,40.0,40.0,120.0,54.58430859557991,57.88793341210469,60.38583278305421
964,40.0,40.0,120.0,54.5277579923154,57.009049604729725,60.46151721441191
965,40.0,40.0,120.0,54.507983594312975,56.09817515515539,60.471207389050875
966,40.0,40.0,120.0,54.52775799231539,55.33619976368591,60.561367558110256
967,40.0,40.0,120.0,54.5843085955799,55.0,60.79564122221179
968,40.0,40.0,40.0,54.633941614948185,54.88793341210469,60.743291877048236
969,40.0,40.0,40.0,54.6339416149482,54.74600820284351,60.29457521179504
970,40.0,40.0,40.0,54.58430859557991,54.58430859557991,59.40664179969034
971,40.0,40.0,40.0,54.41569140442009,54.41569140442009,58.44555002578595
972,40.0,40.0,40.0,54.25399179715649,54.25399179715649,57.45143299104845
973,40.0,40.0,40.0,54.1120665878953,54.1120665878953,56.4284919535788
974,40.0,40.0,40.0,53.999999999999986,53.999999999999986,55.6398245802107
975,40.0,40.0,40.0,53.999999999999986,53.999999999999986,55.141925209261174
976,40.0,40.0,40.0,53.999999999999986,53.999999999999986,54.85807479073881
977,40.0,40.0,40.0,53.999999999999986,53.999999999999986,54.696375183475226
978,40.0,40.0,40.0,54.1120665878953,53.999999999999986,54.669683201576575
979,40.0,40.0,40.0,54.14192520926116,53.999999999999986,54.669683201576575
980,40.0,40.0,40.0,54.161699607263586,54.1120665878953,54.69637518347521
981,40.0,40.0,40.0,54.16861719115981,54.14192520926116,54.7460082028435
982,40.0,40.0,40.0,54.2737661951589,54.2737661951589,54.88793341210469
983,40.0,40.0,40.0,54.39591700641766,54.4226089883163,55.0
984,40.0,40.0,40.0,54.52775799231539,54.57739101168367,55.0
985,40.0,40.0,40.0,54.5843085955799,54.61416721694577,55.0
986,40.0,40.0,40.0,54.633941614948185,54.604082993582324,55.0
987,40.0,40.0,40.0,54.6339416149482,54.4722420076846,55.0
988,40.0,40.0,40.0,54.696375183475226,54.41569140442009,55.0
989,40.0,40.0,40.0,54.669683201576575,54.25399179715649,55.0
990,40.0,40.0,40.0,54.55761661368126,54.1120665878953,55.0
991,40.0,40.0,40.0,54.442383386318724,53.999999999999986,55.0
992,40.0,40.0,40.0,54.33031679842341,53.999999999999986,55.0
993,40.0,40.0,40.0,54.303624816524774,53.999999999999986,55.0
994,40.0,40.0,40.0,54.25399179715649,53.999999999999986,55.0
995,40.0,40.0,40.0,54.22413317579061,54.1120665878953,55.0
996,40.0,40.0,40.0,54.25399179715647,54.25399179715647,55.0
997,40.0,40.0,40.0,54.41569140442007,54.41569140442007,55.0
998,40.0,40.0,40.0,54.5843085955799,54.5843085955799,55.0
999,40.0,40.0,40.0,54.633941614948185,54.633941614948185,55.0
1000,40.0,40.0,40.0,54.6339416149482,54.6339416149482,55.0
1001,40.0,40.0,40.0,54.58430859557991,54.58430859557991,55.0
1002,40.0,40.0,40.0,54.41569140442009,54.41569140442009,55.0
1003,40.0,40.0,40.0,54.25399179715649,54.25399179715649,55.0
1004,40.0,40.0,40.0,54.1120665878953,54.1120665878953,55.0
1005,40.0,40.0,40.0,53.999999999999986,53.999999999999986,55.0
1006,40.0,40.0,40.0,53.999999999999986,53.999999999999986,55.0
1007,40.0,40.0,40.0,53.999999999999986,53.999999999999986,55.0
1008,40.0,40.0,40.0,53.999999999999986,53.999999999999986,55.0
1009,40.0,40.0,40.0,53.999999999999986,53.999999999999986,55.0
1010,40.0,40.0,40.0,53.999999999999986,53.999999999999986,55.0
1011,40.0,40.0,40.0,53.999999999999986,53.999999999999986,55.0
1012,40.0,40.0,40.0,53.999999999999986,53.999999999999986,55.0
1013,40.0,40.0,40.0,53.999999999999986,53.999999999999986,55.0
1014,40.0,40.0,40.0,53.999999999999986,53.999999999999986,55.0
1015,40.0,40.0,40.0,53.999999999999986,53.999999999999986,55.0
1016,40.0,40.0,40.0,54.1120665878953,54.1120665878953,55.0
1017,40.0,40.0,40.0,54.25399179715647,54.25399179715647,55.0
1018,40.0,40.0,40.0,54.30362481652476,54.30362481652476,55.0
1019,40.0,40.0,40.0,54.442383386318724,54.442383386318724,55.0
1020,40.0,40.0,40.0,54.472242007684585,54.472242007684585,55.0
1021,40.0,40.0,40.0,54.465324423788374,54.465324423788374,55.0
1022,40.0,40.0,40.0,54.4226089883163,54.4226089883163,55.0
1023,40.0,40.0,40.0,54.38583278305421,54.2737661951589,55.0
1024,40.0,40.0,40.0,54.28385041852235,54.141925209261174,55.0
1025,40.0,40.0,40.0,54.2737661951589,54.1120665878953,55.0
1026,40.0,40.0,40.0,54.16861719115981,53.999999999999986,55.0
1027,40.0,40.0,40.0,54.161699607263586,53.999999999999986,55.0
1028,40.0,40.0,40.0,54.141925209261174,53.999999999999986,55.0
1029,40.0,40.0,40.0,54.1120665878953,53.999999999999986,55.0
1030,40.0,40.0,40.0,53.999999999999986,53.999999999999986,55.0
1031,40.0,40.0,40.0,53.999999999999986,53.999999999999986,55.0
1032,40.0,40.0,40.0,53.999999999999986,53.999999999999986,55.0
1033,40.0,40.0,40.0,53.999999999999986,53.999999999999986,55.0
1034,40.0,40.0,40.0,53.999999999999986,53.999999999999986,55.0
1035,40.0,40.0,40.0,53.999999999999986,53.999999999999986,55.0
1036,40.0,40.0,40.0,53.999999999999986,53.999999999999986,55.0
1037,40.0,40.0,40.0,54.1120665878953,53.999999999999986,55.0
1038,40.0,40.0,40.0,54.25399179715647,54.1120665878953,55.0
1039,40.0,40.0,40.0,54.30362481652476,54.14192520926116,55.0
1040,40.0,40.0,40.0,54.33031679842341,54.161699607263586,55.0
1041,40.0,40.0,40.0,54.33031679842341,54.16861719115981,55.0
1042,40.0,40.0,40.0,54.41569140442009,54.161699607263586,55.0
1043,40.0,40.0,40.0,54.39591700641766,54.141925209261174,55.0
1044,40.0,40.0,40.0,54.2737661951589,54.1120665878953,55.0
1045,40.0,40.0,40.0,54.16861719115981,53.999999999999986,55.0
1046,40.0,40.0,40.0,54.161699607263586,53.999999999999986,55.0
1047,40.0,40.0,40.0,54.141925209261174,53.999999999999986,55.0
1048,40.0,40.0,40.0,54.1120665878953,54.1120665878953,55.0
1049,40.0,40.0,40.0,53.999999999999986,54.14192520926116,55.0
1050,40.0,40.0,40.0,53.999999999999986,54.161699607263586,55.0
1051,40.0,40.0,40.0,53.999999999999986,54.16861719115981,55.0
1052,40.0,40.0,40.0,53.999999999999986,54.161699607263586,55.0
1053,40.0,40.0,40.0,53.999999999999986,54.141925209261174,55.0
1054,40.0,40.0,40.0,53.999999999999986,54.1120665878953,55.0
1055,40.0,40.0,40.0,53.999999999999986,53.999999999999986,55.0
1056,40.0,40.0,40.0,54.1120665878953,53.999999999999986,55.0
1057,40.0,40.0,40.0,54.25399179715647,53.999999999999986,55.0
1058,40.0,40.0,40.0,54.30362481652476,53.999999999999986,55.0
1059,40.0,40.0,40.0,54.442383386318724,54.1120665878953,55.0
1060,40.0,40.0,40.0,54.696375183475205,54.25399179715647,55.0
1061,40.0,40.0,40.0,54.86124143020605,54.41569140442007,55.0
1062,40.0,40.0,40.0,55.0,54.5843085955799,55.0
1063,40.0,40.0,40.0,55.02669198189864,54.7460082028435,55.0
1064,40.0,40.0,40.0,55.04963301936829,54.88793341210469,55.0
1065,40.0,40.0,40.0,55.141925209261174,55.0,55.0
1066,40.0,40.0,40.0,55.1120665878953,55.0,55.0
1067,40.0,40.0,40.0,55.0,55.0,55.0
1068,40.0,40.0,40.0,55.0,55.0,55.0
1069,44.0,40.0,40.0,55.0,55.0,55.0
1070,44.0,40.0,40.0,55.0,55.0,55.0
1071,44.0,40.0,40.0,55.0,55.0,55.0
1072,44.0,40.0,40.0,55.0,55.0,55.0
1073,44.0,40.0,40.0,55.0,55.0,55.0
1074,61.0,40.0,40.0,55.112066587895306,55.0,55.0
1075,61.0,40.0,40.0,55.253991797156495,55.0,55.0
1076,88.0,44.0,40.0,55.86395775600131,55.0,55.0
1077,88.0,44.0,40.0,56.37614260841525,55.0,55.0
1078,88.0,44.0,40.0,56.90079022621089,55.0,55.0
1079,99.0,44.0,40.0,57.50585157347947,55.0,55.0
1080,105.0,44.0,40.0,57.9573408294754,55.0,55.0
1081,105.0,44.0,40.0,58.55761661368127,55.0,55.0
1082,105.0,44.0,40.0,58.93059258262929,55.0,55.0
1083,105.0,99.0,40.0,59.012856814106186,55.44826635158123,55.0
1084,105.0,99.0,44.0,59.317459984317225,56.01596718862596,55.0
1085,105.0,99.0,44.0,59.5971654096861,56.66276561768036,55.112066587895306
1086,105.0,99.0,44.0,59.644025838311656,57.22516779442434,55.14192520926119
1087,105.0,105.0,44.0,59.716149581477616,57.95417419000816,55.1616996072636
1088,105.0,105.0,44.0,59.58430859557991,58.53195925041635,55.28068377905512
1089,105.0,105.0,61.0,59.669683201576575,58.99308241610377,55.41569140442008
1090,120.0,105.0,61.0,59.669683201576575,59.00691758389622,55.557616613681255
1091,120.0,105.0,88.0,59.69637518347521,59.131840985897725,55.920508359265824
1092,120.0,105.0,88.0,59.858074790738804,59.17178383062706,56.366058385051794
1093,120.0,105.0,88.0,60.366058385051794,59.27376619515889,56.86124143020605
1094,120.0,105.0,99.0,60.36334205925651,59.280683779055124,57.44238338631873
1095,120.0,105.0,105.0,60.81813194600948,59.41569140442009,57.91462539400333
1096,120.0,105.0,105.0,60.57565303957467,59.55761661368126,58.57739101168368
1097,120.0,120.0,105.0,60.62287903789848,59.69637518347521,59.12215081125876
1098,120.0,120.0,105.0,60.65780474115663,59.7460082028435,59.547532390317805
1099,120.0,120.0,105.0,60.60898760515856,59.88793341210469,59.89485099600091
1100,120.0,120.0,105.0,60.330710847147905,60.11206658789529,60.323399214527186
1101,40.0,120.0,105.0,60.290373953694086,60.25399179715647,60.61416721694577
1102,40.0,120.0,105.0,59.40392547389508,60.41569140442007,60.746008202843505
1103,40.0,120.0,105.0,58.964258413371624,60.47224200768459,60.746008202843505
1104,40.0,120.0,105.0,57.999999999999986,60.49201640568701,60.726233804841094
1105,40.0,120.0,120.0,57.03574158662836,60.584308595579905,60.8015241874743
1106,40.0,120.0,120.0,56.147808174523675,60.669683201576575,60.81852599473398
1107,40.0,120.0,120.0,55.4781249729471,60.669683201576575,60.851157206842586
1108,40.0,40.0,120.0,55.1120665878953,60.360175419789286,60.89485099600091
1109,40.0,40.0,120.0,54.88793341210469,59.759899635583416,60.7956412222118
1110,40.0,40.0,120.0,54.74600820284351,59.020809016636136,60.8580747907388
1111,40.0,40.0,120.0,54.58430859557991,58.161699607263586,61.042659170524594
1112,40.0,40.0,120.0,54.41569140442009,57.17766679588955,60.966390434205124
1113,40.0,40.0,120.0,54.3660583850518,56.25987476241899,61.00691758389622
1114,40.0,40.0,120.0,54.36605838505179,55.4781249729471,61.04646637990105
1115,40.0,40.0,120.0,54.41569140442007,55.1120665878953,61.07949164073416
1116,40.0,40.0,40.0,54.472242007684585,54.88793341210469,61.029858621365875
1117,40.0,40.0,40.0,54.604082993582324,54.74600820284351,60.3799498177917
1118,40.0,40.0,40.0,54.61416721694577,54.58430859557991,59.54856700895153
1119,40.0,40.0,40.0,54.57739101168369,54.41569140442009,58.6339416149482
1120,40.0,40.0,40.0,54.4226089883163,54.25399179715649,57.669683201576575
1121,40.0,40.0,40.0,54.38583278305421,54.22413317579061,56.73211677010359
1122,40.0,40.0,40.0,54.39591700641766,54.25399179715647,56.005882965262494
1123,40.0,40.0,40.0,54.41569140442007,54.30362481652476,55.39591700641766
1124,40.0,40.0,40.0,54.33031679842341,54.33031679842341,55.0197743980024
1125,40.0,40.0,40.0,54.33031679842341,54.33031679842341,54.75292578673972
1126,40.0,40.0,40.0,54.303624816524774,54.303624816524774,54.57739101168367
1127,40.0,40.0,40.0,54.3660583850518,54.25399179715649,54.507983594312975
1128,40.0,40.0,40.0,54.25399179715647,54.22413317579061,54.4781249729471
1129,40.0,40.0,40.0,54.2737661951589,54.25399179715647,54.41569140442007
1130,40.0,40.0,40.0,54.310542400420985,54.41569140442007,54.5843085955799
1131,40.0,40.0,40.0,54.323399214527186,54.472242007684585,54.7460082028435
1132,40.0,40.0,40.0,54.42260898831631,54.604082993582324,54.88793341210469
1133,40.0,40.0,40.0,54.52775799231539,54.61416721694577,55.0
1134,40.0,40.0,40.0,54.44555002578595,54.689457599579,55.0
1135,40.0,40.0,40.0,54.55444997421404,54.6766007854728,55.0
1136,40.0,40.0,40.0,54.472242007684585,54.689457599578986,55.0
1137,40.0,40.0,40.0,54.465324423788374,54.72623380484109,55.0
1138,40.0,40.0,40.0,54.4226089883163,54.7460082028435,54.88793341210469
1139,40.0,40.0,40.0,54.2737661951589,54.6339416149482,54.858074790738826
1140,40.0,40.0,40.0,54.25399179715649,54.58430859557991,54.8383003927364
1141,40.0,40.0,40.0,54.36605838505179,54.5277579923154,54.94344939673548
1142,40.0,40.0,40.0,54.41569140442007,54.507983594312975,54.980225601997574
1143,40.0,40.0,40.0,54.472242007684585,54.41569140442007,55.01977439800241
1144,40.0,40.0,40.0,54.604082993582324,54.33031679842341,55.05655060326451
1145,40.0,40.0,40.0,54.61416721694577,54.33031679842341,55.161699607263586
1146,40.0,40.0,40.0,54.57739101168369,54.303624816524774,55.141925209261174
1147,40.0,40.0,40.0,54.4226089883163,54.25399179715649,55.1120665878953
1148,40.0,40.0,40.0,54.2737661951589,54.1120665878953,55.0
1149,40.0,40.0,40.0,54.141925209261174,53.999999999999986,55.0
1150,40.0,40.0,40.0,54.1120665878953,53.999999999999986,55.0
1151,40.0,40.0,40.0,53.999999999999986,53.999999999999986,55.0
1152,40.0,40.0,40.0,53.999999999999986,53.999999999999986,55.0
1153,40.0,40.0,40.0,53.999999999999986,53.999999999999986,55.0
1154,40.0,40.0,40.0,53.999999999999986,53.999999999999986,55.0
1155,40.0,40.0,40.0,53.999999999999986,53.999999999999986,55.0
1156,40.0,40.0,40.0,53.999999999999986,53.999999999999986,55.0
1157,40.0,40.0,40.0,53.999999999999986,53.999999999999986,55.0
1158,40.0,40.0,40.0,53.999999999999986,53.999999999999986,55.0
1159,40.0,40.0,40.0,53.999999999999986,53.999999999999986,55.0
1160,40.0,40.0,40.0,53.999999999999986,53.999999999999986,55.0
1161,40.0,40.0,40.0,53.999999999999986,53.999999999999986,55.0
1162,40.0,40.0,40.0,53.999999999999986,53.999999999999986,55.0
1163,40.0,40.0,40.0,53.999999999999986,53.999999999999986,54.88793341210469
1164,40.0,40.0,40.0,54.1120665878953,54.1120665878953,54.858074790738826
1165,40.0,40.0,40.0,54.14192520926116,54.14192520926116,54.8383003927364
1166,40.0,40.0,40.0,54.161699607263586,54.161699607263586,54.831382808840175
1167,40.0,40.0,40.0,54.16861719115981,54.16861719115981,54.8383003927364
1168,40.0,40.0,40.0,54.2737661951589,54.161699607263586,54.85807479073881
1169,40.0,40.0,40.0,54.28385041852235,54.141925209261174,54.88793341210469
1170,40.0,40.0,40.0,54.2737661951589,54.1120665878953,55.0
1171,40.0,40.0,40.0,54.16861719115981,53.999999999999986,55.0
1172,40.0,40.0,40.0,54.161699607263586,53.999999999999986,55.0
1173,40.0,40.0,40.0,54.141925209261174,53.999999999999986,55.0
1174,40.0,40.0,40.0,54.1120665878953,53.999999999999986,55.0
1175,40.0,40.0,40.0,54.1120665878953,53.999999999999986,55.0
1176,40.0,40.0,40.0,54.14192520926116,53.999999999999986,55.0
1177,40.0,40.0,40.0,54.161699607263586,53.999999999999986,55.0
1178,40.0,40.0,40.0,54.16861719115981,53.999999999999986,55.0
1179,40.0,40.0,40.0,54.161699607263586,53.999999999999986,55.0
1180,40.0,40.0,40.0,54.141925209261174,53.999999999999986,55.0
1181,40.0,40.0,40.0,54.1120665878953,53.999999999999986,55.0
1182,40.0,40.0,40.0,53.999999999999986,53.999999999999986,55.0
1183,40.0,40.0,40.0,53.999999999999986,53.999999999999986,55.0
1184,40.0,40.0,40.0,53.999999999999986,53.999999999999986,55.0
1185,40.0,40.0,40.0,53.999999999999986,53.999999999999986,55.0
1186,40.0,40.0,40.0,54.1120665878953,54.1120665878953,55.0
1187,40.0,40.0,40.0,54.14192520926116,54.14192520926116,55.0
1188,40.0,40.0,40.0,54.2737661951589,54.2737661951589,55.0
1189,40.0,40.0,40.0,54.310542400420985,54.310542400420985,55.0
1190,40.0,40.0,40.0,54.547532390317805,54.547532390317805,55.112066587895306
1191,40.0,40.0,40.0,54.59439281894336,54.59439281894336,55.14192520926119
1192,40.0,40.0,40.0,54.5971654096861,54.5971654096861,55.1616996072636
1193,40.0,40.0,40.0,54.479159591580824,54.479159591580824,55.16861719115981
1194,40.0,40.0,40.0,54.4354658024225,54.4354658024225,55.161699607263586
1195,40.0,40.0,40.0,54.28385041852235,54.28385041852235,55.141925209261174
1196,40.0,40.0,40.0,54.22413317579061,54.22413317579061,55.1120665878953
1197,40.0,40.0,40.0,53.999999999999986,53.999999999999986,55.0
1198,40.0,40.0,40.0,53.999999999999986,53.999999999999986,55.0
1199,40.0,40.0,40.0,53.999999999999986,53.999999999999986,55.0
