,0,1,2,3,4,5,6,7,8,9,10,11
0,3.0,12.0,12.0,12.0,3.0,3.0,3.0,3.0,3.0,3.0,3.0,3.0
1,3.0,12.0,12.0,12.0,3.0,3.0,3.0,3.0,3.0,3.0,3.0,3.0
2,3.0,12.0,12.0,12.0,3.0,3.0,3.0,3.0,3.0,3.0,3.0,3.0
3,3.0,12.0,12.0,12.0,3.0,3.0,3.0,3.0,3.0,3.0,3.0,3.0
4,3.0,12.0,12.0,12.0,3.0,3.0,3.0,3.0,3.0,3.0,3.0,3.0
5,3.0,12.0,12.0,12.0,3.0,3.0,3.0,3.0,3.0,3.0,3.0,3.0
6,3.0,12.0,12.0,12.0,12.0,12.0,12.0,3.0,3.0,3.0,3.0,3.0
7,3.0,12.0,12.0,12.0,12.0,12.0,12.0,3.0,3.0,3.0,3.0,3.0
8,3.0,12.0,12.0,12.0,12.0,12.0,12.0,3.0,3.0,3.0,3.0,3.0
9,3.0,12.0,12.0,12.0,12.0,12.0,12.0,3.0,3.0,3.0,3.0,3.0
10,3.0,12.0,12.0,12.0,12.0,12.0,12.0,3.0,3.0,3.0,3.0,3.0
11,3.0,12.0,12.0,12.0,12.0,12.0,12.0,12.0,3.0,3.0,3.0,3.0
12,3.0,12.0,12.0,12.0,12.0,12.0,12.0,12.0,12.0,12.0,3.0,3.0
13,3.0,12.0,12.0,12.0,12.0,12.0,12.0,12.0,12.0,12.0,3.0,3.0
14,3.0,12.0,12.0,12.0,12.0,12.0,12.0,12.0,12.0,12.0,3.0,3.0
15,3.0,12.0,12.0,12.0,12.0,12.0,12.0,12.0,12.0,12.0,3.0,3.0
16,3.0,12.0,12.0,12.0,12.0,12.0,12.0,12.0,12.0,12.0,3.0,3.0
17,3.0,12.0,12.0,12.0,12.0,12.0,12.0,12.0,12.0,12.0,12.0,3.0
18,3.0,12.0,12.0,12.0,12.0,12.0,12.0,12.0,12.0,12.0,12.0,12.0
19,3.0,12.0,12.0,12.0,12.0,12.0,12.0,12.0,12.0,12.0,12.0,12.0
20,3.0,12.0,12.0,12.0,12.0,12.0,12.0,12.0,12.0,12.0,12.0,12.0
21,3.0,12.0,12.0,12.0,12.0,12.0,12.0,12.0,12.0,12.0,12.0,12.0
22,3.0,12.0,12.0,12.0,12.0,12.0,12.0,12.0,12.0,12.0,12.0,12.0
23,3.0,12.0,12.0,12.0,12.0,12.0,12.0,12.0,12.0,12.0,12.0,12.0
24,3.0,12.0,12.0,12.0,12.0,12.0,12.0,12.0,12.0,12.0,12.0,12.0
25,3.0,12.0,12.0,12.0,12.0,12.0,12.0,12.0,12.0,12.0,12.0,12.0
26,3.0,12.0,12.0,12.0,12.0,12.0,12.0,12.0,12.0,12.0,12.0,12.0
27,3.0,12.0,12.0,12.0,12.0,12.0,12.0,12.0,12.0,12.0,12.0,12.0
28,3.0,12.0,12.0,12.0,12.0,12.0,12.0,12.0,12.0,12.0,12.0,12.0
29,3.0,12.0,12.0,12.0,12.0,12.0,12.0,12.0,12.0,12.0,12.0,12.0
30,3.0,12.0,12.0,12.0,12.0,12.0,12.0,12.0,12.0,12.0,12.0,12.0
31,3.0,12.0,12.0,12.0,12.0,12.0,12.0,12.0,12.0,12.0,12.0,12.0
32,3.0,12.0,12.0,12.0,12.0,12.0,12.0,12.0,12.0,12.0,12.0,12.0
33,3.0,12.0,12.0,12.0,12.0,12.0,12.0,12.0,12.0,12.0,12.0,12.0
34,3.0,12.0,12.0,12.0,12.0,12.0,12.0,12.0,12.0,12.0,12.0,12.0
35,3.0,12.0,12.0,12.0,12.0,12.0,12.0,12.0,12.0,12.0,12.0,12.0
36,3.0,12.0,12.0,12.0,12.0,12.0,12.0,12.0,12.0,12.0,12.0,12.0
37,3.0,12.0,12.0,12.0,12.0,12.0,12.0,12.0,12.0,12.0,12.0,12.0
38,3.0,12.0,12.0,12.0,12.0,12.0,12.0,12.0,12.0,12.0,12.0,12.0
39,3.0,12.0,12.0,12.0,12.0,12.0,12.0,12.0,12.0,12.0,12.0,12.0
40,3.0,12.0,12.0,12.0,12.0,12.0,12.0,12.0,12.0,12.0,12.0,12.0
41,3.0,12.0,12.0,12.0,12.0,12.0,12.0,12.0,12.0,12.0,12.0,12.0
42,3.0,12.0,12.0,12.0,12.0,12.0,12.0,12.0,12.0,12.0,12.0,12.0
43,3.0,12.0,12.0,12.0,12.0,12.0,12.0,12.0,12.0,12.0,12.0,12.0
44,3.0,12.0,12.0,12.0,12.0,12.0,12.0,12.0,12.0,12.0,12.0,12.0
45,3.0,12.0,12.0,12.0,12.0,12.0,12.0,12.0,12.0,12.0,12.0,12.0
46,3.0,12.0,12.0,12.0,12.0,12.0,12.0,12.0,12.0,12.0,12.0,12.0
47,3.0,12.0,12.0,12.0,12.0,12.0,12.0,12.0,12.0,12.0,12.0,12.0
48,3.0,12.0,12.0,12.0,12.0,12.0,12.0,12.0,12.0,12.0,12.0,12.0
49,3.0,12.0,12.0,12.0,12.0,12.0,12.0,12.0,12.0,12.0,12.0,12.0
50,3.0,12.0,12.0,12.0,12.0,12.0,12.0,12.0,12.0,12.0,12.0,12.0
51,3.0,12.0,12.0,12.0,12.0,12.0,12.0,12.0,12.0,12.0,12.0,12.0
52,3.0,12.0,12.0,12.0,12.0,12.0,12.0,12.0,12.0,12.0,12.0,12.0
53,3.0,12.0,12.0,12.0,12.0,12.0,12.0,12.0,12.0,12.0,12.0,12.0
54,3.0,12.0,12.0,12.0,12.0,12.0,12.0,12.0,12.0,12.0,12.0,12.0
55,3.0,12.0,12.0,12.0,12.0,12.0,12.0,12.0,12.0,12.0,12.0,12.0
56,3.0,12.0,12.0,12.0,12.0,12.0,12.0,12.0,12.0,12.0,12.0,12.0
57,3.0,12.0,12.0,12.0,12.0,12.0,12.0,12.0,12.0,12.0,12.0,12.0
58,3.0,12.0,12.0,12.0,12.0,12.0,12.0,12.0,12.0,12.0,12.0,12.0
59,3.0,12.0,12.0,12.0,12.0,12.0,12.0,12.0,12.0,12.0,12.0,12.0
60,3.0,12.0,12.0,12.0,12.0,12.0,12.0,12.0,12.0,12.0,12.0,12.0
61,3.0,12.0,12.0,12.0,12.0,12.0,12.0,12.0,12.0,12.0,12.0,12.0
62,3.0,12.0,12.0,12.0,12.0,12.0,12.0,12.0,12.0,12.0,12.0,12.0
63,3.0,12.0,12.0,12.0,12.0,12.0,12.0,12.0,12.0,12.0,12.0,12.0
64,3.0,12.0,12.0,12.0,12.0,12.0,12.0,12.0,12.0,12.0,12.0,12.0
65,3.0,12.0,12.0,12.0,12.0,12.0,12.0,12.0,12.0,12.0,12.0,12.0
66,3.0,12.0,12.0,12.0,12.0,12.0,12.0,12.0,12.0,12.0,12.0,12.0
67,3.0,12.0,12.0,12.0,12.0,12.0,12.0,12.0,12.0,12.0,12.0,12.0
68,3.0,12.0,12.0,12.0,12.0,12.0,12.0,12.0,12.0,12.0,12.0,12.0
69,3.0,12.0,12.0,12.0,12.0,12.0,12.0,12.0,12.0,12.0,12.0,12.0
70,3.0,12.0,12.0,12.0,12.0,12.0,12.0,12.0,12.0,12.0,12.0,12.0
71,3.0,12.0,12.0,12.0,12.0,12.0,12.0,12.0,12.0,12.0,12.0,12.0
72,3.0,12.0,12.0,12.0,12.0,12.0,12.0,12.0,12.0,12.0,12.0,12.0
73,3.0,12.0,12.0,12.0,12.0,12.0,12.0,12.0,12.0,12.0,12.0,12.0
74,3.0,12.0,12.0,12.0,12.0,12.0,12.0,12.0,12.0,12.0,12.0,12.0
75,3.0,12.0,12.0,12.0,12.0,12.0,12.0,12.0,12.0,12.0,12.0,12.0
76,3.0,12.0,12.0,12.0,12.0,12.0,12.0,12.0,12.0,12.0,12.0,12.0
77,3.0,12.0,12.0,12.0,12.0,12.0,12.0,12.0,12.0,12.0,12.0,12.0
78,3.0,12.0,12.0,12.0,12.0,12.0,12.0,12.0,12.0,12.0,12.0,12.0
79,3.0,12.0,12.0,12.0,12.0,12.0,12.0,12.0,12.0,12.0,12.0,12.0
80,3.0,12.0,12.0,12.0,12.0,12.0,12.0,12.0,12.0,12.0,12.0,12.0
81,3.0,12.0,12.0,12.0,12.0,12.0,12.0,12.0,12.0,12.0,12.0,12.0
82,3.0,12.0,12.0,12.0,12.0,12.0,12.0,12.0,12.0,12.0,12.0,12.0
83,3.0,12.0,12.0,12.0,12.0,12.0,12.0,12.0,12.0,12.0,12.0,12.0
84,3.0,12.0,12.0,12.0,12.0,12.0,12.0,12.0,12.0,12.0,12.0,12.0
85,3.0,12.0,12.0,12.0,12.0,12.0,12.0,12.0,12.0,12.0,12.0,12.0
86,3.0,12.0,12.0,12.0,12.0,12.0,12.0,12.0,12.0,12.0,12.0,12.0
87,3.0,12.0,12.0,12.0,12.0,12.0,12.0,12.0,12.0,12.0,12.0,12.0
88,3.0,12.0,12.0,12.0,12.0,12.0,12.0,12.0,12.0,12.0,12.0,12.0
89,3.0,12.0,12.0,12.0,12.0,12.0,12.0,12.0,12.0,12.0,12.0,12.0
90,3.0,12.0,12.0,12.0,12.0,12.0,12.0,12.0,12.0,12.0,12.0,12.0
91,3.0,12.0,12.0,12.0,12.0,12.0,12.0,12.0,12.0,12.0,12.0,12.0
92,3.0,12.0,12.0,12.0,12.0,12.0,12.0,12.0,12.0,12.0,12.0,12.0
93,3.0,12.0,12.0,12.0,12.0,12.0,12.0,12.0,12.0,12.0,12.0,12.0
94,3.0,12.0,12.0,12.0,12.0,12.0,12.0,12.0,12.0,12.0,12.0,12.0
95,3.0,12.0,12.0,12.0,12.0,12.0,12.0,12.0,12.0,12.0,12.0,12.0
96,3.0,12.0,12.0,12.0,12.0,12.0,12.0,12.0,12.0,12.0,12.0,12.0
97,3.0,12.0,12.0,12.0,12.0,12.0,12.0,12.0,12.0,12.0,12.0,12.0
98,3.0,12.0,12.0,12.0,12.0,12.0,12.0,12.0,12.0,12.0,12.0,12.0
99,3.0,12.0,12.0,12.0,12.0,12.0,12.0,12.0,12.0,12.0,12.0,12.0
100,3.0,12.0,12.0,12.0,12.0,12.0,12.0,12.0,12.0,12.0,12.0,12.0
101,3.0,12.0,12.0,12.0,12.0,12.0,12.0,12.0,12.0,12.0,12.0,12.0
102,3.0,12.0,12.0,12.0,12.0,12.0,12.0,12.0,12.0,12.0,12.0,12.0
103,3.0,12.0,12.0,12.0,12.0,12.0,12.0,12.0,12.0,12.0,12.0,12.0
104,3.0,12.0,12.0,12.0,12.0,12.0,12.0,12.0,12.0,12.0,12.0,12.0
105,3.0,12.0,12.0,12.0,12.0,12.0,12.0,12.0,12.0,12.0,12.0,12.0
106,3.0,12.0,12.0,12.0,12.0,12.0,12.0,12.0,12.0,12.0,12.0,12.0
107,3.0,12.0,12.0,12.0,12.0,12.0,12.0,12.0,12.0,12.0,12.0,12.0
108,3.0,12.0,12.0,12.0,12.0,12.0,12.0,12.0,12.0,12.0,12.0,12.0
109,3.0,12.0,12.0,12.0,12.0,12.0,12.0,12.0,12.0,12.0,12.0,12.0
110,3.0,12.0,12.0,12.0,12.0,12.0,12.0,12.0,12.0,12.0,12.0,12.0
111,3.0,12.0,12.0,12.0,12.0,12.0,12.0,12.0,12.0,12.0,12.0,12.0
112,3.0,12.0,12.0,12.0,12.0,12.0,12.0,12.0,12.0,12.0,12.0,12.0
113,3.0,12.0,12.0,12.0,12.0,12.0,12.0,12.0,12.0,12.0,12.0,12.0
114,3.0,12.0,12.0,12.0,12.0,12.0,12.0,12.0,12.0,12.0,12.0,12.0
115,3.0,12.0,12.0,12.0,12.0,12.0,12.0,12.0,12.0,12.0,12.0,12.0
116,3.0,12.0,12.0,12.0,12.0,12.0,12.0,12.0,12.0,12.0,12.0,12.0
117,3.0,12.0,12.0,12.0,12.0,12.0,12.0,12.0,12.0,12.0,12.0,12.0
118,3.0,12.0,12.0,12.0,12.0,12.0,12.0,12.0,12.0,12.0,12.0,12.0
119,3.0,12.0,12.0,12.0,12.0,12.0,12.0,12.0,12.0,12.0,12.0,12.0
120,3.0,12.0,12.0,12.0,12.0,12.0,12.0,12.0,12.0,12.0,12.0,12.0
121,3.0,12.0,12.0,12.0,12.0,12.0,12.0,12.0,12.0,12.0,12.0,12.0
122,3.0,12.0,12.0,12.0,12.0,12.0,12.0,12.0,12.0,12.0,12.0,12.0
123,3.0,12.0,12.0,12.0,12.0,12.0,12.0,12.0,12.0,12.0,12.0,12.0
124,3.0,12.0,12.0,12.0,12.0,12.0,12.0,12.0,12.0,12.0,12.0,12.0
125,3.0,12.0,12.0,12.0,12.0,12.0,12.0,12.0,12.0,12.0,12.0,12.0
126,3.0,12.0,12.0,12.0,12.0,12.0,12.0,12.0,12.0,12.0,12.0,12.0
127,3.0,12.0,12.0,12.0,12.0,12.0,12.0,12.0,12.0,12.0,12.0,12.0
128,3.0,12.0,12.0,12.0,12.0,12.0,12.0,12.0,12.0,12.0,12.0,12.0
129,3.0,12.0,12.0,12.0,12.0,12.0,12.0,12.0,12.0,12.0,12.0,12.0
130,3.0,12.0,12.0,12.0,12.0,12.0,12.0,12.0,12.0,12.0,12.0,12.0
131,3.0,12.0,12.0,12.0,12.0,12.0,12.0,12.0,12.0,12.0,12.0,12.0
132,3.0,12.0,12.0,12.0,12.0,12.0,12.0,12.0,12.0,12.0,12.0,12.0
133,3.0,12.0,12.0,12.0,12.0,12.0,12.0,12.0,12.0,12.0,12.0,12.0
134,3.0,12.0,12.0,12.0,12.0,12.0,12.0,12.0,12.0,12.0,12.0,12.0
135,3.0,27.0,12.0,12.0,12.0,12.0,12.0,12.0,12.0,12.0,12.0,12.0
136,3.0,27.0,12.0,12.0,12.0,12.0,12.0,12.0,12.0,12.0,12.0,12.0
137,3.0,27.0,12.0,12.0,12.0,12.0,12.0,12.0,12.0,12.0,12.0,12.0
138,3.0,35.0,12.0,12.0,12.0,12.0,12.0,12.0,12.0,12.0,12.0,12.0
139,3.0,35.0,12.0,12.0,12.0,12.0,12.0,12.0,12.0,12.0,12.0,12.0
140,3.0,43.0,29.0,12.0,12.0,12.0,12.0,12.0,12.0,12.0,12.0,12.0
141,3.0,43.0,29.0,12.0,27.0,12.0,12.0,12.0,12.0,12.0,12.0,12.0
142,3.0,43.0,29.0,12.0,27.0,12.0,12.0,12.0,12.0,12.0,12.0,12.0
143,3.0,43.0,37.0,12.0,27.0,12.0,12.0,12.0,12.0,12.0,12.0,12.0
144,3.0,43.0,37.0,12.0,35.0,12.0,12.0,12.0,12.0,12.0,12.0,12.0
145,3.0,43.0,45.0,12.0,35.0,12.0,12.0,12.0,12.0,12.0,12.0,12.0
146,3.0,43.0,45.0,12.0,43.0,29.0,12.0,12.0,12.0,12.0,12.0,12.0
147,3.0,43.0,45.0,29.0,43.0,29.0,12.0,12.0,27.0,12.0,12.0,12.0
148,3.0,35.0,45.0,35.0,43.0,29.0,12.0,12.0,27.0,12.0,12.0,12.0
149,3.0,35.0,45.0,37.0,43.0,37.0,12.0,12.0,27.0,12.0,12.0,12.0
150,3.0,27.000000000017657,45.00000000002537,45.00000000003612,43.0,37.0,12.0,12.0,35.0,12.0,12.0,12.0
151,3.0,27.000000000017657,45.00000000002537,45.00000000003612,43.0,45.0,12.0,12.0,35.0,12.0,12.0,12.0
152,3.0,27.000000000017657,45.00000000002537,45.00000000003612,43.0,45.0,12.0,12.0,43.0,29.0,12.0,12.0
153,3.0,13.966064177073212,37.0,45.0,43.0,45.0,29.0,12.0,43.0,29.0,12.0,27.0
154,3.0,12.0,37.0,45.0,35.0,45.0,35.0,12.0,43.0,29.0,12.0,27.0
155,3.0,12.00000000000035,29.0,45.00000000000011,35.0,45.0,37.0,12.0,43.0,37.0,12.0,27.0
156,3.0,12.00000000000035,29.0,45.00000000000011,27.000000000017657,45.00000000002537,45.00000000003612,12.0,43.0,37.0,12.0,35.0
157,3.0,12.00000000000035,29.0,45.00000000000011,27.000000000017657,45.00000000002537,45.00000000003612,12.0,43.0,45.0,12.0,35.0
158,3.0,12.0,12.784283045852687,37.0,27.000000000017657,45.00000000002537,45.00000000003612,29.0,43.0,45.0,12.0,43.0
159,3.0,12.0,12.0,35.0,13.966064177073212,37.0,45.0,35.0,43.0,45.0,12.0,43.0
160,3.0,12.00000000000083,12.000000000001076,29.00000000000148,12.0,37.0,45.0,37.0,35.0,45.0,12.0,43.0
161,3.0,12.000000000000925,12.000000000001245,17.085966913458932,12.00000000000035,29.0,45.00000000000011,45.00000000003612,35.0,45.0,12.0,43.0
162,3.0,12.0,12.0,12.0,12.00000000000035,29.0,45.00000000000011,45.00000000003612,27.000000000017657,45.00000000002537,12.0,43.0
163,3.0,12.0,12.0,12.0,12.00000000000035,29.0,45.00000000000011,45.00000000003612,27.000000000017657,45.00000000002537,12.0,43.0
164,3.0,12.0,12.0,12.0,12.0,12.784283045852687,37.0,45.0,27.000000000017657,45.00000000002537,29.0,43.0
165,3.0,12.0,12.0,12.0,12.0,12.0,35.0,45.0,13.966064177073212,37.0,35.0,43.0
166,3.0,12.0,12.0,12.0,12.00000000000083,12.000000000001076,29.00000000000148,45.00000000000011,12.0,37.0,37.0,35.0
167,3.0,12.0,12.0,12.0,12.000000000000925,12.000000000001245,17.085966913458932,45.00000000000011,12.00000000000035,29.0,45.00000000003612,35.0
168,3.0,12.0,12.0,12.0,12.0,12.0,12.0,45.00000000000011,12.00000000000035,29.0,45.00000000003612,27.000000000017657
169,3.0,12.0,12.0,12.0,12.0,12.0,12.0,37.0,12.00000000000035,29.0,45.00000000003612,27.000000000017657
170,3.0,12.0,12.0,12.0,12.0,12.0,12.0,35.0,12.0,12.784283045852687,45.0,27.000000000017657
171,3.0,12.0,12.0,12.0,12.0,12.0,12.0,29.00000000000148,12.0,12.0,45.0,13.966064177073212
172,3.0,12.0,12.0,12.0,12.0,12.0,12.0,17.085966913458932,12.00000000000083,12.000000000001076,45.00000000000011,12.0
173,3.0,12.0,12.0,12.0,12.0,12.0,12.0,12.0,12.000000000000925,12.000000000001245,45.00000000000011,12.00000000000035
174,3.0,12.0,12.0,12.0,12.0,12.0,12.0,12.0,12.0,12.0,45.00000000000011,12.00000000000035
175,3.0,12.0,12.227115877856649,12.0,12.0,12.0,12.0,12.0,12.0,12.0,37.0,12.00000000000035
176,3.0,12.0,12.227115877856649,12.0,12.0,12.0,12.0,12.0,12.0,12.0,35.0,12.0
177,3.0,12.0,12.227115877856649,12.0,12.0,12.0,12.0,12.0,12.0,12.0,29.00000000000148,12.0
178,3.0,12.0,12.227115877856649,12.0,12.0,12.0,12.0,12.0,12.0,12.0,17.085966913458932,12.00000000000083
179,3.0,12.000000000000117,12.000000000000002,12.000000000000185,12.0,12.0,12.0,12.0,12.0,12.0,12.0,12.000000000000925
180,3.0,12.000000000000117,12.000000000000002,12.000000000000185,12.0,12.0,12.0,12.0,12.0,12.0,12.0,12.0
181,3.0,12.000000000000117,12.000000000000002,12.000000000000185,12.0,12.227115877856649,12.0,12.0,12.0,12.0,12.0,12.0
182,3.0,12.000000000000117,12.000000000000002,12.000000000000185,12.0,12.227115877856649,12.0,12.0,12.0,12.0,12.0,12.0
183,3.0,12.000000000000117,12.000000000000002,12.000000000000185,12.0,12.227115877856649,12.0,12.0,12.0,12.0,12.0,12.0
184,3.0,12.000000000000117,12.000000000000002,12.000000000000185,12.0,12.227115877856649,12.0,12.0,12.0,12.0,12.0,12.0
185,3.0,12.000000000000117,12.000000000000002,12.000000000000185,12.000000000000117,12.000000000000002,12.000000000000185,12.0,12.0,12.0,12.0,12.0
186,3.0,12.000000000000117,12.000000000000002,12.000000000000185,12.000000000000117,12.000000000000002,12.000000000000185,12.0,12.0,12.0,12.0,12.0
187,3.0,12.000000000000117,12.000000000000002,12.000000000000185,12.000000000000117,12.000000000000002,12.000000000000185,12.0,12.0,12.227115877856649,12.0,12.0
188,3.0,12.000000000000117,12.000000000000002,12.000000000000185,12.000000000000117,12.000000000000002,12.000000000000185,12.0,12.0,12.227115877856649,12.0,12.0
189,3.0,12.000000000000117,12.000000000000002,12.000000000000185,12.000000000000117,12.000000000000002,12.000000000000185,12.0,12.0,12.227115877856649,12.0,12.0
190,3.0,12.000000000000117,12.000000000000002,12.000000000000185,12.000000000000117,12.000000000000002,12.000000000000185,12.000000000000185,12.0,12.227115877856649,12.0,12.0
191,3.0,12.000000000000117,12.000000000000002,12.000000000000185,12.000000000000117,12.000000000000002,12.000000000000185,12.000000000000185,12.000000000000117,12.000000000000002,12.0,12.0
192,3.0,12.000000000000117,12.000000000000002,12.000000000000185,12.000000000000117,12.000000000000002,12.000000000000185,12.000000000000185,12.000000000000117,12.000000000000002,12.0,12.0
193,3.0,12.000000000000117,12.000000000000002,12.000000000000185,12.000000000000117,12.000000000000002,12.000000000000185,12.000000000000185,12.000000000000117,12.000000000000002,12.0,12.0
194,3.0,12.000000000000117,12.000000000000002,12.000000000000185,12.000000000000117,12.000000000000002,12.000000000000185,12.000000000000185,12.000000000000117,12.000000000000002,12.0,12.0
195,3.0,12.000000000000117,12.000000000000002,12.000000000000185,12.000000000000117,12.000000000000002,12.000000000000185,12.000000000000185,12.000000000000117,12.000000000000002,12.0,12.0
196,3.0,12.000000000000117,12.000000000000002,12.000000000000185,12.000000000000117,12.000000000000002,12.000000000000185,12.000000000000185,12.000000000000117,12.000000000000002,12.000000000000185,12.0
197,3.0,12.000000000000117,12.000000000000002,12.000000000000185,12.000000000000117,12.000000000000002,12.000000000000185,12.000000000000185,12.000000000000117,12.000000000000002,12.000000000000185,12.000000000000117
198,3.0,12.000000000000117,12.000000000000002,12.000000000000185,12.000000000000117,12.000000000000002,12.000000000000185,12.000000000000185,12.000000000000117,12.000000000000002,12.000000000000185,12.000000000000117
199,3.0,12.000000000000117,12.000000000000002,12.000000000000185,12.000000000000117,12.000000000000002,12.000000000000185,12.000000000000185,12.000000000000117,12.000000000000002,12.000000000000185,12.000000000000117
200,3.0,12.000000000000117,12.000000000000002,12.000000000000185,12.000000000000117,12.000000000000002,12.000000000000185,12.000000000000185,12.000000000000117,12.000000000000002,12.000000000000185,12.000000000000117
201,3.0,12.000000000000117,12.000000000000002,12.000000000000185,12.000000000000117,12.000000000000002,12.000000000000185,12.000000000000185,12.000000000000117,12.000000000000002,12.000000000000185,12.000000000000117
202,3.0,12.000000000000117,12.000000000000002,12.000000000000185,12.000000000000117,12.000000000000002,12.000000000000185,12.000000000000185,12.000000000000117,12.000000000000002,12.000000000000185,12.000000000000117
203,3.0,12.000000000000117,12.000000000000002,12.000000000000185,12.000000000000117,12.000000000000002,12.000000000000185,12.000000000000185,12.000000000000117,12.000000000000002,12.000000000000185,12.000000000000117
204,3.0,12.000000000000117,12.000000000000002,12.000000000000185,12.000000000000117,12.000000000000002,12.000000000000185,12.000000000000185,12.000000000000117,12.000000000000002,12.000000000000185,12.000000000000117
205,3.0,12.000000000000117,12.000000000000002,12.000000000000185,12.000000000000117,12.000000000000002,12.000000000000185,12.000000000000185,12.000000000000117,12.000000000000002,12.000000000000185,12.000000000000117
206,3.0,12.000000000000117,12.000000000000002,12.000000000000185,12.000000000000117,12.000000000000002,12.000000000000185,12.000000000000185,12.000000000000117,12.000000000000002,12.000000000000185,12.000000000000117
207,3.0,12.000000000000117,12.000000000000002,12.000000000000185,12.000000000000117,12.000000000000002,12.000000000000185,12.000000000000185,12.000000000000117,12.000000000000002,12.000000000000185,12.000000000000117
208,3.0,12.000000000000117,12.000000000000002,12.000000000000185,12.000000000000117,12.000000000000002,12.000000000000185,12.000000000000185,12.000000000000117,12.000000000000002,12.000000000000185,12.000000000000117
209,3.0,12.000000000000117,12.000000000000002,12.000000000000185,12.000000000000117,12.000000000000002,12.000000000000185,12.000000000000185,12.000000000000117,12.000000000000002,12.000000000000185,12.000000000000117
210,3.0,12.000000000000117,12.000000000000002,12.000000000000185,12.000000000000117,12.000000000000002,12.000000000000185,12.000000000000185,12.000000000000117,12.000000000000002,12.000000000000185,12.000000000000117
211,3.0,12.000000000000117,12.000000000000002,12.000000000000185,12.000000000000117,12.000000000000002,12.000000000000185,12.000000000000185,12.000000000000117,12.000000000000002,12.000000000000185,12.000000000000117
212,3.0,12.000000000000117,12.000000000000002,12.000000000000185,12.000000000000117,12.000000000000002,12.000000000000185,12.000000000000185,12.000000000000117,12.000000000000002,12.000000000000185,12.000000000000117
213,3.0,12.000000000000117,12.000000000000002,12.000000000000185,12.000000000000117,12.000000000000002,12.000000000000185,12.000000000000185,12.000000000000117,12.000000000000002,12.000000000000185,12.000000000000117
214,3.0,12.000000000000117,12.000000000000002,12.000000000000185,12.000000000000117,12.000000000000002,12.000000000000185,12.000000000000185,12.000000000000117,12.000000000000002,12.000000000000185,12.000000000000117
215,3.0,27.0,12.000000000000002,12.000000000000185,12.000000000000117,12.000000000000002,12.000000000000185,12.000000000000185,12.000000000000117,12.000000000000002,12.000000000000185,12.000000000000117
216,3.0,27.0,12.000000000000002,12.000000000000185,12.000000000000117,12.000000000000002,12.000000000000185,12.000000000000185,12.000000000000117,12.000000000000002,12.000000000000185,12.000000000000117
217,3.0,27.0,12.000000000000002,12.000000000000185,12.000000000000117,12.000000000000002,12.000000000000185,12.000000000000185,12.000000000000117,12.000000000000002,12.000000000000185,12.000000000000117
218,3.0,35.0,12.000000000000002,12.000000000000185,12.000000000000117,12.000000000000002,12.000000000000185,12.000000000000185,12.000000000000117,12.000000000000002,12.000000000000185,12.000000000000117
219,3.0,35.0,12.000000000000002,12.000000000000185,12.000000000000117,12.000000000000002,12.000000000000185,12.000000000000185,12.000000000000117,12.000000000000002,12.000000000000185,12.000000000000117
220,3.0,43.0,29.0,12.000000000000185,12.000000000000117,12.000000000000002,12.000000000000185,12.000000000000185,12.000000000000117,12.000000000000002,12.000000000000185,12.000000000000117
221,3.0,43.0,29.0,12.000000000000185,27.0,12.000000000000002,12.000000000000185,12.000000000000185,12.000000000000117,12.000000000000002,12.000000000000185,12.000000000000117
222,3.0,43.0,29.0,12.000000000000185,27.0,12.000000000000002,12.000000000000185,12.000000000000185,12.000000000000117,12.000000000000002,12.000000000000185,12.000000000000117
223,3.0,43.0,37.0,12.000000000000185,27.0,12.000000000000002,12.000000000000185,12.000000000000185,12.000000000000117,12.000000000000002,12.000000000000185,12.000000000000117
224,3.0,43.0,37.0,12.000000000000185,35.0,12.000000000000002,12.000000000000185,12.000000000000185,12.000000000000117,12.000000000000002,12.000000000000185,12.000000000000117
225,3.0,43.0,45.0,12.000000000000185,35.0,12.000000000000002,12.000000000000185,12.000000000000185,12.000000000000117,12.000000000000002,12.000000000000185,12.000000000000117
226,3.0,43.0,45.0,12.000000000000185,43.0,29.0,12.000000000000185,12.000000000000185,12.000000000000117,12.000000000000002,12.000000000000185,12.000000000000117
227,3.0,43.0,45.0,29.0,43.0,29.0,12.000000000000185,12.000000000000185,27.0,12.000000000000002,12.000000000000185,12.000000000000117
228,3.0,35.0,45.0,35.0,43.0,29.0,12.000000000000185,12.000000000000185,27.0,12.000000000000002,12.000000000000185,12.000000000000117
229,3.0,35.0,45.0,37.0,43.0,37.0,12.000000000000185,12.000000000000185,27.0,12.000000000000002,12.000000000000185,12.000000000000117
230,3.0,27.0,45.0,45.0,43.0,37.0,12.000000000000185,12.000000000000185,35.0,12.000000000000002,12.000000000000185,12.000000000000117
231,3.0,27.0,45.0,45.0,43.0,45.0,12.000000000000185,12.000000000000185,35.0,12.000000000000002,12.000000000000185,12.000000000000117
232,3.0,27.0,45.0,45.0,43.0,45.0,12.000000000000185,12.000000000000185,43.0,29.0,12.000000000000185,12.000000000000117
233,3.0,14.197071005145856,37.0,45.0,43.0,45.0,29.0,12.000000000000185,43.0,29.0,12.000000000000185,27.0
234,3.0,12.0,37.0,45.0,35.0,45.0,35.0,12.000000000000185,43.0,29.0,12.000000000000185,27.0
235,3.0,12.000000000001542,29.000000000003073,45.00000000000476,35.0,45.0,37.0,12.000000000000185,43.0,37.0,12.000000000000185,27.0
236,3.0,12.000000000001542,29.000000000003073,45.00000000000476,27.0,45.0,45.0,12.000000000000185,43.0,37.0,12.000000000000185,35.0
237,3.0,12.000000000001542,29.000000000003073,45.00000000000476,27.0,45.0,45.0,12.000000000000185,43.0,45.0,12.000000000000185,35.0
238,3.0,12.000000000000826,13.674110783632303,37.000000000001464,27.0,45.0,45.0,29.0,43.0,45.0,12.000000000000185,43.0
239,3.0,12.000000000004913,12.000000000005368,35.00000000001069,14.197071005145856,37.0,45.0,35.0,43.0,45.0,12.000000000000185,43.0
240,3.0,12.000000000001712,12.000000000002071,29.000000000003133,12.0,37.0,45.0,37.0,35.0,45.0,12.000000000000185,43.0
241,3.0,12.000000000000897,12.000000000001048,16.6813566818973,12.000000000001542,29.000000000003073,45.00000000000476,45.0,35.0,45.0,12.000000000000185,43.0
242,3.0,12.00000000000106,12.000000000001338,12.000000000000776,12.000000000001542,29.000000000003073,45.00000000000476,45.0,27.0,45.0,12.000000000000185,43.0
243,3.0,12.00000000000106,12.000000000001338,12.000000000000776,12.000000000001542,29.000000000003073,45.00000000000476,45.0,27.0,45.0,12.000000000000185,43.0
244,3.0,12.00000000000106,12.000000000001338,12.000000000000776,12.000000000000826,13.674110783632303,37.000000000001464,45.0,27.0,45.0,29.0,43.0
245,3.0,12.00000000000106,12.000000000001338,12.000000000000776,12.000000000004913,12.000000000005368,35.00000000001069,45.0,14.197071005145856,37.0,35.0,43.0
246,3.0,12.00000000000106,12.000000000001338,12.000000000000776,12.000000000001712,12.000000000002071,29.000000000003133,45.00000000000476,12.0,37.0,37.0,35.0
247,3.0,12.00000000000106,12.000000000001338,12.000000000000776,12.000000000000897,12.000000000001048,16.6813566818973,45.00000000000476,12.000000000001542,29.000000000003073,45.0,35.0
248,3.0,12.00000000000106,12.000000000001338,12.000000000000776,12.00000000000106,12.000000000001338,12.000000000000776,45.00000000000476,12.000000000001542,29.000000000003073,45.0,27.0
249,3.0,12.00000000000106,12.000000000001338,12.000000000000776,12.00000000000106,12.000000000001338,12.000000000000776,37.000000000001464,12.000000000001542,29.000000000003073,45.0,27.0
250,3.0,12.00000000000106,12.000000000001338,12.000000000000776,12.00000000000106,12.000000000001338,12.000000000000776,35.00000000001069,12.000000000000826,13.674110783632303,45.0,27.0
251,3.0,12.00000000000106,12.000000000001338,12.000000000000776,12.00000000000106,12.000000000001338,12.000000000000776,29.000000000003133,12.000000000004913,12.000000000005368,45.0,14.197071005145856
252,3.0,12.00000000000106,12.000000000001338,12.000000000000776,12.00000000000106,12.000000000001338,12.000000000000776,16.6813566818973,12.000000000001712,12.000000000002071,45.00000000000476,12.0
253,3.0,12.00000000000106,12.000000000001338,12.000000000000776,12.00000000000106,12.000000000001338,12.000000000000776,12.000000000000776,12.000000000000897,12.000000000001048,45.00000000000476,12.000000000001542
254,3.0,12.00000000000106,12.000000000001338,12.000000000000776,12.00000000000106,12.000000000001338,12.000000000000776,12.000000000000776,12.00000000000106,12.000000000001338,45.00000000000476,12.000000000001542
255,3.0,12.000000000000547,12.200992965604415,12.000000000000401,12.00000000000106,12.000000000001338,12.000000000000776,12.000000000000776,12.00000000000106,12.000000000001338,37.000000000001464,12.000000000001542
256,3.0,12.000000000000332,12.403705622715497,12.000000000000307,12.00000000000106,12.000000000001338,12.000000000000776,12.000000000000776,12.00000000000106,12.000000000001338,35.00000000001069,12.000000000000826
257,3.0,12.000000000000332,12.403705622715497,12.000000000000307,12.00000000000106,12.000000000001338,12.000000000000776,12.000000000000776,12.00000000000106,12.000000000001338,29.000000000003133,12.000000000004913
258,3.0,12.000000000000332,12.403705622715497,12.000000000000307,12.00000000000106,12.000000000001338,12.000000000000776,12.000000000000776,12.00000000000106,12.000000000001338,16.6813566818973,12.000000000001712
259,3.0,12.0,12.0,12.0,12.00000000000106,12.000000000001338,12.000000000000776,12.000000000000776,12.00000000000106,12.000000000001338,12.000000000000776,12.000000000000897
260,3.0,12.0,12.0,12.0,12.00000000000106,12.000000000001338,12.000000000000776,12.000000000000776,12.00000000000106,12.000000000001338,12.000000000000776,12.00000000000106
261,3.0,12.0,12.0,12.0,12.000000000000547,12.200992965604415,12.000000000000401,12.000000000000776,12.00000000000106,12.000000000001338,12.000000000000776,12.00000000000106
262,3.0,12.0,12.0,12.0,12.000000000000332,12.403705622715497,12.000000000000307,12.000000000000776,12.00000000000106,12.000000000001338,12.000000000000776,12.00000000000106
263,3.0,12.0,12.0,12.0,12.000000000000332,12.403705622715497,12.000000000000307,12.000000000000776,12.00000000000106,12.000000000001338,12.000000000000776,12.00000000000106
264,3.0,12.0,12.0,12.0,12.000000000000332,12.403705622715497,12.000000000000307,12.000000000000776,12.00000000000106,12.000000000001338,12.000000000000776,12.00000000000106
265,3.0,12.0,12.0,12.0,12.0,12.0,12.0,12.000000000000776,12.00000000000106,12.000000000001338,12.000000000000776,12.00000000000106
266,3.0,12.0,12.0,12.0,12.0,12.0,12.0,12.000000000000401,12.00000000000106,12.000000000001338,12.000000000000776,12.00000000000106
267,3.0,12.0,12.0,12.0,12.0,12.0,12.0,12.000000000000307,12.000000000000547,12.200992965604415,12.000000000000776,12.00000000000106
268,3.0,12.0,12.0,12.0,12.0,12.0,12.0,12.000000000000307,12.000000000000332,12.403705622715497,12.000000000000776,12.00000000000106
269,3.0,12.0,12.0,12.0,12.0,12.0,12.0,12.000000000000307,12.000000000000332,12.403705622715497,12.000000000000776,12.00000000000106
270,3.0,12.0,12.0,12.0,12.0,12.0,12.0,12.0,12.000000000000332,12.403705622715497,12.000000000000776,12.00000000000106
271,3.0,12.0,12.0,12.0,12.0,12.0,12.0,12.0,12.0,12.0,12.000000000000776,12.00000000000106
272,3.0,12.0,12.0,12.0,12.0,12.0,12.0,12.0,12.0,12.0,12.000000000000401,12.00000000000106
273,3.0,12.0,12.0,12.0,12.0,12.0,12.0,12.0,12.0,12.0,12.000000000000307,12.000000000000547
274,3.0,12.0,12.0,12.0,12.0,12.0,12.0,12.0,12.0,12.0,12.000000000000307,12.000000000000332
275,3.0,12.0,12.0,12.0,12.0,12.0,12.0,12.0,12.0,12.0,12.000000000000307,12.000000000000332
276,3.0,12.0,12.0,12.0,12.0,12.0,12.0,12.0,12.0,12.0,12.0,12.000000000000332
277,3.0,12.0,12.0,12.0,12.0,12.0,12.0,12.0,12.0,12.0,12.0,12.0
278,3.0,12.0,12.0,12.0,12.0,12.0,12.0,12.0,12.0,12.0,12.0,12.0
279,3.0,12.0,12.0,12.0,12.0,12.0,12.0,12.0,12.0,12.0,12.0,12.0
280,3.0,12.0,12.0,12.0,12.0,12.0,12.0,12.0,12.0,12.0,12.0,12.0
281,3.0,12.0,12.0,12.0,12.0,12.0,12.0,12.0,12.0,12.0,12.0,12.0
282,3.0,12.0,12.0,12.0,12.0,12.0,12.0,12.0,12.0,12.0,12.0,12.0
283,3.0,12.0,12.0,12.0,12.0,12.0,12.0,12.0,12.0,12.0,12.0,12.0
284,3.0,12.0,12.0,12.0,12.0,12.0,12.0,12.0,12.0,12.0,12.0,12.0
285,3.0,12.0,12.0,12.0,12.0,12.0,12.0,12.0,12.0,12.0,12.0,12.0
286,3.0,12.0,12.0,12.0,12.0,12.0,12.0,12.0,12.0,12.0,12.0,12.0
287,3.0,12.0,12.0,12.0,12.0,12.0,12.0,12.0,12.0,12.0,12.0,12.0
288,3.0,12.0,12.0,12.0,12.0,12.0,12.0,12.0,12.0,12.0,12.0,12.0
289,3.0,12.0,12.0,12.0,12.0,12.0,12.0,12.0,12.0,12.0,12.0,12.0
290,3.0,12.0,12.0,12.0,12.0,12.0,12.0,12.0,12.0,12.0,12.0,12.0
291,3.0,12.0,12.0,12.0,12.0,12.0,12.0,12.0,12.0,12.0,12.0,12.0
292,3.0,12.0,12.0,12.0,12.0,12.0,12.0,12.0,12.0,12.0,12.0,12.0
293,3.0,12.0,12.0,12.0,12.0,12.0,12.0,12.0,12.0,12.0,12.0,12.0
294,3.0,12.0,12.0,12.0,12.0,12.0,12.0,12.0,12.0,12.0,12.0,12.0
295,3.0,12.0,12.0,12.0,12.0,12.0,12.0,12.0,12.0,12.0,12.0,12.0
296,3.0,27.0,12.0,12.0,12.0,12.0,12.0,12.0,12.0,12.0,12.0,12.0
297,3.0,27.0,12.0,12.0,12.0,12.0,12.0,12.0,12.0,12.0,12.0,12.0
298,3.0,27.0,12.0,12.0,12.0,12.0,12.0,12.0,12.0,12.0,12.0,12.0
299,3.0,27.0,12.0,12.0,12.0,12.0,12.0,12.0,12.0,12.0,12.0,12.0
300,3.0,35.0,12.0,12.0,12.0,12.0,12.0,12.0,12.0,12.0,12.0,12.0
301,3.0,35.0,29.0,12.0,12.0,12.0,12.0,12.0,12.0,12.0,12.0,12.0
302,3.0,35.0,29.0,12.0,27.0,12.0,12.0,12.0,12.0,12.0,12.0,12.0
303,3.0,35.0,29.0,12.0,27.0,12.0,12.0,12.0,12.0,12.0,12.0,12.0
304,3.0,35.0,29.0,12.0,27.0,12.0,12.0,12.0,12.0,12.0,12.0,12.0
305,3.0,35.0,37.0,12.0,27.0,12.0,12.0,12.0,12.0,12.0,12.0,12.0
306,3.0,35.0,37.0,12.0,35.0,12.0,12.0,12.0,12.0,12.0,12.0,12.0
307,3.0,35.0,37.0,12.0,35.0,29.0,12.0,12.0,12.0,12.0,12.0,12.0
308,3.0,27.000000000021885,37.00000000002423,29.00000000004122,35.0,29.0,12.0,12.0,27.0,12.0,12.0,12.0
309,3.0,27.000000000021885,37.00000000002423,35.0,35.0,29.0,12.0,12.0,27.0,12.0,12.0,12.0
310,3.0,27.000000000021885,37.00000000002423,35.0,35.0,29.0,12.0,12.0,27.0,12.0,12.0,12.0
311,3.0,27.000000000021885,37.00000000002423,37.0,35.0,37.0,12.0,12.0,27.0,12.0,12.0,12.0
312,3.0,14.370800767569635,37.0,37.0,35.0,37.0,12.0,12.0,35.0,12.0,12.0,12.0
313,3.0,12.00000000000509,29.000000000009962,37.00000000001466,35.0,37.0,12.0,12.0,35.0,29.0,12.0,12.0
314,3.0,12.00000000000509,29.000000000009962,37.00000000001466,27.000000000021885,37.00000000002423,29.00000000004122,12.0,35.0,29.0,12.0,27.0
315,3.0,12.00000000000509,29.000000000009962,37.00000000001466,27.000000000021885,37.00000000002423,35.0,12.0,35.0,29.0,12.0,27.0
316,3.0,12.00000000000509,29.000000000009962,37.00000000001466,27.000000000021885,37.00000000002423,35.0,12.0,35.0,29.0,12.0,27.0
317,3.0,12.0,13.796098096121481,35.0,27.000000000021885,37.00000000002423,37.0,12.0,35.0,37.0,12.0,27.0
318,3.0,12.0,12.0,35.0,14.370800767569635,37.0,37.0,12.0,35.0,37.0,12.0,35.0
319,3.0,12.0,12.0,29.0,12.00000000000509,29.000000000009962,37.00000000001466,29.00000000004122,35.0,37.0,12.0,35.0
320,3.0,12.000000000000446,12.00000000000057,16.963949278136877,12.00000000000509,29.000000000009962,37.00000000001466,35.0,27.000000000021885,37.00000000002423,12.0,35.0
321,3.0,12.000000000001185,12.000000000001558,12.0000000000007,12.00000000000509,29.000000000009962,37.00000000001466,35.0,27.000000000021885,37.00000000002423,12.0,35.0
322,3.0,12.000000000001185,12.000000000001558,12.0000000000007,12.00000000000509,29.000000000009962,37.00000000001466,37.0,27.000000000021885,37.00000000002423,12.0,35.0
323,3.0,12.000000000001185,12.000000000001558,12.0000000000007,12.0,13.796098096121481,35.0,37.0,27.000000000021885,37.00000000002423,12.0,35.0
324,3.0,12.000000000001185,12.000000000001558,12.0000000000007,12.0,12.0,35.0,37.00000000001466,14.370800767569635,37.0,12.0,35.0
325,3.0,12.000000000001185,12.000000000001558,12.0000000000007,12.0,12.0,29.0,37.00000000001466,12.00000000000509,29.000000000009962,29.00000000004122,35.0
326,3.0,12.000000000001185,12.000000000001558,12.0000000000007,12.000000000000446,12.00000000000057,16.963949278136877,37.00000000001466,12.00000000000509,29.000000000009962,35.0,27.000000000021885
327,3.0,12.000000000001185,12.000000000001558,12.0000000000007,12.000000000001185,12.000000000001558,12.0000000000007,37.00000000001466,12.00000000000509,29.000000000009962,35.0,27.000000000021885
328,3.0,12.000000000001185,12.000000000001558,12.0000000000007,12.000000000001185,12.000000000001558,12.0000000000007,35.0,12.00000000000509,29.000000000009962,37.0,27.000000000021885
329,3.0,12.000000000001185,12.000000000001558,12.0000000000007,12.000000000001185,12.000000000001558,12.0000000000007,35.0,12.0,13.796098096121481,37.0,27.000000000021885
330,3.0,12.000000000001185,12.000000000001558,12.0000000000007,12.000000000001185,12.000000000001558,12.0000000000007,29.0,12.0,12.0,37.00000000001466,14.370800767569635
331,3.0,12.000000000001185,12.000000000001558,12.0000000000007,12.000000000001185,12.000000000001558,12.0000000000007,16.963949278136877,12.0,12.0,37.00000000001466,12.00000000000509
332,3.0,12.000000000001185,12.000000000001558,12.0000000000007,12.000000000001185,12.000000000001558,12.0000000000007,12.0000000000007,12.000000000000446,12.00000000000057,37.00000000001466,12.00000000000509
333,3.0,12.000000000001185,12.000000000001558,12.0000000000007,12.000000000001185,12.000000000001558,12.0000000000007,12.0000000000007,12.000000000001185,12.000000000001558,37.00000000001466,12.00000000000509
334,3.0,12.000000000001185,12.000000000001558,12.0000000000007,12.000000000001185,12.000000000001558,12.0000000000007,12.0000000000007,12.000000000001185,12.000000000001558,35.0,12.00000000000509
335,3.0,12.000000000001185,12.000000000001558,12.0000000000007,12.000000000001185,12.000000000001558,12.0000000000007,12.0000000000007,12.000000000001185,12.000000000001558,35.0,12.0
336,3.0,12.000000000001185,12.000000000001558,12.0000000000007,12.000000000001185,12.000000000001558,12.0000000000007,12.0000000000007,12.000000000001185,12.000000000001558,29.0,12.0
337,3.0,12.000000000001185,12.000000000001558,12.0000000000007,12.000000000001185,12.000000000001558,12.0000000000007,12.0000000000007,12.000000000001185,12.000000000001558,16.963949278136877,12.0
338,3.0,12.000000000001185,12.000000000001558,12.0000000000007,12.000000000001185,12.000000000001558,12.0000000000007,12.0000000000007,12.000000000001185,12.000000000001558,12.0000000000007,12.000000000000446
339,3.0,12.000000000001185,12.000000000001558,12.0000000000007,12.000000000001185,12.000000000001558,12.0000000000007,12.0000000000007,12.000000000001185,12.000000000001558,12.0000000000007,12.000000000001185
340,3.0,12.000000000001185,12.000000000001558,12.0000000000007,12.000000000001185,12.000000000001558,12.0000000000007,12.0000000000007,12.000000000001185,12.000000000001558,12.0000000000007,12.000000000001185
341,3.0,12.000000000001185,12.000000000001558,12.0000000000007,12.000000000001185,12.000000000001558,12.0000000000007,12.0000000000007,12.000000000001185,12.000000000001558,12.0000000000007,12.000000000001185
342,3.0,12.000000000001185,12.000000000001558,12.0000000000007,12.000000000001185,12.000000000001558,12.0000000000007,12.0000000000007,12.000000000001185,12.000000000001558,12.0000000000007,12.000000000001185
343,3.0,12.000000000001185,12.000000000001558,12.0000000000007,12.000000000001185,12.000000000001558,12.0000000000007,12.0000000000007,12.000000000001185,12.000000000001558,12.0000000000007,12.000000000001185
344,3.0,12.000000000001185,12.000000000001558,12.0000000000007,12.000000000001185,12.000000000001558,12.0000000000007,12.0000000000007,12.000000000001185,12.000000000001558,12.0000000000007,12.000000000001185
345,3.0,12.000000000001185,12.000000000001558,12.0000000000007,12.000000000001185,12.000000000001558,12.0000000000007,12.0000000000007,12.000000000001185,12.000000000001558,12.0000000000007,12.000000000001185
346,3.0,12.000000000001185,12.000000000001558,12.0000000000007,12.000000000001185,12.000000000001558,12.0000000000007,12.0000000000007,12.000000000001185,12.000000000001558,12.0000000000007,12.000000000001185
347,3.0,12.000000000001185,12.000000000001558,12.0000000000007,12.000000000001185,12.000000000001558,12.0000000000007,12.0000000000007,12.000000000001185,12.000000000001558,12.0000000000007,12.000000000001185
348,3.0,12.000000000001185,12.000000000001558,12.0000000000007,12.000000000001185,12.000000000001558,12.0000000000007,12.0000000000007,12.000000000001185,12.000000000001558,12.0000000000007,12.000000000001185
349,3.0,12.000000000001185,12.000000000001558,12.0000000000007,12.000000000001185,12.000000000001558,12.0000000000007,12.0000000000007,12.000000000001185,12.000000000001558,12.0000000000007,12.000000000001185
350,3.0,12.000000000001185,12.000000000001558,12.0000000000007,12.000000000001185,12.000000000001558,12.0000000000007,12.0000000000007,12.000000000001185,12.000000000001558,12.0000000000007,12.000000000001185
351,3.0,12.000000000001185,12.000000000001558,12.0000000000007,12.000000000001185,12.000000000001558,12.0000000000007,12.0000000000007,12.000000000001185,12.000000000001558,12.0000000000007,12.000000000001185
352,3.0,12.000000000001185,12.000000000001558,12.0000000000007,12.000000000001185,12.000000000001558,12.0000000000007,12.0000000000007,12.000000000001185,12.000000000001558,12.0000000000007,12.000000000001185
353,3.0,12.000000000001185,12.000000000001558,12.0000000000007,12.000000000001185,12.000000000001558,12.0000000000007,12.0000000000007,12.000000000001185,12.000000000001558,12.0000000000007,12.000000000001185
354,3.0,12.000000000001185,12.000000000001558,12.0000000000007,12.000000000001185,12.000000000001558,12.0000000000007,12.0000000000007,12.000000000001185,12.000000000001558,12.0000000000007,12.000000000001185
355,3.0,12.000000000001185,12.000000000001558,12.0000000000007,12.000000000001185,12.000000000001558,12.0000000000007,12.0000000000007,12.000000000001185,12.000000000001558,12.0000000000007,12.000000000001185
356,3.0,12.000000000001185,12.000000000001558,12.0000000000007,12.000000000001185,12.000000000001558,12.0000000000007,12.0000000000007,12.000000000001185,12.000000000001558,12.0000000000007,12.000000000001185
357,3.0,12.000000000001185,12.000000000001558,12.0000000000007,12.000000000001185,12.000000000001558,12.0000000000007,12.0000000000007,12.000000000001185,12.000000000001558,12.0000000000007,12.000000000001185
358,3.0,12.000000000001185,12.000000000001558,12.0000000000007,12.000000000001185,12.000000000001558,12.0000000000007,12.0000000000007,12.000000000001185,12.000000000001558,12.0000000000007,12.000000000001185
359,3.0,12.000000000001185,12.000000000001558,12.0000000000007,12.000000000001185,12.000000000001558,12.0000000000007,12.0000000000007,12.000000000001185,12.000000000001558,12.0000000000007,12.000000000001185
360,3.0,12.000000000001185,12.000000000001558,12.0000000000007,12.000000000001185,12.000000000001558,12.0000000000007,12.0000000000007,12.000000000001185,12.000000000001558,12.0000000000007,12.000000000001185
361,3.0,12.000000000001185,12.000000000001558,12.0000000000007,12.000000000001185,12.000000000001558,12.0000000000007,12.0000000000007,12.000000000001185,12.000000000001558,12.0000000000007,12.000000000001185
362,3.0,12.000000000001185,12.000000000001558,12.0000000000007,12.000000000001185,12.000000000001558,12.0000000000007,12.0000000000007,12.000000000001185,12.000000000001558,12.0000000000007,12.000000000001185
363,3.0,12.000000000001185,12.000000000001558,12.0000000000007,12.000000000001185,12.000000000001558,12.0000000000007,12.0000000000007,12.000000000001185,12.000000000001558,12.0000000000007,12.000000000001185
364,3.0,12.000000000001185,12.000000000001558,12.0000000000007,12.000000000001185,12.000000000001558,12.0000000000007,12.0000000000007,12.000000000001185,12.000000000001558,12.0000000000007,12.000000000001185
365,3.0,12.000000000001185,12.000000000001558,12.0000000000007,12.000000000001185,12.000000000001558,12.0000000000007,12.0000000000007,12.000000000001185,12.000000000001558,12.0000000000007,12.000000000001185
366,3.0,12.000000000001185,12.000000000001558,12.0000000000007,12.000000000001185,12.000000000001558,12.0000000000007,12.0000000000007,12.000000000001185,12.000000000001558,12.0000000000007,12.000000000001185
367,3.0,12.000000000001185,12.000000000001558,12.0000000000007,12.000000000001185,12.000000000001558,12.0000000000007,12.0000000000007,12.000000000001185,12.000000000001558,12.0000000000007,12.000000000001185
368,3.0,12.000000000001185,12.000000000001558,12.0000000000007,12.000000000001185,12.000000000001558,12.0000000000007,12.0000000000007,12.000000000001185,12.000000000001558,12.0000000000007,12.000000000001185
369,3.0,12.000000000001185,12.000000000001558,12.0000000000007,12.000000000001185,12.000000000001558,12.0000000000007,12.0000000000007,12.000000000001185,12.000000000001558,12.0000000000007,12.000000000001185
370,3.0,12.000000000001185,12.000000000001558,12.0000000000007,12.000000000001185,12.000000000001558,12.0000000000007,12.0000000000007,12.000000000001185,12.000000000001558,12.0000000000007,12.000000000001185
371,3.0,12.000000000001185,12.000000000001558,12.0000000000007,12.000000000001185,12.000000000001558,12.0000000000007,12.0000000000007,12.000000000001185,12.000000000001558,12.0000000000007,12.000000000001185
372,3.0,12.000000000001185,12.000000000001558,12.0000000000007,12.000000000001185,12.000000000001558,12.0000000000007,12.0000000000007,12.000000000001185,12.000000000001558,12.0000000000007,12.000000000001185
373,3.0,12.000000000001185,12.000000000001558,12.0000000000007,12.000000000001185,12.000000000001558,12.0000000000007,12.0000000000007,12.000000000001185,12.000000000001558,12.0000000000007,12.000000000001185
374,3.0,12.000000000001185,12.000000000001558,12.0000000000007,12.000000000001185,12.000000000001558,12.0000000000007,12.0000000000007,12.000000000001185,12.000000000001558,12.0000000000007,12.000000000001185
375,3.0,12.000000000001185,12.000000000001558,12.0000000000007,12.000000000001185,12.000000000001558,12.0000000000007,12.0000000000007,12.000000000001185,12.000000000001558,12.0000000000007,12.000000000001185
376,3.0,27.0,12.000000000001558,12.0000000000007,12.000000000001185,12.000000000001558,12.0000000000007,12.0000000000007,12.000000000001185,12.000000000001558,12.0000000000007,12.000000000001185
377,3.0,27.0,12.000000000001558,12.0000000000007,12.000000000001185,12.000000000001558,12.0000000000007,12.0000000000007,12.000000000001185,12.000000000001558,12.0000000000007,12.000000000001185
378,3.0,27.0,12.000000000001558,12.0000000000007,12.000000000001185,12.000000000001558,12.0000000000007,12.0000000000007,12.000000000001185,12.000000000001558,12.0000000000007,12.000000000001185
379,3.0,27.0,12.000000000001558,12.0000000000007,12.000000000001185,12.000000000001558,12.0000000000007,12.0000000000007,12.000000000001185,12.000000000001558,12.0000000000007,12.000000000001185
380,3.0,35.0,12.000000000001558,12.0000000000007,12.000000000001185,12.000000000001558,12.0000000000007,12.0000000000007,12.000000000001185,12.000000000001558,12.0000000000007,12.000000000001185
381,3.0,35.0,29.0,12.0000000000007,12.000000000001185,12.000000000001558,12.0000000000007,12.0000000000007,12.000000000001185,12.000000000001558,12.0000000000007,12.000000000001185
382,3.0,35.0,29.0,12.0000000000007,27.0,12.000000000001558,12.0000000000007,12.0000000000007,12.000000000001185,12.000000000001558,12.0000000000007,12.000000000001185
383,3.0,35.0,29.0,12.0000000000007,27.0,12.000000000001558,12.0000000000007,12.0000000000007,12.000000000001185,12.000000000001558,12.0000000000007,12.000000000001185
384,3.0,35.0,29.0,12.0000000000007,27.0,12.000000000001558,12.0000000000007,12.0000000000007,12.000000000001185,12.000000000001558,12.0000000000007,12.000000000001185
385,3.0,35.0,37.0,12.0000000000007,27.0,12.000000000001558,12.0000000000007,12.0000000000007,12.000000000001185,12.000000000001558,12.0000000000007,12.000000000001185
386,3.0,35.0,37.0,12.0000000000007,35.0,12.000000000001558,12.0000000000007,12.0000000000007,12.000000000001185,12.000000000001558,12.0000000000007,12.000000000001185
387,3.0,35.0,37.0,12.0000000000007,35.0,29.0,12.0000000000007,12.0000000000007,12.000000000001185,12.000000000001558,12.0000000000007,12.000000000001185
388,3.0,27.0,37.0,29.0,35.0,29.0,12.0000000000007,12.0000000000007,27.0,12.000000000001558,12.0000000000007,12.000000000001185
389,3.0,27.0,37.0,35.0,35.0,29.0,12.0000000000007,12.0000000000007,27.0,12.000000000001558,12.0000000000007,12.000000000001185
390,3.0,27.0,37.0,35.0,35.0,29.0,12.0000000000007,12.0000000000007,27.0,12.000000000001558,12.0000000000007,12.000000000001185
391,3.0,27.0,37.0,37.0,35.0,37.0,12.0000000000007,12.0000000000007,27.0,12.000000000001558,12.0000000000007,12.000000000001185
392,3.0,13.670638961205055,37.0,37.0,35.0,37.0,12.0000000000007,12.0000000000007,35.0,12.000000000001558,12.0000000000007,12.000000000001185
393,3.0,12.00000000000596,29.00000000001099,37.00000000001553,35.0,37.0,12.0000000000007,12.0000000000007,35.0,29.0,12.0000000000007,12.000000000001185
394,3.0,12.00000000000596,29.00000000001099,37.00000000001553,27.0,37.0,29.0,12.0000000000007,35.0,29.0,12.0000000000007,27.0
395,3.0,12.00000000000596,29.00000000001099,37.00000000001553,27.0,37.0,35.0,12.0000000000007,35.0,29.0,12.0000000000007,27.0
396,3.0,12.00000000000596,29.00000000001099,37.00000000001553,27.0,37.0,35.0,12.0000000000007,35.0,29.0,12.0000000000007,27.0
397,3.0,12.0000000000021,13.568285771554578,35.00000000000427,27.0,37.0,37.0,12.0000000000007,35.0,37.0,12.0000000000007,27.0
398,3.0,12.000000000002283,12.000000000002798,35.00000000000548,13.670638961205055,37.0,37.0,12.0000000000007,35.0,37.0,12.0000000000007,35.0
399,3.0,12.000000000000588,12.000000000000595,29.000000000000888,12.00000000000596,29.00000000001099,37.00000000001553,29.0,35.0,37.0,12.0000000000007,35.0
400,3.0,12.00000000000108,12.000000000001304,17.24073436037044,12.00000000000596,29.00000000001099,37.00000000001553,35.0,27.0,37.0,12.0000000000007,35.0
401,3.0,12.0,12.0,12.0,12.00000000000596,29.00000000001099,37.00000000001553,35.0,27.0,37.0,12.0000000000007,35.0
402,3.0,12.0,12.0,12.0,12.00000000000596,29.00000000001099,37.00000000001553,37.0,27.0,37.0,12.0000000000007,35.0
403,3.0,12.0,12.0,12.0,12.0000000000021,13.568285771554578,35.00000000000427,37.0,27.0,37.0,12.0000000000007,35.0
404,3.0,12.0,12.0,12.0,12.000000000002283,12.000000000002798,35.00000000000548,37.00000000001553,13.670638961205055,37.0,12.0000000000007,35.0
405,3.0,12.0,12.0,12.0,12.000000000000588,12.000000000000595,29.000000000000888,37.00000000001553,12.00000000000596,29.00000000001099,29.0,35.0
406,3.0,12.0,12.0,12.0,12.00000000000108,12.000000000001304,17.24073436037044,37.00000000001553,12.00000000000596,29.00000000001099,35.0,27.0
407,3.0,12.0,12.0,12.0,12.0,12.0,12.0,37.00000000001553,12.00000000000596,29.00000000001099,35.0,27.0
408,3.0,12.0,12.0,12.0,12.0,12.0,12.0,35.00000000000427,12.00000000000596,29.00000000001099,37.0,27.0
409,3.0,12.0,12.0,12.0,12.0,12.0,12.0,35.00000000000548,12.0000000000021,13.568285771554578,37.0,27.0
410,3.0,12.0,12.0,12.0,12.0,12.0,12.0,29.000000000000888,12.000000000002283,12.000000000002798,37.00000000001553,13.670638961205055
411,3.0,12.0,12.0,12.0,12.0,12.0,12.0,17.24073436037044,12.000000000000588,12.000000000000595,37.00000000001553,12.00000000000596
412,3.0,12.0,12.0,12.0,12.0,12.0,12.0,12.0,12.00000000000108,12.000000000001304,37.00000000001553,12.00000000000596
413,3.0,12.0,12.0,12.0,12.0,12.0,12.0,12.0,12.0,12.0,37.00000000001553,12.00000000000596
414,3.0,12.0,12.0,12.0,12.0,12.0,12.0,12.0,12.0,12.0,35.00000000000427,12.00000000000596
415,3.0,12.0,12.0,12.0,12.0,12.0,12.0,12.0,12.0,12.0,35.00000000000548,12.0000000000021
416,3.0,12.0,12.0,12.0,12.0,12.0,12.0,12.0,12.0,12.0,29.000000000000888,12.000000000002283
417,3.0,12.0,12.0,12.0,12.0,12.0,12.0,12.0,12.0,12.0,17.24073436037044,12.000000000000588
418,3.0,12.0,12.0,12.0,12.0,12.0,12.0,12.0,12.0,12.0,12.0,12.00000000000108
419,3.0,12.0,12.0,12.0,12.0,12.0,12.0,12.0,12.0,12.0,12.0,12.0
420,3.0,12.0,12.0,12.0,12.0,12.0,12.0,12.0,12.0,12.0,12.0,12.0
421,3.0,12.0,12.0,12.0,12.0,12.0,12.0,12.0,12.0,12.0,12.0,12.0
422,3.0,12.0,12.0,12.0,12.0,12.0,12.0,12.0,12.0,12.0,12.0,12.0
423,3.0,12.0,12.0,12.0,12.0,12.0,12.0,12.0,12.0,12.0,12.0,12.0
424,3.0,12.0,12.0,12.0,12.0,12.0,12.0,12.0,12.0,12.0,12.0,12.0
425,3.0,12.0,12.0,12.0,12.0,12.0,12.0,12.0,12.0,12.0,12.0,12.0
426,3.0,12.0,12.0,12.0,12.0,12.0,12.0,12.0,12.0,12.0,12.0,12.0
427,3.0,12.0,12.0,12.0,12.0,12.0,12.0,12.0,12.0,12.0,12.0,12.0
428,3.0,12.0,12.0,12.0,12.0,12.0,12.0,12.0,12.0,12.0,12.0,12.0
429,3.0,12.0,12.0,12.0,12.0,12.0,12.0,12.0,12.0,12.0,12.0,12.0
430,3.0,12.0,12.0,12.0,12.0,12.0,12.0,12.0,12.0,12.0,12.0,12.0
431,3.0,12.0,12.0,12.0,12.0,12.0,12.0,12.0,12.0,12.0,12.0,12.0
432,3.0,12.0,12.0,12.0,12.0,12.0,12.0,12.0,12.0,12.0,12.0,12.0
433,3.0,12.0,12.0,12.0,12.0,12.0,12.0,12.0,12.0,12.0,12.0,12.0
434,3.0,12.0,12.0,12.0,12.0,12.0,12.0,12.0,12.0,12.0,12.0,12.0
435,3.0,12.0,12.0,12.0,12.0,12.0,12.0,12.0,12.0,12.0,12.0,12.0
436,3.0,12.0,12.0,12.0,12.0,12.0,12.0,12.0,12.0,12.0,12.0,12.0
437,3.0,12.0,12.0,12.0,12.0,12.0,12.0,12.0,12.0,12.0,12.0,12.0
438,3.0,12.0,12.0,12.0,12.0,12.0,12.0,12.0,12.0,12.0,12.0,12.0
439,3.0,12.0,12.0,12.0,12.0,12.0,12.0,12.0,12.0,12.0,12.0,12.0
440,3.0,12.0,12.0,12.0,12.0,12.0,12.0,12.0,12.0,12.0,12.0,12.0
441,3.0,12.0,12.0,12.0,12.0,12.0,12.0,12.0,12.0,12.0,12.0,12.0
442,3.0,12.0,12.0,12.0,12.0,12.0,12.0,12.0,12.0,12.0,12.0,12.0
443,3.0,12.0,12.0,12.0,12.0,12.0,12.0,12.0,12.0,12.0,12.0,12.0
444,3.0,12.0,12.0,12.0,12.0,12.0,12.0,12.0,12.0,12.0,12.0,12.0
445,3.0,12.0,12.0,12.0,12.0,12.0,12.0,12.0,12.0,12.0,12.0,12.0
446,3.0,12.0,12.0,12.0,12.0,12.0,12.0,12.0,12.0,12.0,12.0,12.0
447,3.0,12.0,12.0,12.0,12.0,12.0,12.0,12.0,12.0,12.0,12.0,12.0
448,3.0,12.0,12.0,12.0,12.0,12.0,12.0,12.0,12.0,12.0,12.0,12.0
449,3.0,12.0,12.0,12.0,12.0,12.0,12.0,12.0,12.0,12.0,12.0,12.0
450,3.0,12.0,12.0,12.0,12.0,12.0,12.0,12.0,12.0,12.0,12.0,12.0
451,3.0,12.0,12.0,12.0,12.0,12.0,12.0,12.0,12.0,12.0,12.0,12.0
452,3.0,12.0,12.0,12.0,12.0,12.0,12.0,12.0,12.0,12.0,12.0,12.0
453,3.0,12.0,12.0,12.0,12.0,12.0,12.0,12.0,12.0,12.0,12.0,12.0
454,3.0,12.0,12.0,12.0,12.0,12.0,12.0,12.0,12.0,12.0,12.0,12.0
455,3.0,12.0,12.0,12.0,12.0,12.0,12.0,12.0,12.0,12.0,12.0,12.0
456,3.0,12.0,12.0,12.0,12.0,12.0,12.0,12.0,12.0,12.0,12.0,12.0
457,3.0,27.0,12.0,12.0,12.0,12.0,12.0,12.0,12.0,12.0,12.0,12.0
458,3.0,27.0,12.0,12.0,12.0,12.0,12.0,12.0,12.0,12.0,12.0,12.0
459,3.0,27.0,12.0,12.0,12.0,12.0,12.0,12.0,12.0,12.0,12.0,12.0
460,3.0,27.0,12.0,12.0,12.0,12.0,12.0,12.0,12.0,12.0,12.0,12.0
461,3.0,27.0,12.0,12.0,12.0,12.0,12.0,12.0,12.0,12.0,12.0,12.0
462,3.0,27.0,29.0,12.0,12.0,12.0,12.0,12.0,12.0,12.0,12.0,12.0
463,3.0,27.0,29.0,12.0,27.0,12.0,12.0,12.0,12.0,12.0,12.0,12.0
464,3.0,27.0,29.0,12.0,27.0,12.0,12.0,12.0,12.0,12.0,12.0,12.0
465,3.0,27.0,29.0,12.0,27.0,12.0,12.0,12.0,12.0,12.0,12.0,12.0
466,3.0,27.0,29.0,12.0,27.0,12.0,12.0,12.0,12.0,12.0,12.0,12.0
467,3.0,27.0,29.0,12.0,27.0,12.0,12.0,12.0,12.0,12.0,12.0,12.0
468,3.0,27.0,29.0,12.0,27.0,29.0,12.0,12.0,12.0,12.0,12.0,12.0
469,3.0,27.0,29.0,12.0,27.0,29.0,12.0,12.0,27.0,12.0,12.0,12.0
470,3.0,27.0,29.0,29.0,27.0,29.0,12.0,12.0,27.0,12.0,12.0,12.0
471,3.0,14.132215887963403,29.0,29.0,27.0,29.0,12.0,12.0,27.0,12.0,12.0,12.0
472,3.0,12.000000000002427,29.000000000005503,29.00000000000576,27.0,29.0,12.0,12.0,27.0,12.0,12.0,12.0
473,3.0,12.000000000002427,29.000000000005503,29.00000000000576,27.0,29.0,12.0,12.0,27.0,12.0,12.0,12.0
474,3.0,12.000000000002427,29.000000000005503,29.00000000000576,27.0,29.0,12.0,12.0,27.0,29.0,12.0,12.0
475,3.0,12.000000000002427,29.000000000005503,29.00000000000576,27.0,29.0,12.0,12.0,27.0,29.0,12.0,27.0
476,3.0,12.0,14.33868365039426,29.0,27.0,29.0,29.0,12.0,27.0,29.0,12.0,27.0
477,3.0,12.0,12.0,29.0,14.132215887963403,29.0,29.0,12.0,27.0,29.0,12.0,27.0
478,3.0,12.00000000000019,12.00000000000021,16.900504662204185,12.000000000002427,29.000000000005503,29.00000000000576,12.0,27.0,29.0,12.0,27.0
479,3.0,12.000000000000522,12.000000000000579,12.000000000000309,12.000000000002427,29.000000000005503,29.00000000000576,12.0,27.0,29.0,12.0,27.0
480,3.0,12.000000000000522,12.000000000000579,12.000000000000309,12.000000000002427,29.000000000005503,29.00000000000576,12.0,27.0,29.0,12.0,27.0
481,3.0,12.000000000000522,12.000000000000579,12.000000000000309,12.000000000002427,29.000000000005503,29.00000000000576,29.0,27.0,29.0,12.0,27.0
482,3.0,12.000000000000522,12.000000000000579,12.000000000000309,12.0,14.33868365039426,29.0,29.0,27.0,29.0,12.0,27.0
483,3.0,12.000000000000522,12.000000000000579,12.000000000000309,12.0,12.0,29.0,29.00000000000576,14.132215887963403,29.0,12.0,27.0
484,3.0,12.000000000000522,12.000000000000579,12.000000000000309,12.00000000000019,12.00000000000021,16.900504662204185,29.00000000000576,12.000000000002427,29.000000000005503,12.0,27.0
485,3.0,12.000000000000522,12.000000000000579,12.000000000000309,12.000000000000522,12.000000000000579,12.000000000000309,29.00000000000576,12.000000000002427,29.000000000005503,12.0,27.0
486,3.0,12.000000000000522,12.000000000000579,12.000000000000309,12.000000000000522,12.000000000000579,12.000000000000309,29.00000000000576,12.000000000002427,29.000000000005503,12.0,27.0
487,3.0,12.000000000000522,12.000000000000579,12.000000000000309,12.000000000000522,12.000000000000579,12.000000000000309,29.0,12.000000000002427,29.000000000005503,29.0,27.0
488,3.0,12.000000000000522,12.000000000000579,12.000000000000309,12.000000000000522,12.000000000000579,12.000000000000309,29.0,12.0,14.33868365039426,29.0,27.0
489,3.0,12.000000000000522,12.000000000000579,12.000000000000309,12.000000000000522,12.000000000000579,12.000000000000309,16.900504662204185,12.0,12.0,29.00000000000576,14.132215887963403
490,3.0,12.000000000000522,12.000000000000579,12.000000000000309,12.000000000000522,12.000000000000579,12.000000000000309,12.000000000000309,12.00000000000019,12.00000000000021,29.00000000000576,12.000000000002427
491,3.0,12.000000000000522,12.000000000000579,12.000000000000309,12.000000000000522,12.000000000000579,12.000000000000309,12.000000000000309,12.000000000000522,12.000000000000579,29.00000000000576,12.000000000002427
492,3.0,12.000000000000522,12.000000000000579,12.000000000000309,12.000000000000522,12.000000000000579,12.000000000000309,12.000000000000309,12.000000000000522,12.000000000000579,29.00000000000576,12.000000000002427
493,3.0,12.000000000000522,12.000000000000579,12.000000000000309,12.000000000000522,12.000000000000579,12.000000000000309,12.000000000000309,12.000000000000522,12.000000000000579,29.0,12.000000000002427
494,3.0,12.000000000000522,12.000000000000579,12.000000000000309,12.000000000000522,12.000000000000579,12.000000000000309,12.000000000000309,12.000000000000522,12.000000000000579,29.0,12.0
495,3.0,12.000000000000522,12.000000000000579,12.000000000000309,12.000000000000522,12.000000000000579,12.000000000000309,12.000000000000309,12.000000000000522,12.000000000000579,16.900504662204185,12.0
496,3.0,12.000000000000522,12.000000000000579,12.000000000000309,12.000000000000522,12.000000000000579,12.000000000000309,12.000000000000309,12.000000000000522,12.000000000000579,12.000000000000309,12.00000000000019
497,3.0,12.000000000000522,12.000000000000579,12.000000000000309,12.000000000000522,12.000000000000579,12.000000000000309,12.000000000000309,12.000000000000522,12.000000000000579,12.000000000000309,12.000000000000522
498,3.0,12.000000000000522,12.000000000000579,12.000000000000309,12.000000000000522,12.000000000000579,12.000000000000309,12.000000000000309,12.000000000000522,12.000000000000579,12.000000000000309,12.000000000000522
499,3.0,12.000000000000522,12.000000000000579,12.000000000000309,12.000000000000522,12.000000000000579,12.000000000000309,12.000000000000309,12.000000000000522,12.000000000000579,12.000000000000309,12.000000000000522
500,3.0,12.000000000000522,12.000000000000579,12.000000000000309,12.000000000000522,12.000000000000579,12.000000000000309,12.000000000000309,12.000000000000522,12.000000000000579,12.000000000000309,12.000000000000522
501,3.0,12.000000000000522,12.000000000000579,12.000000000000309,12.000000000000522,12.000000000000579,12.000000000000309,12.000000000000309,12.000000000000522,12.000000000000579,12.000000000000309,12.000000000000522
502,3.0,12.000000000000522,12.000000000000579,12.000000000000309,12.000000000000522,12.000000000000579,12.000000000000309,12.000000000000309,12.000000000000522,12.000000000000579,12.000000000000309,12.000000000000522
503,3.0,12.000000000000522,12.000000000000579,12.000000000000309,12.000000000000522,12.000000000000579,12.000000000000309,12.000000000000309,12.000000000000522,12.000000000000579,12.000000000000309,12.000000000000522
504,3.0,12.000000000000522,12.000000000000579,12.000000000000309,12.000000000000522,12.000000000000579,12.000000000000309,12.000000000000309,12.000000000000522,12.000000000000579,12.000000000000309,12.000000000000522
505,3.0,12.000000000000522,12.000000000000579,12.000000000000309,12.000000000000522,12.000000000000579,12.000000000000309,12.000000000000309,12.000000000000522,12.000000000000579,12.000000000000309,12.000000000000522
506,3.0,12.000000000000522,12.000000000000579,12.000000000000309,12.000000000000522,12.000000000000579,12.000000000000309,12.000000000000309,12.000000000000522,12.000000000000579,12.000000000000309,12.000000000000522
507,3.0,12.000000000000522,12.000000000000579,12.000000000000309,12.000000000000522,12.000000000000579,12.000000000000309,12.000000000000309,12.000000000000522,12.000000000000579,12.000000000000309,12.000000000000522
508,3.0,12.000000000000522,12.000000000000579,12.000000000000309,12.000000000000522,12.000000000000579,12.000000000000309,12.000000000000309,12.000000000000522,12.000000000000579,12.000000000000309,12.000000000000522
509,3.0,12.000000000000522,12.000000000000579,12.000000000000309,12.000000000000522,12.000000000000579,12.000000000000309,12.000000000000309,12.000000000000522,12.000000000000579,12.000000000000309,12.000000000000522
510,3.0,12.000000000000522,12.000000000000579,12.000000000000309,12.000000000000522,12.000000000000579,12.000000000000309,12.000000000000309,12.000000000000522,12.000000000000579,12.000000000000309,12.000000000000522
511,3.0,12.000000000000522,12.000000000000579,12.000000000000309,12.000000000000522,12.000000000000579,12.000000000000309,12.000000000000309,12.000000000000522,12.000000000000579,12.000000000000309,12.000000000000522
512,3.0,12.000000000000522,12.000000000000579,12.000000000000309,12.000000000000522,12.000000000000579,12.000000000000309,12.000000000000309,12.000000000000522,12.000000000000579,12.000000000000309,12.000000000000522
513,3.0,12.000000000000522,12.000000000000579,12.000000000000309,12.000000000000522,12.000000000000579,12.000000000000309,12.000000000000309,12.000000000000522,12.000000000000579,12.000000000000309,12.000000000000522
514,3.0,12.000000000000522,12.000000000000579,12.000000000000309,12.000000000000522,12.000000000000579,12.000000000000309,12.000000000000309,12.000000000000522,12.000000000000579,12.000000000000309,12.000000000000522
515,3.0,12.000000000000522,12.000000000000579,12.000000000000309,12.000000000000522,12.000000000000579,12.000000000000309,12.000000000000309,12.000000000000522,12.000000000000579,12.000000000000309,12.000000000000522
516,3.0,12.000000000000522,12.000000000000579,12.000000000000309,12.000000000000522,12.000000000000579,12.000000000000309,12.000000000000309,12.000000000000522,12.000000000000579,12.000000000000309,12.000000000000522
517,3.0,12.000000000000522,12.000000000000579,12.000000000000309,12.000000000000522,12.000000000000579,12.000000000000309,12.000000000000309,12.000000000000522,12.000000000000579,12.000000000000309,12.000000000000522
518,3.0,12.000000000000522,12.000000000000579,12.000000000000309,12.000000000000522,12.000000000000579,12.000000000000309,12.000000000000309,12.000000000000522,12.000000000000579,12.000000000000309,12.000000000000522
519,3.0,12.000000000000522,12.000000000000579,12.000000000000309,12.000000000000522,12.000000000000579,12.000000000000309,12.000000000000309,12.000000000000522,12.000000000000579,12.000000000000309,12.000000000000522
520,3.0,12.000000000000522,12.000000000000579,12.000000000000309,12.000000000000522,12.000000000000579,12.000000000000309,12.000000000000309,12.000000000000522,12.000000000000579,12.000000000000309,12.000000000000522
521,3.0,12.000000000000522,12.000000000000579,12.000000000000309,12.000000000000522,12.000000000000579,12.000000000000309,12.000000000000309,12.000000000000522,12.000000000000579,12.000000000000309,12.000000000000522
522,3.0,12.000000000000522,12.000000000000579,12.000000000000309,12.000000000000522,12.000000000000579,12.000000000000309,12.000000000000309,12.000000000000522,12.000000000000579,12.000000000000309,12.000000000000522
523,3.0,12.000000000000522,12.000000000000579,12.000000000000309,12.000000000000522,12.000000000000579,12.000000000000309,12.000000000000309,12.000000000000522,12.000000000000579,12.000000000000309,12.000000000000522
524,3.0,12.000000000000522,12.000000000000579,12.000000000000309,12.000000000000522,12.000000000000579,12.000000000000309,12.000000000000309,12.000000000000522,12.000000000000579,12.000000000000309,12.000000000000522
525,3.0,12.000000000000522,12.000000000000579,12.000000000000309,12.000000000000522,12.000000000000579,12.000000000000309,12.000000000000309,12.000000000000522,12.000000000000579,12.000000000000309,12.000000000000522
526,3.0,12.000000000000522,12.000000000000579,12.000000000000309,12.000000000000522,12.000000000000579,12.000000000000309,12.000000000000309,12.000000000000522,12.000000000000579,12.000000000000309,12.000000000000522
527,3.0,12.000000000000522,12.000000000000579,12.000000000000309,12.000000000000522,12.000000000000579,12.000000000000309,12.000000000000309,12.000000000000522,12.000000000000579,12.000000000000309,12.000000000000522
528,3.0,12.000000000000522,12.000000000000579,12.000000000000309,12.000000000000522,12.000000000000579,12.000000000000309,12.000000000000309,12.000000000000522,12.000000000000579,12.000000000000309,12.000000000000522
529,3.0,12.000000000000522,12.000000000000579,12.000000000000309,12.000000000000522,12.000000000000579,12.000000000000309,12.000000000000309,12.000000000000522,12.000000000000579,12.000000000000309,12.000000000000522
530,3.0,12.000000000000522,12.000000000000579,12.000000000000309,12.000000000000522,12.000000000000579,12.000000000000309,12.000000000000309,12.000000000000522,12.000000000000579,12.000000000000309,12.000000000000522
531,3.0,12.000000000000522,12.000000000000579,12.000000000000309,12.000000000000522,12.000000000000579,12.000000000000309,12.000000000000309,12.000000000000522,12.000000000000579,12.000000000000309,12.000000000000522
532,3.0,12.000000000000522,12.000000000000579,12.000000000000309,12.000000000000522,12.000000000000579,12.000000000000309,12.000000000000309,12.000000000000522,12.000000000000579,12.000000000000309,12.000000000000522
533,3.0,12.000000000000522,12.000000000000579,12.000000000000309,12.000000000000522,12.000000000000579,12.000000000000309,12.000000000000309,12.000000000000522,12.000000000000579,12.000000000000309,12.000000000000522
534,3.0,12.000000000000522,12.000000000000579,12.000000000000309,12.000000000000522,12.000000000000579,12.000000000000309,12.000000000000309,12.000000000000522,12.000000000000579,12.000000000000309,12.000000000000522
535,3.0,12.000000000000522,12.000000000000579,12.000000000000309,12.000000000000522,12.000000000000579,12.000000000000309,12.000000000000309,12.000000000000522,12.000000000000579,12.000000000000309,12.000000000000522
536,3.0,12.000000000000522,12.000000000000579,12.000000000000309,12.000000000000522,12.000000000000579,12.000000000000309,12.000000000000309,12.000000000000522,12.000000000000579,12.000000000000309,12.000000000000522
537,3.0,27.0,12.000000000000579,12.000000000000309,12.000000000000522,12.000000000000579,12.000000000000309,12.000000000000309,12.000000000000522,12.000000000000579,12.000000000000309,12.000000000000522
538,3.0,27.0,12.000000000000579,12.000000000000309,12.000000000000522,12.000000000000579,12.000000000000309,12.000000000000309,12.000000000000522,12.000000000000579,12.000000000000309,12.000000000000522
539,3.0,27.0,12.000000000000579,12.000000000000309,12.000000000000522,12.000000000000579,12.000000000000309,12.000000000000309,12.000000000000522,12.000000000000579,12.000000000000309,12.000000000000522
540,3.0,27.0,12.000000000000579,12.000000000000309,12.000000000000522,12.000000000000579,12.000000000000309,12.000000000000309,12.000000000000522,12.000000000000579,12.000000000000309,12.000000000000522
541,3.0,27.0,12.000000000000579,12.000000000000309,12.000000000000522,12.000000000000579,12.000000000000309,12.000000000000309,12.000000000000522,12.000000000000579,12.000000000000309,12.000000000000522
542,3.0,27.0,29.0,12.000000000000309,12.000000000000522,12.000000000000579,12.000000000000309,12.000000000000309,12.000000000000522,12.000000000000579,12.000000000000309,12.000000000000522
543,3.0,27.0,29.0,12.000000000000309,27.0,12.000000000000579,12.000000000000309,12.000000000000309,12.000000000000522,12.000000000000579,12.000000000000309,12.000000000000522
544,3.0,27.0,29.0,12.000000000000309,27.0,12.000000000000579,12.000000000000309,12.000000000000309,12.000000000000522,12.000000000000579,12.000000000000309,12.000000000000522
545,3.0,27.0,29.0,12.000000000000309,27.0,12.000000000000579,12.000000000000309,12.000000000000309,12.000000000000522,12.000000000000579,12.000000000000309,12.000000000000522
546,3.0,27.0,29.0,12.000000000000309,27.0,12.000000000000579,12.000000000000309,12.000000000000309,12.000000000000522,12.000000000000579,12.000000000000309,12.000000000000522
547,3.0,27.0,29.0,12.000000000000309,27.0,12.000000000000579,12.000000000000309,12.000000000000309,12.000000000000522,12.000000000000579,12.000000000000309,12.000000000000522
548,3.0,27.0,29.0,12.000000000000309,27.0,29.0,12.000000000000309,12.000000000000309,12.000000000000522,12.000000000000579,12.000000000000309,12.000000000000522
549,3.0,27.0,29.0,12.000000000000309,27.0,29.0,12.000000000000309,12.000000000000309,27.0,12.000000000000579,12.000000000000309,12.000000000000522
550,3.0,27.0,29.0,29.0,27.0,29.0,12.000000000000309,12.000000000000309,27.0,12.000000000000579,12.000000000000309,12.000000000000522
551,3.0,14.19916962512834,29.00000000000222,29.00000000000245,27.0,29.0,12.000000000000309,12.000000000000309,27.0,12.000000000000579,12.000000000000309,12.000000000000522
552,3.0,12.0,29.0,29.0,27.0,29.0,12.000000000000309,12.000000000000309,27.0,12.000000000000579,12.000000000000309,12.000000000000522
553,3.0,12.0,29.0,29.0,27.0,29.0,12.000000000000309,12.000000000000309,27.0,12.000000000000579,12.000000000000309,12.000000000000522
554,3.0,12.0,29.0,29.0,27.0,29.0,12.000000000000309,12.000000000000309,27.0,29.0,12.000000000000309,12.000000000000522
555,3.0,12.0,29.0,29.0,27.0,29.0,12.000000000000309,12.000000000000309,27.0,29.0,12.000000000000309,27.0
556,3.0,12.000000000002247,14.235837545514851,29.000000000004178,27.0,29.0,29.0,12.000000000000309,27.0,29.0,12.000000000000309,27.0
557,3.0,12.0,12.0,29.0,14.19916962512834,29.00000000000222,29.00000000000245,12.000000000000309,27.0,29.0,12.000000000000309,27.0
558,3.0,12.0,12.0,17.026188833118972,12.0,29.0,29.0,12.000000000000309,27.0,29.0,12.000000000000309,27.0
559,3.0,12.0,12.0,12.0,12.0,29.0,29.0,12.000000000000309,27.0,29.0,12.000000000000309,27.0
560,3.0,12.0,12.0,12.0,12.0,29.0,29.0,12.000000000000309,27.0,29.0,12.000000000000309,27.0
561,3.0,12.0,12.0,12.0,12.0,29.0,29.0,29.0,27.0,29.0,12.000000000000309,27.0
562,3.0,12.0,12.0,12.0,12.000000000002247,14.235837545514851,29.000000000004178,29.00000000000245,27.0,29.0,12.000000000000309,27.0
563,3.0,12.0,12.0,12.0,12.0,12.0,29.0,29.0,14.19916962512834,29.00000000000222,12.000000000000309,27.0
564,3.0,12.0,12.0,12.0,12.0,12.0,17.026188833118972,29.0,12.0,29.0,12.000000000000309,27.0
565,3.0,12.0,12.0,12.0,12.0,12.0,12.0,29.0,12.0,29.0,12.000000000000309,27.0
566,3.0,12.0,12.0,12.0,12.0,12.0,12.0,29.0,12.0,29.0,12.000000000000309,27.0
567,3.0,12.0,12.0,12.0,12.0,12.0,12.0,29.000000000004178,12.0,29.0,29.0,27.0
568,3.0,12.0,12.0,12.0,12.0,12.0,12.0,29.0,12.000000000002247,14.235837545514851,29.00000000000245,27.0
569,3.0,12.0,12.0,12.0,12.0,12.0,12.0,17.026188833118972,12.0,12.0,29.0,14.19916962512834
570,3.0,12.0,12.0,12.0,12.0,12.0,12.0,12.0,12.0,12.0,29.0,12.0
571,3.0,12.0,12.0,12.0,12.0,12.0,12.0,12.0,12.0,12.0,29.0,12.0
572,3.0,12.0,12.0,12.0,12.0,12.0,12.0,12.0,12.0,12.0,29.0,12.0
573,3.0,12.0,12.0,12.0,12.0,12.0,12.0,12.0,12.0,12.0,29.000000000004178,12.0
574,3.0,12.0,12.0,12.0,12.0,12.0,12.0,12.0,12.0,12.0,29.0,12.000000000002247
575,3.0,12.0,12.0,12.0,12.0,12.0,12.0,12.0,12.0,12.0,17.026188833118972,12.0
576,3.0,12.0,12.0,12.0,12.0,12.0,12.0,12.0,12.0,12.0,12.0,12.0
577,3.0,12.0,12.0,12.0,12.0,12.0,12.0,12.0,12.0,12.0,12.0,12.0
578,3.0,12.0,12.0,12.0,12.0,12.0,12.0,12.0,12.0,12.0,12.0,12.0
579,3.0,12.0,12.0,12.0,12.0,12.0,12.0,12.0,12.0,12.0,12.0,12.0
