,t,x_ref_1,x_ref_2,x_ref_3,x_1,x_2,x_3,x_tof_1,x_tof_2,x_tof_3,x_adc_filtered_1,x_adc_filtered_2,x_adc_filtered_3,u_1,u_2,u_3,d_stent,J
0,3576.436349,0.0,0.0,0.0,-14.719851512998602,-63.37430396718095,-29.964656623809265,17.0,76.0,75.0,21.0,21.0,20.0,9.0,9.0,9.0,174.0,0.0
1,3576.638941,0.0,0.0,0.0,-11.862492957899057,-51.898675585566984,-24.073932887165416,19.0,73.0,75.0,29.0,29.0,28.0,9.0,9.0,9.0,178.0,0.0
2,3576.811365,0.0,0.0,0.0,-9.949385618593045,-42.721375203199386,-19.155826468627392,16.0,73.0,77.0,35.0,35.0,34.0,9.0,9.0,9.0,175.0,0.0
3,3576.969126,0.0,0.0,0.0,-8.187585416156988,-34.805310769433184,-15.36276303517704,18.0,76.0,74.0,41.0,41.0,40.0,9.0,9.0,9.0,177.0,0.0
4,3577.167171,0.0,0.0,0.0,-6.687889478145885,-29.048333051298258,-12.253848136927417,18.0,71.0,75.0,45.0,45.0,44.0,9.0,9.0,9.0,181.0,0.0
5,3577.336237,0.0,0.0,0.0,-5.625513969326538,-24.22975588273868,-9.788277568376891,17.0,73.0,74.0,48.0,48.0,47.0,9.0,9.0,9.0,168.0,0.0
6,3577.534406,0.0,0.0,0.0,-4.950952846067142,-19.78082097247841,-7.6470698260243255,16.0,76.0,76.0,51.0,51.0,50.0,9.0,9.0,9.0,176.0,0.0
7,3577.725221,0.0,0.0,0.0,-4.280581721013516,-16.222476056974877,-6.1840745482188995,17.0,75.0,72.0,54.0,54.0,53.0,9.0,9.0,9.0,174.0,0.0
8,3577.886715,0.0,0.0,0.0,-3.5470005854982682,-13.212049060479067,-4.675149331844389,18.0,76.0,77.0,56.0,56.0,55.0,9.0,9.0,9.0,181.0,0.0
9,3578.080368,0.0,0.0,0.0,-2.9183028418938806,-10.887754515322513,-3.3649908479078876,18.0,75.0,77.0,57.0,57.0,56.0,9.0,9.0,9.0,177.0,0.0
10,3578.254792,0.0,0.0,0.0,-2.5632689395787684,-9.03328996615538,-2.379472823197905,17.0,75.0,76.0,58.0,58.0,58.0,9.0,9.0,9.0,175.0,0.0
11,3578.413751,0.0,0.0,0.0,-2.6182128153772988,-7.216219404914412,-1.4407190467672395,15.0,77.0,78.0,59.0,59.0,59.0,9.0,9.0,9.0,179.0,0.0
12,3578.609156,0.0,0.0,0.0,-2.263763348626827,-5.673391307122415,-0.799475310454274,18.0,77.0,76.0,60.0,60.0,60.0,9.0,9.0,9.0,173.0,0.0
13,3578.781864,0.0,0.0,0.0,-2.0296817300991217,-4.7312625517435265,0.07513840446336228,17.0,75.0,81.0,61.0,61.0,61.0,9.0,9.0,9.0,175.0,0.0
14,3578.939582,0.0,0.0,0.0,-1.5644448833801303,-4.807663746572132,0.40435531715246764,19.0,70.0,75.0,62.0,62.0,61.0,9.0,9.0,9.0,179.0,0.0
15,3579.140467,0.0,0.0,0.0,-1.4296199581808513,-4.569867431289978,0.6480497282840245,17.0,73.0,76.0,62.0,62.0,62.0,9.0,9.0,9.0,173.0,0.0
16,3579.318803,0.0,0.0,0.0,-1.3877391115848856,-4.428649310924271,0.47673748245336167,17.0,72.0,71.0,63.0,63.0,62.0,9.0,9.0,9.0,169.0,0.0
17,3579.482303,0.0,0.0,0.0,-1.3526866927431453,-4.658651518109451,0.4093560945991852,17.0,70.0,73.0,63.0,63.0,62.0,9.0,9.0,9.0,177.0,0.0
18,3579.695924,0.0,0.0,0.0,-1.0139954286138253,-4.6017569581229765,0.6218435663467217,19.0,72.0,76.0,63.0,63.0,63.0,9.0,9.0,9.0,170.0,0.0
19,3579.864123,0.0,0.0,0.0,-0.8273228329019138,-3.867593672781993,0.7664963116072725,18.0,76.0,75.0,64.0,64.0,63.0,9.0,9.0,9.0,172.0,0.0
20,3580.059166,0.0,0.0,0.0,-0.7101650134864497,-3.6041340140672133,0.7113317737159432,18.0,73.0,73.0,64.0,64.0,63.0,9.0,9.0,9.0,177.0,0.0
21,3580.237793,0.0,0.0,0.0,-0.6145488896644022,-3.80258619311941,0.633428941764623,18.0,71.0,73.0,64.0,64.0,63.0,9.0,9.0,9.0,171.0,0.0
22,3580.39858,0.0,0.0,0.0,-0.5367603191382,-3.408818324480521,0.7258190223658714,18.0,75.0,75.0,64.0,64.0,64.0,9.0,9.0,9.0,178.0,0.0
23,3580.604416,0.0,0.0,0.0,-0.6285905761910091,-3.4193113461677314,0.6017187263475732,17.0,72.0,72.0,65.0,65.0,64.0,9.0,9.0,9.0,174.0,0.0
24,3580.777175,0.0,0.0,0.0,-0.891481579833425,-3.529982682817476,0.5278643520391908,16.0,72.0,73.0,65.0,65.0,64.0,9.0,9.0,9.0,175.0,0.0
25,3580.934525,0.0,0.0,0.0,-0.9827159510904662,-4.083458213961862,0.6403429703697965,17.0,69.0,75.0,65.0,65.0,64.0,9.0,9.0,9.0,168.0,0.0
26,3581.134027,0.0,0.0,0.0,-0.7128429147103366,-4.167602038959714,0.6873319210615945,19.0,72.0,74.0,65.0,65.0,64.0,9.0,9.0,9.0,175.0,0.0
27,3581.313217,0.0,0.0,0.0,-0.7375939530610833,-4.134340101488306,0.7081943765798355,17.0,72.0,74.0,65.0,65.0,64.0,9.0,9.0,9.0,175.0,0.0
28,3581.476383,0.0,0.0,0.0,-0.6705647724160859,-3.7988649653500772,0.8028750167144336,18.0,74.0,75.0,65.0,65.0,64.0,9.0,9.0,9.0,175.0,0.0
29,3581.665886,0.0,0.0,0.0,-0.7367793477698901,-3.4600600016424465,0.5864694088989237,17.0,74.0,71.0,65.0,65.0,64.0,9.0,9.0,9.0,175.0,0.0
30,3581.834441,0.0,0.0,0.0,-0.8242650080375893,-3.185989306771404,0.8088185926330125,17.0,74.0,77.0,65.0,65.0,64.0,9.0,9.0,9.0,174.0,0.0
31,3582.000394,0.0,0.0,0.0,-0.7398342372472091,-2.6534905593317717,0.935458655222571,18.0,76.0,75.0,65.0,65.0,64.0,9.0,9.0,9.0,175.0,0.0
32,3582.19142,0.0,0.0,0.0,-0.7928721016474545,-2.6193335480626985,0.7708988453144299,17.0,73.0,72.0,65.0,65.0,64.0,9.0,9.0,9.0,171.0,0.0
33,3582.395885,0.0,0.0,0.0,-1.0248712860820715,-2.847653109464005,0.8201316560880114,16.0,72.0,75.0,65.0,65.0,64.0,9.0,9.0,9.0,169.0,0.0
34,3582.612511,0.0,0.0,0.0,-1.0910926329524604,-3.2197749554265016,0.9110864917593302,17.0,71.0,75.0,65.0,65.0,64.0,9.0,9.0,9.0,177.0,0.0
35,3582.803446,0.0,0.0,0.0,-0.6458766078648748,-3.2444582788035206,0.9841763746223746,20.0,73.0,75.0,65.0,65.0,64.0,9.0,9.0,9.0,175.0,0.0
36,3582.982426,0.0,0.0,0.0,-0.804919625569664,-3.507318479344349,0.8108944536333764,16.0,71.0,72.0,65.0,65.0,64.0,9.0,9.0,9.0,175.0,0.0
37,3583.161621,0.0,0.0,0.0,-0.9141566533635523,-4.098583663029871,0.7752316999179412,17.0,69.0,74.0,65.0,65.0,64.0,9.0,9.0,9.0,173.0,0.0
38,3583.368337,0.0,0.0,0.0,-0.9674288184069195,-3.8694032767516404,0.7804495711660904,17.0,74.0,74.0,65.0,65.0,64.0,9.0,9.0,9.0,178.0,0.0
39,3583.52952,0.0,0.0,0.0,-0.7009187380357642,-3.515404439487213,0.6291986372324869,19.0,74.0,72.0,65.0,65.0,64.0,9.0,9.0,9.0,177.0,0.0
40,3583.720853,0.0,0.0,0.0,-0.26297884827718976,-2.920696843378991,0.39543407860039803,20.0,76.0,71.0,65.0,65.0,64.0,9.0,9.0,9.0,166.0,0.0
41,3583.911381,0.0,0.0,0.0,-0.34014466257302844,-2.991484303568953,0.26701258642207915,17.0,72.0,72.0,65.0,65.0,64.0,9.0,9.0,9.0,174.0,0.0
42,3584.080973,0.0,0.0,0.0,-0.19343435932242103,-3.0282506763049213,0.2572162232746278,19.0,73.0,73.0,65.0,65.0,64.0,9.0,9.0,9.0,171.0,0.0
43,3584.270505,0.0,0.0,0.0,-0.16093219232459122,-2.5575561422181607,0.18811882937221736,18.0,76.0,72.0,65.0,65.0,64.0,9.0,9.0,9.0,171.0,0.0
44,3584.443109,0.0,0.0,0.0,-0.16875871022070443,-2.2305785843760333,0.11499309758264342,18.0,75.0,72.0,65.0,65.0,64.0,9.0,9.0,9.0,177.0,0.0
45,3584.601093,0.0,0.0,0.0,-0.019710376991970424,-2.6202249874101256,-0.09915410188510965,19.0,71.0,70.0,65.0,65.0,64.0,9.0,9.0,9.0,178.0,0.0
46,3584.793233,0.0,0.0,0.0,-0.1752485087416109,-1.984456291600722,-0.30635751442466574,17.0,78.0,70.0,65.0,65.0,64.0,9.0,9.0,9.0,173.0,0.0
47,3584.965662,0.0,0.0,0.0,-0.21378123902782464,-1.6974745971615022,-0.39658276589079566,18.0,75.0,71.0,65.0,65.0,64.0,9.0,9.0,9.0,180.0,0.0
48,3585.123669,0.0,0.0,0.0,-0.21067291809258792,-1.878124101869119,-0.2981461723030536,18.0,73.0,73.0,65.0,65.0,64.0,9.0,9.0,9.0,180.0,0.0
49,3585.321657,0.0,0.0,0.0,-0.518591428337047,-1.625237112806758,-0.2627180330682366,16.0,76.0,72.0,65.0,65.0,64.0,9.0,9.0,9.0,178.0,0.0
50,3585.519151,0.0,0.0,0.0,-0.5253964822401973,-1.3183866860895535,-0.2512252044729708,18.0,76.0,72.0,65.0,65.0,64.0,9.0,9.0,9.0,177.0,0.0
51,3585.718045,0.0,0.0,0.0,-0.3081240007392556,-0.7607866510773533,-0.3966718936072313,19.0,78.0,70.0,65.0,65.0,64.0,9.0,9.0,9.0,176.0,0.0
52,3585.920266,0.0,0.0,0.0,-0.40939854664518593,-0.8615501672346824,-0.31554313669402223,17.0,74.0,73.0,65.0,65.0,64.0,9.0,9.0,9.0,172.0,0.0
53,3586.087163,0.0,0.0,0.0,-0.7140464288158417,-0.9226956649866906,-0.12160967609640938,16.0,75.0,74.0,65.0,65.0,64.0,9.0,9.0,9.0,174.0,0.0
54,3586.273963,0.0,0.0,0.0,-1.1486703992454754,-1.556869346556141,0.1292590638686546,15.0,71.0,75.0,65.0,65.0,64.0,9.0,9.0,9.0,167.0,0.0
55,3586.444775,0.0,0.0,0.0,-0.9142110106164592,-1.5853946447822125,0.19424983706128085,19.0,75.0,73.0,65.0,65.0,64.0,9.0,9.0,9.0,175.0,0.0
56,3586.627335,0.0,0.0,0.0,-0.8999701110802261,-1.3181471021712383,-0.09657637161497679,17.0,76.0,69.0,65.0,65.0,64.0,9.0,9.0,9.0,172.0,0.0
57,3586.824159,0.0,0.0,0.0,-0.8023087821110448,-1.5348585175179892,-0.24382292619814638,18.0,73.0,71.0,65.0,65.0,64.0,9.0,9.0,9.0,176.0,0.0
58,3586.992044,0.0,0.0,0.0,-0.8438335615615675,-1.8117542880269184,-0.3288588360952547,17.0,73.0,71.0,65.0,65.0,64.0,9.0,9.0,9.0,186.0,0.0
59,3587.149977,0.0,0.0,0.0,-0.7562232700651603,-2.034906492122005,-0.39839350384118166,18.0,73.0,71.0,65.0,65.0,64.0,9.0,9.0,9.0,177.0,0.0
60,3587.338583,0.0,0.0,0.0,-0.3412584366625464,-1.905912350990974,-0.22247882684947928,20.0,75.0,74.0,65.0,65.0,64.0,9.0,9.0,9.0,180.0,0.0
61,3587.519726,0.0,0.0,0.0,-0.40311872710956154,-2.044616806807582,-0.1071354363245236,17.0,73.0,73.0,65.0,65.0,64.0,9.0,9.0,9.0,173.0,0.0
62,3587.706575,0.0,0.0,0.0,-0.24451052666821527,-1.9150529878950238,-0.030983908121823056,19.0,75.0,73.0,65.0,65.0,64.0,9.0,9.0,9.0,172.0,0.0
63,3587.892327,0.0,0.0,0.0,-0.20243929114149894,-1.7421894311377315,0.10856253869292498,18.0,75.0,74.0,65.0,65.0,64.0,9.0,9.0,9.0,171.0,0.0
64,3588.06227,0.0,0.0,0.0,-0.35748684363026273,-1.447766426649821,0.006117337411484236,17.0,76.0,71.0,65.0,65.0,64.0,9.0,9.0,9.0,174.0,0.0
65,3588.247614,0.0,0.0,0.0,-0.5163305353257717,-1.3305062919250474,-0.04983659343170377,17.0,75.0,72.0,65.0,65.0,64.0,9.0,9.0,9.0,174.0,0.0
66,3588.442115,0.0,0.0,0.0,-0.6446520002234277,-1.4241137366457082,-0.23279274551888296,17.0,74.0,70.0,65.0,65.0,64.0,9.0,9.0,9.0,178.0,0.0
67,3588.610428,0.0,0.0,0.0,-0.7488302774506157,-1.6879289984099586,-0.4148756498336654,17.0,73.0,70.0,65.0,65.0,64.0,9.0,9.0,9.0,173.0,0.0
68,3588.796664,0.0,0.0,0.0,-0.6784665746704097,-2.2448442752911717,-0.5622535155659181,18.0,71.0,70.0,65.0,65.0,64.0,9.0,9.0,9.0,173.0,0.0
69,3588.973293,0.0,0.0,0.0,-0.5880219176714054,-1.9881146643547396,-0.6818890657544303,18.0,76.0,70.0,65.0,65.0,64.0,9.0,9.0,9.0,171.0,0.0
70,3589.146487,0.0,0.0,0.0,-0.6701620439530598,-2.0768874925651204,-0.8565982757065145,17.0,73.0,69.0,65.0,65.0,64.0,9.0,9.0,9.0,177.0,0.0
71,3589.340042,0.0,0.0,0.0,-0.6152476892510745,-1.9417089247007766,-0.6276462741105151,18.0,75.0,74.0,65.0,65.0,64.0,9.0,9.0,9.0,171.0,0.0
72,3589.50777,0.0,0.0,0.0,-1.001762296489677,-1.4539369446879107,-0.20313307602558428,15.0,77.0,76.0,65.0,65.0,64.0,9.0,9.0,9.0,175.0,0.0
73,3589.674566,0.0,0.0,0.0,-0.9511012570330988,-0.8369973534784094,-0.058971755051755004,18.0,78.0,73.0,65.0,65.0,64.0,9.0,9.0,9.0,171.0,0.0
74,3589.872342,0.0,0.0,0.0,-0.9633877530282651,-0.6139683728116836,0.007397436828699533,17.0,76.0,73.0,65.0,65.0,64.0,9.0,9.0,9.0,176.0,0.0
75,3590.039484,0.0,0.0,0.0,-0.6981854048894474,-0.9651173015222128,-0.24784314856901535,19.0,73.0,69.0,65.0,65.0,64.0,9.0,9.0,9.0,175.0,0.0
76,3590.240016,0.0,0.0,0.0,-0.415863210302597,-0.4190194558629514,-0.5216224532246914,19.0,79.0,69.0,65.0,65.0,64.0,9.0,9.0,9.0,174.0,0.0
77,3590.458194,0.0,0.0,0.0,-0.18759418575329834,-0.39372608051587576,-0.27781687723310444,19.0,75.0,75.0,65.0,65.0,64.0,9.0,9.0,9.0,167.0,0.0
78,3590.622603,0.0,0.0,0.0,-0.3123547575308163,-0.6647284365961355,-0.2897575425628718,17.0,74.0,71.0,65.0,65.0,64.0,9.0,9.0,9.0,177.0,0.0
79,3590.809715,0.0,0.0,0.0,-0.6352520339516841,-0.606265707000091,-0.29036330873246374,16.0,76.0,72.0,65.0,65.0,64.0,9.0,9.0,9.0,172.0,0.0
80,3590.979098,0.0,0.0,0.0,-0.7746298760472325,-1.11121872074186,-0.19574692742217525,17.0,72.0,73.0,65.0,65.0,64.0,9.0,9.0,9.0,175.0,0.0
81,3591.139159,0.0,0.0,0.0,-0.5437837277878477,-1.1907227672005831,0.052673350691416765,19.0,75.0,75.0,65.0,65.0,64.0,9.0,9.0,9.0,170.0,0.0
82,3591.336928,0.0,0.0,0.0,-0.7552624857569801,-0.9982082257868257,0.20988785294765488,16.0,76.0,74.0,65.0,65.0,64.0,9.0,9.0,9.0,177.0,0.0
83,3591.514604,0.0,0.0,0.0,-0.8732087152015819,-0.8099869037169611,0.1653171214732465,17.0,76.0,72.0,65.0,65.0,64.0,9.0,9.0,9.0,176.0,0.0
84,3591.686069,0.0,0.0,0.0,-1.2440975034449768,-1.1230215362150346,-0.2914704210197714,15.0,73.0,67.0,65.0,65.0,64.0,9.0,9.0,9.0,180.0,0.0
85,3591.865278,0.0,0.0,0.0,-1.457284469246503,-1.4772099228394637,-0.43508122164671637,16.0,73.0,71.0,65.0,65.0,64.0,9.0,9.0,9.0,177.0,0.0
86,3592.035891,0.0,0.0,0.0,-1.5961067285588517,-1.9181265766303426,-0.6386022746496325,16.0,72.0,69.0,65.0,65.0,64.0,9.0,9.0,9.0,167.0,0.0
87,3592.235154,0.0,0.0,0.0,-1.399287671063075,-1.9993328471422558,-0.6057238150361686,18.0,74.0,72.0,65.0,65.0,64.0,9.0,9.0,9.0,170.0,0.0
88,3592.439669,0.0,0.0,0.0,-1.172944430401,-1.8431659202736768,-0.838704880076425,18.0,75.0,68.0,65.0,65.0,64.0,9.0,9.0,9.0,172.0,0.0
89,3592.602859,0.0,0.0,0.0,-0.83525495963065,-2.1491712168605943,-1.0178301861960906,19.0,72.0,69.0,65.0,65.0,64.0,9.0,9.0,9.0,176.0,0.0
90,3592.789025,0.0,0.0,0.0,-0.3727992274419809,-2.343389141608256,-0.9906277180715479,20.0,73.0,71.0,65.0,65.0,64.0,9.0,9.0,9.0,173.0,0.0
91,3592.959736,0.0,0.0,0.0,-0.5844417085764353,-2.1561053013555522,-0.9353615018764758,16.0,75.0,71.0,65.0,65.0,64.0,9.0,9.0,9.0,174.0,0.0
92,3593.143684,0.0,0.0,0.0,-0.5801763420411921,-2.247757592746467,-0.6586275492819569,18.0,73.0,74.0,65.0,65.0,64.0,9.0,9.0,9.0,174.0,0.0
93,3593.322266,0.0,0.0,0.0,-0.6628012013062379,-2.080097834423242,-0.6164798876804172,17.0,75.0,71.0,65.0,65.0,64.0,9.0,9.0,9.0,173.0,0.0
94,3593.485466,0.0,0.0,0.0,-1.0740888792547563,-1.8762688605139033,-0.32304018719746086,15.0,75.0,75.0,65.0,65.0,64.0,9.0,9.0,9.0,173.0,0.0
95,3593.642861,0.0,0.0,0.0,-1.3193832260037337,-1.4016817700254762,-0.5598405168620149,16.0,77.0,68.0,65.0,65.0,64.0,9.0,9.0,9.0,171.0,0.0
96,3593.830372,0.0,0.0,0.0,-1.0190193767648634,-1.259786659834191,-0.4822420904964604,19.0,75.0,73.0,65.0,65.0,64.0,9.0,9.0,9.0,172.0,0.0
97,3594.009235,0.0,0.0,0.0,-0.9856370249895154,-1.6772874858047118,-0.4115698675310684,17.0,72.0,72.0,65.0,65.0,64.0,9.0,9.0,9.0,174.0,0.0
98,3594.196032,0.0,0.0,0.0,-0.7169920496334723,-1.9602506644541933,-0.2944865912164305,19.0,73.0,73.0,65.0,65.0,64.0,9.0,9.0,9.0,175.0,0.0
99,3594.381214,0.0,0.0,0.0,-0.7412277558405802,-1.999819971293391,-0.26018991354159215,17.0,74.0,72.0,65.0,65.0,64.0,9.0,9.0,9.0,178.0,0.0
100,3594.554857,0.0,0.0,0.0,-0.5184662910828455,-2.464095724649056,-0.3266968865092368,19.0,71.0,71.0,65.0,65.0,64.0,9.0,9.0,9.0,176.0,0.0
101,3594.837964,0.0,0.0,0.0,-0.4249291703207452,-2.3218033023711655,-0.24210566235892106,18.0,75.0,73.0,65.0,65.0,64.0,9.0,9.0,9.0,173.0,581.397516756509
102,3595.095409,0.0,0.0,0.0,-0.3832381254305308,-1.9163200721549742,-0.29476006163711066,18.0,76.0,71.0,65.0,65.0,64.0,9.0,9.0,9.0,167.0,571.8965885957135
103,3595.377386,0.0,0.0,0.0,-0.5039685897024886,-2.3308385776999216,-0.2938843810962881,17.0,71.0,72.0,65.0,65.0,64.0,9.0,9.0,9.0,179.0,541.5558169449316
104,3595.720349,0.0,0.0,0.0,-0.63521634492739,-1.9049232245741763,-0.4310251956847866,17.0,77.0,70.0,65.0,65.0,64.0,9.0,9.0,9.0,177.0,571.9629110266926
105,3596.046684,0.0,0.0,0.0,-0.7412491002733721,-1.6662393762951666,-0.18839992402180616,17.0,75.0,75.0,65.0,65.0,64.0,9.0,9.0,9.0,178.0,541.4402614798494
106,3596.326452,0.0,0.0,0.0,-0.8273035465741754,-1.8521275481626134,-0.06255036262448943,17.0,73.0,73.0,65.0,65.0,64.0,9.0,9.0,9.0,176.0,535.9039058717221
107,3596.626769,0.0,0.0,0.0,-0.742217391239699,-1.7590439310147445,-0.22753201151085722,18.0,75.0,70.0,65.0,65.0,64.0,9.0,9.0,9.0,171.0,553.2661713506959
108,3596.998476,0.0,0.0,0.0,-0.6398123525242636,-1.4603842082132132,-0.488604926888887,18.0,76.0,69.0,65.0,65.0,64.0,9.0,9.0,9.0,172.0,540.1282791369307
109,3597.352476,0.0,0.0,0.0,-0.5572267180902988,-1.805591446263179,-0.5612993623298026,18.0,72.0,71.0,65.0,65.0,64.0,9.0,9.0,9.0,181.0,518.1488128490787
110,3597.663647,0.0,0.0,0.0,-0.49021933765270775,-1.754930046185848,-0.8191746318729374,18.0,75.0,68.0,65.0,65.0,64.0,9.0,9.0,9.0,176.0,532.2351833204852
111,3597.996811,0.0,0.0,0.0,-0.28076058288270334,-1.7665669301999571,-0.7691563915832846,19.0,74.0,72.0,65.0,65.0,64.0,9.0,9.0,9.0,176.0,526.6817452074571
112,3598.355493,0.0,0.0,0.0,-0.3873373024214577,-1.6557650798133778,-0.7386437414021048,17.0,75.0,71.0,65.0,65.0,64.0,9.0,9.0,9.0,174.0,525.2199300030853
113,3598.701767,0.0,0.0,0.0,-0.541087952280336,-1.6871796818213909,-0.8865791380650068,17.0,74.0,69.0,65.0,65.0,64.0,9.0,9.0,9.0,171.0,521.4369393344984
114,3599.067534,0.0,0.0,0.0,-0.5098541604490632,-1.4364412097025934,-0.8849180691444731,18.0,76.0,71.0,65.0,65.0,64.0,9.0,9.0,9.0,173.0,524.3471342039124
115,3599.362246,0.0,0.0,0.0,-0.45101727219002585,-0.5456389936082644,-0.9271146749316772,18.0,80.0,70.0,65.0,65.0,64.0,9.0,9.0,9.0,171.0,514.6911810072152
116,3599.6448,0.0,0.0,0.0,-0.5588630762359164,-0.775017685573772,-1.0560714664437016,17.0,73.0,69.0,65.0,65.0,64.0,9.0,9.0,9.0,170.0,499.4397195717937
117,0.020205,0.0,0.0,0.0,-0.8348481676121939,-0.7319124016268432,-0.8672500096524063,16.0,76.0,73.0,65.0,65.0,64.0,9.0,9.0,9.0,179.0,504.4700020692414
118,0.288096,0.0,0.0,0.0,-1.0917158991553966,-1.3681575474488028,-0.6469315555240529,16.0,71.0,73.0,65.0,65.0,64.0,9.0,9.0,9.0,176.0,503.05589920447346
119,0.617795,0.0,0.0,0.0,-1.14469281138155,-1.7426018506989749,-0.5466317045002187,17.0,73.0,72.0,65.0,65.0,64.0,9.0,9.0,9.0,174.0,521.8526443188852
120,0.95735,0.0,0.0,0.0,-0.9993695462137429,-1.9775500152123868,-0.5594690385074701,18.0,73.0,71.0,65.0,65.0,64.0,9.0,9.0,9.0,174.0,541.193695038466
121,1.264337,0.0,0.0,0.0,-0.8486490192990606,-2.0141549906306153,-0.5862075373438147,18.0,74.0,71.0,65.0,65.0,64.0,9.0,9.0,9.0,168.0,550.5591511351356
122,1.605278,0.0,0.0,0.0,-1.0369142014659052,-2.1658598274829046,-0.7625953379121286,16.0,73.0,69.0,65.0,65.0,64.0,9.0,9.0,9.0,174.0,548.7945793669135
123,1.91094,0.0,0.0,0.0,-1.2564914854686724,-2.1679496353633,-0.6291177191964126,16.0,74.0,73.0,65.0,65.0,64.0,9.0,9.0,9.0,174.0,559.1551817995085
124,2.169098,0.0,0.0,0.0,-1.4336471298808644,-2.4458644314170357,-0.4535192505663703,16.0,72.0,73.0,65.0,65.0,64.0,9.0,9.0,9.0,176.0,567.8868798521016
125,2.546147,0.0,0.0,0.0,-1.4223895813396195,-2.738710455353498,-0.6220129053519345,17.0,72.0,69.0,65.0,65.0,64.0,9.0,9.0,9.0,178.0,599.3665100023917
126,2.84602,0.0,0.0,0.0,-1.0699713822231272,-2.510472067861812,-0.5931252198077432,19.0,75.0,72.0,65.0,65.0,64.0,9.0,9.0,9.0,175.0,617.010418629714
127,3.148689,0.0,0.0,0.0,-1.027732396247043,-2.5350464159771064,-0.8285123309769462,17.0,73.0,68.0,65.0,65.0,64.0,9.0,9.0,9.0,170.0,588.2447931872114
128,3.515622,0.0,0.0,0.0,-0.7512596742895323,-2.7784305780204477,-0.8545303177138566,19.0,72.0,71.0,65.0,65.0,64.0,9.0,9.0,9.0,177.0,582.6516217622479
129,3.823359,0.0,0.0,0.0,-0.7690540135131596,-2.543442823046874,-0.5146661533512189,17.0,75.0,75.0,65.0,65.0,64.0,9.0,9.0,9.0,177.0,594.1912426227807
130,4.142785,0.0,0.0,0.0,-1.0061008642014362,-2.2518827488859614,-0.40523613215063126,16.0,75.0,72.0,65.0,65.0,64.0,9.0,9.0,9.0,168.0,585.9331269408028
131,4.49563,0.2025351319275132,0.0,0.0,-1.0759301089105375,-2.7918358792614555,-0.5226360997235817,17.0,70.0,70.0,65.0,65.0,64.0,9.0,9.0,9.0,177.0,573.1612023664359
132,4.793442,0.7937323358440942,0.0,0.0,-0.7885545062671011,-2.932128686523683,-0.5730225074329427,19.0,73.0,71.0,65.0,65.0,64.0,9.0,9.0,9.0,172.0,622.530146671001
133,5.117907,1.7256963302735744,0.2025351319275132,0.0,-0.644092973450626,-3.098190929306625,-0.6740613607450685,18.0,72.0,70.0,65.0,65.0,64.0,9.0,9.0,9.0,176.0,652.2691761870203
134,5.443816,2.922924934990568,0.7937323358440942,0.0,-0.40631534449353923,-3.1127726727822846,-1.0055400351423502,19.0,73.0,67.0,65.0,65.0,64.0,9.0,9.0,9.0,174.0,755.8704243679583
135,5.748356,4.288425808633574,1.7256963302735744,0.2025351319275132,2.145725607614288,-3.401069118803946,-1.0144828578135874,34.0,71.0,71.0,65.0,65.0,64.0,24.0,9.0,9.0,173.0,1841.3938642646967
136,6.301917,5.7115741913664255,2.922924934990568,0.7937323358440942,2.392553067799717,-3.392298498382914,-0.7992163113700501,19.0,73.0,73.0,65.0,65.0,64.0,24.00000000000133,9.661009799649323,9.00000000000092,167.0,1913.7677171898458
137,6.634444,7.077075065009431,4.288425808633574,1.7256963302735744,2.0846532151418624,-3.31749834453845,-0.8246641079174681,19.0,73.0,70.0,65.0,65.0,64.0,32.0,26.0,9.00000000000092,175.0,4060.275873965294
138,6.960939,8.274303669726423,5.7115741913664255,2.922924934990568,1.6873656932311998,-3.257762503200553,-0.5860356476062707,18.0,73.0,74.0,65.0,65.0,64.0,32.0,26.0,9.00000000000092,177.0,4354.197559651037
139,7.261273,9.206267664155908,7.077075065009431,4.288425808633574,1.0227785431133962,-2.7444023893236817,-0.4022645863499763,16.0,76.0,73.0,65.0,65.0,64.0,40.0,34.0,9.00000000000092,176.0,6804.882944587951
140,7.613683,9.797464868072488,8.274303669726423,5.7115741913664255,0.5717126626352349,-2.227482555338554,-0.1931832769899673,17.0,76.0,74.0,65.0,65.0,64.0,40.0,34.0,26.0,172.0,9130.968470857828
141,7.980104,10.0,9.206267664155908,7.077075065009431,0.2398672795684038,-1.9643752596699926,0.2259402860361872,17.0,75.0,77.0,65.0,65.0,64.0,40.0,42.0,32.0,178.0,11378.73167808795
142,8.278701,9.797464868072488,9.797464868072488,8.274303669726423,0.43485522041181524,-1.7841635465674557,0.46111076993272615,20.0,75.0,75.0,65.0,65.0,64.0,40.0,42.0,34.0,178.0,12413.090521900578
143,8.611048,9.206267664155906,10.0,9.206267664155908,3.173142508196889,-1.172086425497909,1.1604505836127599,36.0,78.0,82.0,66.0,65.0,64.0,40.0,42.0,42.0,176.0,14345.462267365696
144,8.916651,8.274303669726423,9.797464868072488,9.797464868072488,2.9832096435444764,0.20012850247948677,2.3105854882066863,17.0,83.0,88.0,67.0,66.0,64.0,40.0,42.0,42.0,175.0,13872.940955639458
145,9.176392,7.077075065009437,9.206267664155906,10.0,2.496624201957427,1.944498599141454,3.420268849394776,19.0,86.0,89.0,68.0,67.0,64.0,40.0,42.0,42.0,178.0,13187.79320475332
146,9.655197,5.7115741913664255,8.274303669726423,9.797464868072488,2.023106134906381,3.1481425484023617,4.723795733682276,18.0,84.0,94.0,68.0,68.0,64.0,32.0,42.0,42.0,177.0,11201.026448475312
147,10.009779,4.288425808633576,7.077075065009437,9.206267664155906,1.7607523623250994,3.4371680680485355,5.632946506909373,19.0,80.0,91.0,69.0,68.0,64.0,32.0,42.0,42.0,176.0,10235.310246014771
148,10.408911,2.9229249349905664,5.7115741913664255,8.274303669726423,1.4260574435092752,3.6948798273377434,7.017627484467854,18.0,81.0,100.0,69.0,70.0,65.0,24.00000000003717,34.000000000034234,42.00000000009652,170.0,8090.586797341918
149,10.667986,1.7256963302735735,4.288425808633576,7.077075065009437,1.2754078591816973,4.715201072654352,8.137985248389501,19.0,86.0,98.0,70.0,71.0,66.0,24.00000000003717,34.000000000034234,42.00000000009652,175.0,7469.013170734387
150,11.406904,0.7937323358440962,2.9229249349905664,5.7115741913664255,1.1868094052615734,4.780147751594157,9.322316664429575,19.0,80.0,102.0,70.0,72.0,68.0,13.264163550330887,26.0,34.000000000013834,171.0,4411.210656127489
151,11.797626,0.2025351319275132,1.7256963302735735,4.288425808633576,0.9593155076198587,5.250090014512168,10.58373500714848,18.0,84.0,105.0,71.0,72.0,69.0,9.0,26.0,32.0,168.0,4011.214150251694
152,12.356958,0.0,0.7937323358440962,2.9229249349905664,0.7411223382811012,5.303200192052827,11.579846026356687,18.0,81.0,104.0,71.0,72.0,69.0,9.000000000000306,11.859708347623258,26.000000000003546,172.0,2701.4653040779776
153,12.88999,0.0,0.2025351319275132,1.7256963302735735,0.4094769547921149,4.469600374393636,11.441281860563368,17.0,76.0,92.0,71.0,72.0,70.0,9.000000000000375,9.000000000000796,10.777778410140229,174.0,1784.9341324252136
154,13.283566,0.0,0.0,0.7937323358440962,-0.04815505154715227,4.092414574257035,11.206737872304618,16.0,79.0,93.0,72.0,72.0,70.0,9.0,9.000000000000194,9.000000000000195,168.0,1925.947982775388
155,13.604816,0.0,0.0,0.2025351319275132,-0.14259887537977933,3.889184075333347,10.726521187872788,18.0,79.0,89.0,72.0,72.0,71.0,9.0,9.000000000000194,9.000000000000195,177.0,2166.398625794324
156,13.926858,0.0,0.0,0.0,-0.46208825301154066,3.412618860584658,10.347535054298124,16.0,77.0,90.0,72.0,72.0,71.0,9.0,9.000000000000194,9.000000000000195,171.0,2209.6746354229012
157,14.246219,0.0,0.0,0.0,-0.47932443321328977,2.4935562251746433,9.979878713910932,18.0,74.0,89.0,72.0,72.0,71.0,9.0,9.000000000000194,9.000000000000195,174.0,2177.232622711608
158,14.595857,0.0,0.0,0.0,-0.5807410896501399,1.0282996288432003,9.664436327968428,17.0,70.0,89.0,71.0,72.0,71.0,9.0,9.000000000000194,9.000000000000195,175.0,2105.3883188931504
159,14.908518,0.0,0.0,0.0,-0.6974294479470697,-0.6032143436286503,8.943380452786936,17.0,68.0,83.0,71.0,72.0,71.0,9.0,9.000000000000194,9.000000000000195,171.0,2221.039097362309
160,15.499432,0.0,0.0,0.0,-0.6368069303039872,-1.2174991939534294,6.630213446314978,18.0,73.0,62.0,70.0,71.0,70.0,9.000000000000266,9.430368679575082,9.00000000000235,173.0,2367.3099055766943
161,15.899577,0.0,0.0,0.0,-0.7091729033182479,-1.5486195040426338,4.093367872876743,17.0,73.0,58.0,70.0,70.0,69.0,9.000000000000242,9.000000000000023,9.000000000000908,174.0,1659.15147552138
162,16.201827,0.0,0.0,0.0,-0.8018657766583854,-1.3555073127456154,2.2050423978553253,17.0,76.0,61.0,70.0,69.0,69.0,9.000000000000242,9.000000000000023,9.000000000000908,176.0,1037.0422933796365
163,16.520706,0.0,0.0,0.0,-0.8766445284376734,-1.4092448425231652,0.5679588198893155,17.0,74.0,59.0,70.0,69.0,69.0,9.000000000000242,9.000000000000023,9.000000000000908,170.0,694.3634331585308
164,16.802253,0.0,0.0,0.0,-0.7822869950917988,-1.676223722733397,-0.6411409187347745,18.0,73.0,61.0,70.0,69.0,69.0,9.000000000000242,9.000000000000023,9.000000000000908,169.0,555.0863517716297
165,17.14769,0.0,0.0,0.0,-0.5173562346453626,-1.925439261344934,-1.5121495229020754,19.0,73.0,62.0,70.0,69.0,68.0,9.000000000000242,9.000000000000023,9.000000000000908,176.0,528.5881724621107
166,17.434745,0.0,0.0,0.0,-0.42446374758741756,-1.9720738107352247,-1.9710934347074316,18.0,74.0,65.0,70.0,69.0,68.0,9.000000000000242,9.000000000000023,9.000000000000908,174.0,540.7763268860715
167,17.746882,0.0,0.0,0.0,-0.22796194743713416,-2.2866425094584883,-2.2944155593479154,19.0,72.0,65.0,70.0,69.0,68.0,9.000000000000242,9.000000000000023,9.000000000000908,169.0,556.0678533835456
168,18.087583,0.0,0.0,0.0,-0.1895182197971299,-2.6093747567658028,-2.247998271566506,18.0,72.0,69.0,70.0,69.0,68.0,9.000000000000242,9.000000000000023,9.000000000000908,170.0,579.4238546942279
169,18.365504,0.0,0.0,0.0,-0.3470876017828819,-2.560409431369422,-2.1438481297442467,17.0,74.0,69.0,70.0,69.0,68.0,9.000000000000242,9.000000000000023,9.000000000000908,172.0,589.0568661408283
170,18.712931,0.0,0.0,0.0,-0.19784926593249041,-2.4538867028095552,-2.060432075140594,19.0,74.0,69.0,70.0,69.0,68.0,9.000000000000242,9.000000000000023,9.000000000000908,172.0,583.5071877239446
171,19.0331,0.0,0.0,0.0,-0.16435128787722464,-2.833618645625421,-2.147845122403372,18.0,71.0,67.0,70.0,69.0,68.0,9.000000000000242,9.000000000000023,9.000000000000908,168.0,575.4429949045883
172,19.305393,0.0,0.0,0.0,-0.3265724773836607,-2.9320992919700757,-2.329617156785237,17.0,73.0,66.0,70.0,69.0,68.0,9.000000000000242,9.000000000000023,9.000000000000908,173.0,595.6321448750186
173,19.626554,0.0,0.0,0.0,-0.33620466578813835,-2.4786661818766476,-2.0282943889666614,18.0,76.0,72.0,70.0,69.0,68.0,9.000000000000242,9.000000000000023,9.000000000000908,177.0,607.5952608118447
174,19.902514,0.0,0.0,0.0,-0.465038896517584,-2.3214412920273446,-1.6057678049458746,17.0,74.0,73.0,69.0,69.0,68.0,9.000000000000242,9.000000000000023,9.000000000000908,172.0,575.8859834527725
175,20.202285,0.0,0.0,0.0,-0.13849382202071014,-2.262305334565852,-1.1701592640097447,20.0,74.0,74.0,69.0,69.0,68.0,9.000000000000242,9.000000000000023,9.000000000000908,169.0,558.7644163129011
176,20.497747,0.0,0.0,0.0,-0.08287751339679561,-2.678300501354869,-1.1102158593528602,18.0,71.0,70.0,69.0,69.0,68.0,9.000000000000242,9.000000000000023,9.000000000000908,169.0,548.5629403259173
177,20.75487,0.0,0.0,0.0,-0.26098905075224765,-2.9608772563359054,-0.9733760243709115,17.0,72.0,72.0,69.0,69.0,68.0,9.000000000000242,9.000000000000023,9.000000000000908,168.0,573.3415843421434
178,21.060461,0.0,0.0,0.0,-0.4380190387052463,-2.845348733408585,-0.9052570777545741,17.0,74.0,71.0,69.0,69.0,68.0,9.000000000000242,9.000000000000023,9.000000000000908,172.0,597.9397159646974
179,21.340264,0.0,0.0,0.0,-0.27100070963774714,-2.6852848049947795,-1.2545139308262252,19.0,74.0,66.0,69.0,69.0,68.0,9.000000000000242,9.000000000000023,9.000000000000908,175.0,592.6020680329062
180,21.663626,0.0,0.0,0.0,-0.3787193183572737,-2.7115986510689822,-1.156228944808487,17.0,73.0,72.0,69.0,69.0,68.0,9.000000000000242,9.000000000000023,9.000000000000908,172.0,574.5463067557147
181,21.944468,0.0,0.0,0.0,-0.22399737142011533,-2.4563900732225363,-1.2849837701784823,19.0,75.0,68.0,69.0,69.0,68.0,9.000000000000242,9.000000000000023,9.000000000000908,177.0,578.022652107887
182,22.22226,0.0,0.0,0.0,-0.3407131201941458,-2.801903946827565,-1.0702397452528318,17.0,71.0,73.0,69.0,69.0,68.0,9.000000000000242,9.000000000000023,9.000000000000908,177.0,560.1733174604838
183,22.518581,0.0,0.0,0.0,-0.1930937553403287,-2.751823380950725,-0.8116534617651441,19.0,74.0,73.0,69.0,69.0,68.0,9.000000000000242,9.000000000000023,9.000000000000908,174.0,584.9387947938868
184,22.777318,0.0,0.0,0.0,-0.16060021370600497,-2.6090493583132996,-0.7578963340563591,18.0,74.0,71.0,69.0,69.0,68.0,9.000000000000242,9.000000000000023,9.000000000000908,169.0,584.2344996863153
185,23.103461,0.0,0.0,0.0,-0.1685003126179052,-2.4945175084188236,-0.5152324270273185,18.0,74.0,74.0,69.0,69.0,68.0,9.000000000000242,9.000000000000023,9.000000000000908,170.0,574.3384375766614
186,23.382006,0.0,0.0,0.0,0.1355097867655881,-2.4017817654509344,-0.5000446842223711,20.0,74.0,71.0,69.0,69.0,68.0,9.000000000000242,9.000000000000023,9.000000000000908,178.0,572.1588718908386
187,23.689894,0.0,0.0,0.0,-0.3258870434970267,-2.791427592218497,-0.5384567502347766,15.0,71.0,71.0,69.0,69.0,68.0,9.000000000000242,9.000000000000023,9.000000000000908,174.0,563.4179342087895
188,23.987027,0.0,0.0,0.0,-0.40332724106805573,-2.587780493476572,-0.6463961183670266,18.0,75.0,70.0,69.0,69.0,68.0,9.000000000000242,9.000000000000023,9.000000000000908,176.0,597.3366633674103
189,24.251637,0.0,0.0,0.0,-0.5185374220795507,-1.9773762859357902,-0.6730731050155017,17.0,77.0,71.0,69.0,69.0,68.0,9.000000000000242,9.000000000000023,9.000000000000908,170.0,578.5000891024932
190,24.56191,0.0,0.0,0.0,-0.49177752112114037,-1.727122794488082,-0.5228136691527938,18.0,75.0,73.0,69.0,69.0,68.0,9.000000000000242,9.000000000000023,9.000000000000908,176.0,539.3552204632119
191,24.841572,0.0,0.0,0.0,-0.5914813984241438,-1.5919730196242199,-0.5227326924735225,17.0,75.0,71.0,69.0,69.0,68.0,9.000000000000242,9.000000000000023,9.000000000000908,178.0,527.8399657742265
192,25.164741,0.0,0.0,0.0,-0.7062378403150515,-1.791095023158121,-0.40159451979278504,17.0,73.0,73.0,69.0,69.0,68.0,9.000000000000242,9.000000000000023,9.000000000000908,172.0,522.8005979258988
193,25.446337,0.0,0.0,0.0,-0.7989586334106424,-1.8642210388019578,-0.19186762414455405,17.0,74.0,74.0,69.0,69.0,68.0,9.000000000000242,9.000000000000023,9.000000000000908,180.0,536.8711461704427
194,25.724344,0.0,0.0,0.0,-0.7191758344688215,-2.3541894342861696,-0.31537582362836236,18.0,71.0,70.0,69.0,69.0,68.0,9.000000000000242,9.000000000000023,9.000000000000908,176.0,548.8248657259695
195,26.016339,0.0,0.0,0.0,-0.6210947289025808,-2.387485631306049,-0.32766737277111435,18.0,74.0,72.0,69.0,69.0,68.0,9.000000000000242,9.000000000000023,9.000000000000908,179.0,577.193478067862
196,26.274216,0.0,0.0,0.0,-0.5420206993128365,-2.3129823018393125,-0.3806901219980192,18.0,74.0,71.0,69.0,69.0,68.0,9.000000000000242,9.000000000000023,9.000000000000908,177.0,577.2665145863324
197,26.620226,0.0,0.0,0.0,-0.6328754205819043,-2.5640279981371634,-0.7508571273370892,17.0,72.0,67.0,69.0,69.0,68.0,9.000000000000242,9.000000000000023,9.000000000000908,180.0,568.2265802792987
198,26.931856,0.2025351319275132,0.0,0.0,-0.8949615783839211,-2.6798215092831725,-0.6529188038157772,16.0,73.0,73.0,69.0,69.0,68.0,9.000000000000242,9.000000000000023,9.000000000000908,172.0,577.8695437720366
199,27.219225,0.7937323358440942,0.0,0.0,-0.830533823334044,-2.1193152215730606,-0.7047541141379385,18.0,77.0,70.0,69.0,69.0,68.0,9.000000000000242,9.000000000000023,9.000000000000908,177.0,602.0630438973039
200,27.510858,1.7256963302735744,0.2025351319275132,0.0,-0.7109401928870835,-2.151321259918703,-0.5659324639890544,18.0,73.0,73.0,69.0,69.0,68.0,9.000000000000242,9.000000000000023,9.000000000000908,172.0,585.299043405425
201,27.768467,2.922924934990568,0.7937323358440942,0.0,-0.7699361984736517,-2.312985603811441,-0.40260241519282136,17.0,73.0,73.0,69.0,69.0,68.0,9.000000000000242,9.000000000000023,9.000000000000908,179.0,674.7955023794322
202,28.085064,4.288425808633574,1.7256963302735744,0.2025351319275132,-0.6963164745965362,-2.5972225478236908,-0.42566599119567616,18.0,72.0,71.0,69.0,69.0,68.0,24.0,9.000000000000023,9.000000000000908,177.0,1805.0187775034697
203,28.484285,5.7115741913664255,2.922924934990568,0.7937323358440942,-0.7576020488059219,-2.5510061765953793,-0.5553379213595138,17.0,74.0,70.0,69.0,69.0,68.0,24.0,9.777868816460044,9.000000000000618,170.0,2036.6032386194133
204,28.745745,7.077075065009431,4.288425808633574,1.7256963302735744,-0.686186334334487,-1.9813216004859697,-0.8317028420604915,18.0,77.0,68.0,69.0,69.0,68.0,32.0,26.0,9.000000000000618,171.0,4172.392443154467
205,29.047501,8.274303669726423,5.7115741913664255,2.922924934990568,-0.43936936320255926,-2.039836014918066,-0.7015901831223674,19.0,73.0,73.0,69.0,69.0,68.0,32.0,26.0,9.000000000000618,175.0,4400.505536060193
206,29.326527,9.206267664155908,7.077075065009431,4.288425808633574,-0.3610946589139883,-1.9124809385581614,-0.6670592281523158,18.0,75.0,71.0,69.0,69.0,68.0,40.0,34.0,9.000000000000618,173.0,6778.488677420029
207,29.649724,9.797464868072488,8.274303669726423,5.7115741913664255,-0.17648266382089206,-1.2752260887212117,-0.7512312654202207,19.0,78.0,70.0,69.0,69.0,68.0,40.0,34.0,26.0,172.0,9058.98787762069
208,29.929798,10.0,9.206267664155908,7.077075065009431,-0.14769700224019333,-1.7435883807234518,-0.7583640766583644,18.0,71.0,71.0,69.0,69.0,68.0,40.0,42.0,32.0,175.0,11146.263537398076
209,30.216854,9.797464868072488,9.797464868072488,8.274303669726423,2.632063805730222,-1.7390566531109783,-0.28206797957127083,36.0,75.0,77.0,69.0,69.0,68.0,40.0,42.0,34.0,176.0,12326.492122425498
210,30.510624,9.206267664155906,10.0,9.206267664155908,3.009727221761913,-1.2882051289976175,0.12693037065297386,20.0,77.0,76.0,69.0,69.0,68.0,40.0,42.0,42.0,173.0,13904.463458983111
211,30.768388,8.274303669726423,9.797464868072488,9.797464868072488,2.6182041954225883,0.5379067481875808,1.2157331131898585,19.0,86.0,86.0,69.0,69.0,68.0,40.0,42.0,42.0,171.0,13906.087399422664
212,31.083708,7.077075065009437,9.206267664155906,10.0,2.430044944888141,2.3192998430643144,2.3442315459872303,20.0,86.0,87.0,70.0,69.0,68.0,40.0,42.0,42.0,175.0,13081.94852340178
213,31.472188,5.7115741913664255,8.274303669726423,9.797464868072488,2.002646910620743,3.915922060827853,3.4297073875677055,18.0,87.0,89.0,70.0,69.0,68.0,32.00000000009386,42.00000000006969,42.000000000187825,172.0,11100.093739108728
214,31.740637,4.288425808633576,7.077075065009437,9.206267664155906,1.8981336260078687,4.47049854823112,4.964119102717002,20.0,82.0,97.0,70.0,70.0,68.0,32.00000000009386,42.00000000006969,42.000000000187825,175.0,10092.60500870214
215,32.192812,2.9229249349905664,5.7115741913664255,8.274303669726423,1.7259145242550704,5.064155821638963,6.033181710967749,19.0,84.0,93.0,71.0,71.0,68.0,24.000000000039275,34.00000000004232,42.00000000009269,177.0,7809.358368834683
216,32.481907,1.7256963302735735,4.288425808633576,7.077075065009437,1.3966838063060893,5.305921147382918,7.607649595067879,18.0,82.0,103.0,71.0,71.0,69.0,24.000000000039275,34.00000000004232,42.00000000009269,178.0,7196.307327009264
217,32.982461,0.7937323358440962,2.9229249349905664,5.7115741913664255,1.0963500810896032,5.124968962565603,9.286538275921938,18.0,80.0,106.0,71.0,72.0,69.0,12.823148455422231,26.000000000000387,34.00000000000878,179.0,4290.9079784420055
218,33.366531,0.2025351319275132,1.7256963302735735,4.288425808633576,1.1631012260454834,5.532417907779518,10.542546606940665,20.0,84.0,104.0,72.0,71.0,69.0,9.0,26.0,32.0,176.0,4004.409027459605
219,33.913497,0.0,0.7937323358440962,2.9229249349905664,1.1289504322921355,5.067907630804015,11.683278946450098,19.0,78.0,106.0,72.0,72.0,70.0,9.000000000001096,11.432624779061506,26.00000000000702,172.0,2661.5795936241743
220,34.470147,0.0,0.2025351319275132,1.7256963302735735,1.221708659760281,4.488570177431313,12.256304707715,20.0,78.0,101.0,72.0,72.0,71.0,9.00000000000042,9.000000000001204,10.622264422394807,175.0,1770.2553698192405
221,34.936233,0.0,0.0,0.7937323358440962,0.7107477768403352,3.8661941234614687,12.328095381035578,16.0,77.0,97.0,72.0,72.0,71.0,9.000000000000036,9.000000000000146,9.000000000000144,172.0,2118.0590223957456
222,35.25333,0.0,0.0,0.2025351319275132,0.3170384293913524,3.1728539160029925,11.856245942322392,17.0,76.0,91.0,72.0,72.0,72.0,9.000000000000036,9.000000000000146,9.000000000000144,171.0,2492.4106958228494
223,35.581573,0.0,0.0,0.0,0.34282128740596063,2.7318426765670836,11.37451706889333,19.0,77.0,91.0,72.0,72.0,72.0,9.000000000000036,9.000000000000146,9.000000000000144,168.0,2601.8566886138174
224,35.867527,0.0,0.0,0.0,0.27506419392155435,1.3224838457880708,11.062625506894936,18.0,70.0,92.0,72.0,72.0,72.0,9.000000000000036,9.000000000000146,9.000000000000144,168.0,2532.86722678036
225,36.217957,0.0,0.0,0.0,0.1853850091385314,-0.05596645348410334,10.283584845280831,18.0,70.0,85.0,71.0,72.0,72.0,9.000000000000036,9.000000000000146,9.000000000000144,175.0,2668.4605422043655
226,36.731972,0.0,0.0,0.0,0.42300538479773264,-1.7916884006808118,8.99134334442051,20.0,66.0,78.0,71.0,71.0,72.0,9.00000000000016,9.351174665343958,9.000000000001101,178.0,2730.5280312130003
227,37.388924,0.0,0.0,0.0,0.5277080951244417,-2.8692609850523496,6.587068902495157,19.0,69.0,62.0,70.0,70.0,70.0,9.000000000000263,11.16739683603703,9.000000000002014,174.0,2748.6058059041034
228,37.864789,0.0,0.0,0.0,0.4232476039645472,-3.0224556803506886,4.215032708313205,18.0,73.0,60.0,70.0,70.0,69.0,9.000000000000407,11.454382617262784,9.000000000002297,174.0,2082.7376484357183
229,38.789587,0.0,0.0,0.0,0.15053447416181553,-3.3252806687376477,2.1823353933508,17.0,71.0,59.0,70.0,70.0,69.0,9.0,10.113473629758353,9.0,174.0,1336.8549340289985
230,39.479635,0.0,0.0,0.0,-0.25858670803734585,-3.6405889889650638,0.5930970688552035,16.0,71.0,60.0,70.0,70.0,69.0,9.0,9.272324355533698,9.0,173.0,947.9796357177413
231,39.973845,0.0,0.0,0.0,-0.46854804724652555,-3.120773920995404,-0.6035531146984896,17.0,76.0,61.0,70.0,70.0,69.0,9.0,9.0,9.0,169.0,777.5663243554424
232,40.318206,0.0,0.0,0.0,-0.6051583291570641,-2.8418767340204596,-1.4043148984626344,17.0,74.0,63.0,70.0,70.0,69.0,9.0,9.0,9.0,171.0,627.0948387680965
233,40.642605,0.0,0.0,0.0,-0.2516463252443768,-2.684931802108636,-1.9444105756957812,20.0,74.0,64.0,70.0,69.0,67.0,9.0,9.0,9.0,173.0,588.8660852034836
234,40.981911,0.0,0.0,0.0,-0.17472951481567067,-3.0216643333052957,-2.3671795495562167,18.0,71.0,64.0,70.0,69.0,67.0,9.0,9.0,9.0,172.0,582.5339855404068
235,41.300536,0.0,0.0,0.0,-0.33562101392998445,-2.6197828991904686,-2.3234905678289666,17.0,76.0,69.0,70.0,69.0,67.0,9.0,9.0,9.0,171.0,612.9000219400696
236,41.584782,0.0,0.0,0.0,-0.18862963140697575,-2.435123712570558,-2.2048248418961522,19.0,74.0,69.0,70.0,69.0,67.0,9.0,9.0,9.0,181.0,593.1011882737555
237,41.910301,0.0,0.0,0.0,-0.15684695915412705,-2.5094600149259065,-1.9549246965327614,18.0,73.0,71.0,70.0,69.0,67.0,9.0,9.0,9.0,167.0,580.3795787403453
238,42.221118,0.0,0.0,0.0,-0.3204771242959734,-2.137350713573454,-1.6413341351280168,17.0,76.0,72.0,70.0,69.0,67.0,9.0,9.0,9.0,170.0,574.1631952384271
239,42.571379,0.0,0.0,0.0,-0.4862621142504655,-1.5793553167447953,-1.4480142756206478,17.0,77.0,71.0,70.0,69.0,67.0,9.0,9.0,9.0,174.0,550.4485326884976
240,42.886776,0.0,0.0,0.0,-0.46521555200897113,-1.4045527999208645,-1.2304896274294679,18.0,75.0,72.0,70.0,69.0,67.0,9.0,9.0,9.0,175.0,528.0175814146888
241,43.163842,0.0,0.0,0.0,-0.41476790111273276,-1.1749688516222818,-1.2693735998376825,18.0,76.0,69.0,70.0,69.0,67.0,9.0,9.0,9.0,173.0,518.1626580968687
242,43.460582,0.0,0.0,0.0,-0.8394319910613608,-1.7290518147652563,-1.3511396677589405,15.0,71.0,69.0,70.0,69.0,67.0,9.0,9.0,9.0,177.0,514.0278954569424
243,43.764908,0.0,0.0,0.0,-0.8193225872425498,-1.7259785127144625,-1.26169501741001,18.0,75.0,71.0,70.0,69.0,67.0,9.0,9.0,9.0,173.0,534.4738808795305
244,44.035071,0.0,0.0,0.0,-0.5462992664975457,-1.5874348663075182,-1.310625879429172,19.0,75.0,69.0,69.0,69.0,67.0,9.0,9.0,9.0,178.0,532.6322868644776
245,44.358653,0.0,0.0,0.0,-0.44779588368131273,-1.63188414230477,-1.3067808123011817,18.0,74.0,70.0,69.0,69.0,67.0,9.0,9.0,9.0,174.0,525.5166220514686
246,44.63816,0.0,0.0,0.0,-0.7119724422186953,-1.391661956396689,-1.441501570309204,16.0,76.0,68.0,69.0,69.0,67.0,9.0,9.0,9.0,173.0,525.9445279417191
247,44.947301,0.0,0.0,0.0,-0.6825636451415993,-0.9742709405560106,-1.196910828906728,18.0,77.0,73.0,69.0,69.0,67.0,9.0,9.0,9.0,172.0,525.3420064521183
248,45.244351,0.0,0.0,0.0,-0.74581110390718,-1.5330960693630544,-1.0694645252413553,17.0,71.0,71.0,69.0,69.0,67.0,9.0,9.0,9.0,176.0,511.1928006239661
249,45.513387,0.0,0.0,0.0,-0.8315335108351403,-2.1875539141959734,-1.1556443574384234,17.0,71.0,69.0,69.0,69.0,67.0,9.0,9.0,9.0,178.0,522.4127178571947
250,45.822654,0.0,0.0,0.0,-0.9007606953932741,-2.87065149978811,-1.02604052609981,17.0,70.0,72.0,69.0,69.0,67.0,9.0,9.0,9.0,173.0,552.8344244060322
251,46.100333,0.0,0.0,0.0,-0.8018776169595339,-2.9933285174174955,-0.8701044611524411,18.0,73.0,72.0,69.0,69.0,67.0,9.0,9.0,9.0,173.0,600.9685054094075
252,46.395233,0.0,0.0,0.0,-0.6882807481411111,-2.5275937481272877,-0.89927541649178,18.0,76.0,70.0,69.0,69.0,67.0,9.0,9.0,9.0,172.0,612.7521973311516
253,46.685398,0.0,0.0,0.0,-0.906620413111757,-2.9811794003444305,-0.8788885907898321,16.0,70.0,71.0,69.0,69.0,67.0,9.0,9.0,9.0,168.0,573.2562670289317
254,46.949499,0.0,0.0,0.0,-0.8406247414333454,-3.7064498053112374,-0.7675532527060058,18.0,69.0,72.0,69.0,69.0,67.0,9.0,9.0,9.0,166.0,613.9445024470143
255,47.247934,0.0,0.0,0.0,-0.8742304610789629,-3.8604736227922842,-0.7381907068844429,17.0,72.0,71.0,69.0,69.0,67.0,9.0,9.0,9.0,176.0,689.253953056329
256,47.533375,0.0,0.0,0.0,-0.7808496402739995,-4.504645321587731,-0.34381321873280957,18.0,68.0,76.0,69.0,69.0,67.0,9.0,9.0,9.0,173.0,709.7645737753247
257,47.882408,0.0,0.0,0.0,-0.6712954723024045,-4.387861029595115,-0.17246777453234063,18.0,73.0,73.0,69.0,69.0,67.0,9.0,9.123952576303049,9.0,173.0,824.4477714003939
258,48.162163,0.0,0.0,0.0,-0.7377980020655142,-4.589441508752643,-0.16216405486742946,17.0,70.0,72.0,69.0,69.0,67.0,9.0,9.123952576303049,9.0,177.0,819.8209048521252
259,48.473139,0.0,0.0,0.0,-0.36017687764605144,-4.545684504302656,-0.09223659882026158,20.0,72.0,73.0,69.0,69.0,67.0,9.0,9.258573686730145,9.0,175.0,854.5099990326247
260,48.771735,0.0,0.0,0.0,-0.10794656075965081,-4.90725980546668,-0.17333310361892007,19.0,69.0,71.0,69.0,69.0,67.0,9.0,9.258573686730145,9.0,168.0,844.2345425164254
261,49.069676,0.0,0.0,0.0,-0.24807494469885016,-4.836704355458522,-0.5052940463227573,17.0,72.0,68.0,69.0,69.0,67.0,9.000000000000474,9.389236856769527,9.000000000001059,176.0,888.952913591968
262,49.393659,0.0,0.0,0.0,-0.42813473703112637,-4.677936080704853,-0.43681377714560643,17.0,72.0,73.0,69.0,69.0,67.0,9.000000000000474,9.389236856769527,9.000000000001059,176.0,846.3147085130312
263,49.690516,0.0,0.0,0.0,-0.2630550536963381,-3.930455550068146,-0.3744814220512298,19.0,76.0,72.0,69.0,69.0,67.0,9.000000000000323,9.270317968415686,9.000000000000721,173.0,832.2951977844782
264,50.107328,0.0,0.0,0.0,-0.21724163189791001,-4.430456467080617,-0.34188897122698325,18.0,68.0,72.0,69.0,69.0,67.0,9.0,9.0,9.0,165.0,727.7752185873865
265,50.467109,0.2025351319275132,0.0,0.0,-0.21454407986656365,-4.330237490289647,-0.47034672898788177,18.0,73.0,70.0,69.0,69.0,67.0,9.0,9.0,9.0,174.0,798.8027412348716
266,50.774792,0.7937323358440942,0.0,0.0,-0.2119120512012853,-4.387918485761915,-0.4528987912767706,18.0,71.0,72.0,69.0,69.0,67.0,9.0,9.0,9.0,175.0,777.8042222984143
267,51.054654,1.7256963302735744,0.2025351319275132,0.0,-0.3646720480420744,-4.3486377826991,-0.32734102545365307,17.0,72.0,73.0,69.0,69.0,67.0,9.0,9.0,9.0,169.0,809.8644149941836
268,51.511881,2.922924934990568,0.7937323358440942,0.0,-0.6770783089173844,-4.127755219341424,-0.5967441995461273,16.0,73.0,68.0,69.0,69.0,67.0,9.0,9.500277194458926,9.0,178.0,934.2431144579865
269,51.849863,4.288425808633574,1.7256963302735744,0.2025351319275132,-0.4985185982259215,-4.38042246198566,-0.8992079223075367,19.0,70.0,68.0,69.0,69.0,67.0,24.000000000004068,9.67888673406356,9.000000000001652,172.0,2020.6964292224195
270,52.415502,5.7115741913664255,2.922924934990568,0.7937323358440942,-0.25292456037253475,-4.066215894830165,-1.0659314625444525,19.0,74.0,69.0,69.0,69.0,67.0,24.00000000000295,11.331851710190172,9.000000000001775,170.0,2294.0999510952333
271,52.693811,7.077075065009431,4.288425808633574,1.7256963302735744,-0.3651755721519696,-3.8310909366983026,-1.1845190115145785,17.0,73.0,69.0,69.0,69.0,67.0,32.0,26.0,9.000000000001775,172.0,4286.450083456978
272,52.978736,8.274303669726423,5.7115741913664255,2.922924934990568,-0.5231941119827472,-3.365503506424602,-1.203691137826394,17.0,75.0,70.0,69.0,69.0,67.0,32.0,26.0,9.000000000001775,176.0,4702.012853749964
273,53.280721,9.206267664155908,7.077075065009431,4.288425808633574,-0.34029264812242177,-3.230493500122094,-0.9701514454593552,19.0,73.0,73.0,69.0,69.0,67.0,40.0,34.0,9.000000000001775,173.0,7053.054232680866
274,53.564224,9.797464868072488,8.274303669726423,5.7115741913664255,-0.43499685132308175,-2.878429172009845,-0.7308018705594508,17.0,75.0,73.0,69.0,69.0,67.0,40.0,34.0,26.0,173.0,9458.679932713036
275,53.885576,10.0,9.206267664155908,7.077075065009431,-0.11470838912823256,-2.9898541870602315,-0.8473287355138952,20.0,72.0,69.0,69.0,69.0,67.0,40.0,42.0,32.0,178.0,11752.272733819389
276,54.162175,9.797464868072488,9.797464868072488,8.274303669726423,-0.06363769914660056,-3.02622573365538,-0.5436475754111543,18.0,73.0,75.0,69.0,69.0,67.0,40.0,42.0,34.0,170.0,12826.058918814999
277,54.461369,9.206267664155906,10.0,9.206267664155908,2.854840170069053,-2.865859747207409,0.19165934773573934,37.0,74.0,80.0,69.0,69.0,67.0,40.0,42.0,42.0,168.0,14948.740112726155
278,54.764056,8.274303669726423,9.797464868072488,9.797464868072488,3.2238914480538123,-1.4625502762562377,1.5681044131082826,20.0,82.0,89.0,69.0,69.0,67.0,40.0,42.0,42.0,168.0,14694.304557293464
279,55.036599,7.077075065009437,9.206267664155906,10.0,2.481577669862545,0.408024256753464,2.7567753304554,17.0,85.0,88.0,69.0,69.0,67.0,40.0,42.0,42.0,173.0,13927.974544514793
280,55.489152,5.7115741913664255,8.274303669726423,9.797464868072488,1.9423852711596683,1.4025397266360926,3.9354116602235534,18.0,81.0,91.0,70.0,70.0,67.0,32.00000000006762,42.00000000003754,42.00000000015389,171.0,11822.664532777973
281,55.793467,4.288425808633576,7.077075065009437,9.206267664155906,1.6961525858522175,2.5398939357084913,5.330321831979144,19.0,84.0,96.0,70.0,70.0,67.0,32.00000000006762,42.00000000003754,42.00000000015389,171.0,10814.776607294969
282,56.177158,2.9229249349905664,5.7115741913664255,8.274303669726423,1.3737850386948156,3.4109830087291613,6.6234276036253545,18.0,83.0,97.0,70.0,70.0,67.0,24.0,34.0,42.0,178.0,8369.81195720518
283,56.469468,1.7256963302735735,4.288425808633576,7.077075065009437,1.2329123871352503,3.9289035370551204,7.68891722956361,19.0,82.0,97.0,70.0,70.0,67.0,24.0,34.0,42.0,170.0,7509.319286041387
284,57.162608,0.7937323358440962,2.9229249349905664,5.7115741913664255,0.8422702006805127,3.6966358192794644,8.864034099434857,17.0,78.0,101.0,71.0,70.0,68.0,13.377115918123668,26.000000000002576,34.0,179.0,4483.521910204381
285,57.687054,0.2025351319275132,1.7256963302735735,4.288425808633576,0.922872323140417,3.2205468167481968,9.730228190198371,20.0,77.0,99.0,71.0,70.0,69.0,9.320694858361437,26.000000000018,32.00000000003192,172.0,4042.53557515135
286,58.430972,0.0,0.7937323358440962,2.9229249349905664,0.9343015790606155,2.337964302385359,10.631937437322204,19.0,74.0,102.0,71.0,70.0,69.0,9.00000000000049,14.923717104004535,26.000000000009774,171.0,2781.8425391249675
287,59.127085,0.0,0.2025351319275132,1.7256963302735735,0.5986490093485304,1.522053088164057,11.10481671425563,17.0,74.0,98.0,71.0,71.0,70.0,9.0,9.7461172045284,9.052658903615775,170.0,1735.0470353493442
288,59.569106,0.0,0.0,0.7937323358440962,0.5697516171743184,1.3260964978110223,10.724075320825573,19.0,77.0,89.0,71.0,71.0,70.0,9.000000000000668,9.000000000000549,9.000000000002906,172.0,2111.1406265109963
289,59.889145,0.0,0.0,0.2025351319275132,0.3041598255740392,0.49194355219087527,10.731100907432275,17.0,72.0,95.0,71.0,71.0,71.0,9.000000000000668,9.000000000000549,9.000000000002906,170.0,2244.847426590818
290,60.23368,0.0,0.0,0.0,0.02077195975913737,-0.1989688705886863,10.607058750053152,17.0,73.0,92.0,71.0,71.0,71.0,9.000000000000457,9.000000000000375,9.000000000001984,174.0,2683.016893281555
291,60.653061,0.0,0.0,0.0,-0.3634385845899364,-1.189219670458499,10.37739177715238,16.0,70.0,91.0,71.0,71.0,71.0,9.000000000000156,9.838203373341727,9.000000000000684,170.0,2945.5465469156093
292,61.228418,0.0,0.0,0.0,-0.39863183641378486,-2.558704449236785,9.942257956382203,18.0,67.0,88.0,71.0,71.0,71.0,9.000000000000204,11.676181134564501,9.000000000003222,167.0,3245.957214018637
293,61.931085,0.0,0.0,0.0,-0.515091773231561,-5.629546071503697,8.686762501739569,17.0,55.0,77.0,70.0,71.0,71.0,9.000000000000188,14.0599415499695,9.00000000000363,170.0,3644.237154381951
294,62.659622,0.0,0.0,0.0,-0.6441111058019762,-6.196402747548419,6.322126531782447,17.0,70.0,62.0,69.0,69.0,69.0,9.000000000000044,17.0,9.0,173.0,4606.371660975211
295,63.531635,0.0,0.0,0.0,-0.5934906420126329,-5.375154141176964,3.9999665375466362,18.0,75.0,60.0,69.0,69.0,69.0,9.0,17.0,9.0,169.0,3423.060080650997
296,64.278513,0.0,0.0,0.0,-0.518974004401962,-5.169744800803045,2.085185576521215,18.0,71.0,60.0,69.0,69.0,69.0,9.000000000000352,14.881691575131027,9.000000000002263,174.0,2004.27204620635
297,64.985891,0.0,0.0,0.0,-0.6140693869032217,-4.985444271863784,0.6858151496040987,17.0,72.0,62.0,69.0,69.0,69.0,9.000000000000021,12.6242702141156,9.000000000000288,169.0,1359.5573248040014
298,65.61819,0.0,0.0,0.0,-0.5696786215836167,-5.110237361132803,-0.7277658706221617,18.0,70.0,58.0,69.0,69.0,69.0,9.000000000000549,11.024356930300764,9.000000000001638,177.0,1036.7032393968207
299,66.287322,0.0,0.0,0.0,-0.49971466513782703,-4.813370794779146,-1.7883084622595264,18.0,73.0,60.0,69.0,69.0,69.0,9.000000000000844,10.055421397568438,9.000000000002197,169.0,877.7416928942177
300,66.721027,0.0,0.0,0.0,-0.7534191167577196,-4.316276201589318,-2.3054510323300805,16.0,74.0,64.0,69.0,69.0,69.0,9.0,9.241884556555664,9.0,169.0,768.6838451820623
301,67.1407,0.0,0.0,0.0,-0.8711760470522489,-3.2607588707822117,-2.5044255959446007,17.0,78.0,66.0,69.0,69.0,68.0,9.0,9.0,9.0,167.0,712.8312164463208
302,67.46878,0.0,0.0,0.0,-1.3973587807015346,-2.4260418326401236,-2.4016015210210044,14.0,77.0,69.0,69.0,69.0,68.0,9.0,9.0,9.0,176.0,637.9193368909738
303,67.780573,0.0,0.0,0.0,-1.6150876041269844,-1.9386873797232909,-2.1138975865948,16.0,76.0,71.0,69.0,69.0,68.0,9.0,9.0,9.0,172.0,603.1313425504488
304,68.059595,0.0,0.0,0.0,-1.4136775414439282,-1.2657483281863193,-1.6153442685987516,18.0,78.0,74.0,69.0,69.0,68.0,9.0,9.0,9.0,174.0,579.3500034230888
305,68.418009,0.0,0.0,0.0,-1.4944566731675235,-1.2717914009604954,-1.703658229763886,16.0,74.0,67.0,69.0,69.0,68.0,9.0,9.0,9.0,175.0,539.8054659158556
306,68.70817,0.0,0.0,0.0,-1.4730573556538045,-1.2559627196653906,-1.582843914607989,17.0,75.0,71.0,68.0,69.0,68.0,9.0,9.0,9.0,168.0,544.796149007567
307,68.997485,0.0,0.0,0.0,-1.2663069550669843,-1.2075754022438758,-1.4161236769818446,18.0,75.0,71.0,68.0,69.0,68.0,9.0,9.0,9.0,174.0,539.9458499123398
308,69.326798,0.0,0.0,0.0,-1.5305059728204822,-1.9435546519860765,-1.2815820514024212,15.0,70.0,71.0,68.0,69.0,68.0,9.0,9.0,9.0,172.0,529.5845378000498
309,69.620898,0.0,0.0,0.0,-1.2256642104272797,-1.4679265916910111,-1.560022236596315,19.0,78.0,66.0,68.0,69.0,68.0,9.0,9.0,9.0,179.0,557.9062712153925
310,69.961474,0.0,0.0,0.0,-1.4631750461689639,-1.432268324600173,-1.7143864598101688,15.0,74.0,68.0,68.0,69.0,67.0,9.0,9.0,9.0,170.0,538.3967036965473
311,70.275592,0.0,0.0,0.0,-1.3263852080228564,-1.5408599512986,-1.7274892425847854,18.0,74.0,69.0,68.0,69.0,67.0,9.0,9.0,9.0,173.0,547.5443459185647
312,70.551506,0.0,0.0,0.0,-1.1133660224663093,-1.9374101984689958,-1.7218896371840815,18.0,72.0,69.0,68.0,69.0,67.0,9.0,9.0,9.0,172.0,547.4136547309181
313,70.909875,0.0,0.0,0.0,1.693418963705422,-2.325675327997942,-1.5627526560635987,35.0,72.0,71.0,68.0,69.0,67.0,9.0,9.0,9.0,170.0,554.8194302522985
314,71.193652,0.0,0.0,0.0,1.7489178781601527,-2.1749178808231022,-1.477721332688529,17.0,75.0,70.0,68.0,69.0,67.0,9.0,9.0,9.0,176.0,581.3375729856348
315,71.493969,0.0,0.0,0.0,1.1846722862328813,-2.572465495383895,-1.5808940507485092,17.0,71.0,68.0,68.0,69.0,67.0,9.0,9.0,9.0,175.0,575.1321952133164
316,71.792142,0.0,0.0,0.0,0.8907857131352439,-3.0304006194904645,-1.620267952710738,18.0,71.0,69.0,68.0,69.0,67.0,9.0,9.0,9.0,169.0,579.253063323026
317,72.083747,0.0,0.0,0.0,0.8420709147784673,-2.6251980889914677,-1.5574471292668237,19.0,76.0,70.0,68.0,69.0,67.0,9.0,9.0,9.0,171.0,600.3005118892784
318,72.432677,0.0,0.0,0.0,0.6799006176027862,-2.7492711562239833,-1.33498946151406,18.0,72.0,72.0,68.0,69.0,67.0,9.0,9.0,9.0,175.0,575.5760921220317
319,72.725237,0.0,0.0,0.0,0.35919311743133475,-2.521254739058705,-1.2763542099331717,17.0,75.0,70.0,68.0,69.0,67.0,9.0,9.0,9.0,174.0,578.3028858526156
320,73.020379,0.0,0.0,0.0,0.22091787500484328,-2.3891720427567265,-1.2626419764671626,18.0,74.0,70.0,68.0,69.0,67.0,9.0,9.0,9.0,174.0,562.6496700115024
321,73.373334,0.0,0.0,0.0,-0.01244002195128191,-2.4715768190443157,-1.0959641022596687,17.0,73.0,72.0,68.0,69.0,67.0,9.0,9.0,9.0,174.0,554.9945803461915
322,73.658677,0.0,0.0,0.0,0.07418306854720269,-2.571507193200972,-1.0821880157836334,19.0,73.0,70.0,68.0,69.0,67.0,9.0,9.0,9.0,180.0,559.7873610044771
323,73.999232,0.0,0.0,0.0,0.2116270465851815,-2.8069628380839475,-1.182403579453525,19.0,72.0,69.0,68.0,69.0,67.0,9.0,9.0,9.0,171.0,565.7314361302865
324,74.36284,0.0,0.0,0.0,0.012151069710685913,-3.3414763122209195,-1.1249249252059217,17.0,70.0,71.0,68.0,69.0,67.0,9.0,9.0,9.0,174.0,580.4326764903697
325,74.651196,0.0,0.0,0.0,-0.2166459054143286,-3.5316576415764587,-1.0445477841381505,17.0,72.0,71.0,68.0,69.0,67.0,9.0,9.0,9.0,170.0,624.1581830885099
326,74.980542,0.0,0.0,0.0,-0.24626668269865393,-3.6182975357906884,-1.1348389696727468,18.0,72.0,69.0,68.0,69.0,67.0,9.0,9.0,9.0,180.0,646.4656703032014
327,75.301403,0.0,0.0,0.0,-0.3918921839089866,-3.99976037492506,-1.3965706498035688,17.0,70.0,67.0,68.0,69.0,67.0,9.0,9.0,9.0,174.0,652.5734980569756
328,75.591078,0.0,0.0,0.0,-0.23409292432837647,-3.601366321523045,-1.4093445965856093,19.0,75.0,70.0,68.0,68.0,67.0,9.0,9.0,9.0,173.0,685.9585957973782
329,75.936166,0.0,0.0,0.0,-0.03881179482629138,-3.5750955195447602,-1.4466149734577813,19.0,72.0,69.0,68.0,68.0,67.0,9.0,9.0,9.0,173.0,644.310227330032
330,76.219583,0.0,0.0,0.0,-0.1913026104105815,-3.9664836528858416,-1.571877813924023,17.0,70.0,68.0,68.0,68.0,67.0,9.0,9.0,9.0,175.0,639.3994939359715
331,76.535181,0.0,0.0,0.0,-0.0719107819375222,-3.884604016865879,-1.2250878257155096,19.0,73.0,74.0,68.0,68.0,67.0,9.0,9.0,9.0,168.0,675.5112580876971
332,76.901111,0.2025351319275132,0.0,0.0,-0.21713283172364628,-4.026725491638388,-0.9206545011676939,17.0,71.0,73.0,68.0,68.0,67.0,9.0,9.0,9.0,170.0,674.5828495619536
333,77.175283,0.7937323358440942,0.0,0.0,-0.09270061851775724,-3.745415623764856,-0.8467733537289037,19.0,74.0,71.0,68.0,68.0,67.0,9.0,9.0,9.0,173.0,708.6231780314914
334,77.459465,1.7256963302735744,0.2025351319275132,0.0,-0.07904190502653252,-3.881129892736297,-0.9749987910637303,18.0,71.0,69.0,68.0,68.0,67.0,9.0,9.0,9.0,179.0,695.6425823113311
335,77.779988,2.922924934990568,0.7937323358440942,0.0,0.05276600582209623,-3.937826524454053,-0.8792447640947048,19.0,72.0,72.0,68.0,68.0,67.0,9.0,9.0,9.0,170.0,795.3185243295825
336,78.086983,4.288425808633574,1.7256963302735744,0.2025351319275132,-0.11648284826198152,-3.949067015310561,-0.7508524157563174,17.0,72.0,72.0,68.0,68.0,67.0,24.00000000000797,9.203728563496394,9.000000000003007,176.0,1929.3332125927175
337,78.799189,5.7115741913664255,2.922924934990568,0.7937323358440942,-0.47604366096564066,-3.4934825820667044,-0.8799009507150588,16.0,75.0,69.0,68.0,68.0,67.0,24.000000000003496,10.77251313946178,9.00000000000132,168.0,2189.006525596664
338,79.105837,7.077075065009431,4.288425808633574,1.7256963302735744,-0.18027642482384154,-3.333674369802438,-1.1123034059991186,20.0,73.0,68.0,68.0,68.0,67.0,32.0,26.0,9.00000000000132,171.0,4238.575484605176
339,79.42467,8.274303669726423,5.7115741913664255,2.922924934990568,-0.27111236179338905,-3.4272236233283735,-1.0842993918588535,17.0,72.0,71.0,68.0,68.0,67.0,32.0,26.0,9.00000000000132,173.0,4575.868874949299
340,79.703838,9.206267664155908,7.077075065009431,4.288425808633574,-0.2921118703700434,-3.5355428021383517,-0.7786855802614427,18.0,72.0,74.0,68.0,68.0,67.0,40.0,34.0,9.00000000000132,176.0,7039.790500426732
341,79.992401,9.797464868072488,8.274303669726423,5.7115741913664255,-0.42942719917145356,-3.622724203072579,-0.4813754475545453,17.0,72.0,74.0,68.0,68.0,67.0,40.0,34.0,26.0,177.0,9579.946118546104
342,80.296143,10.0,9.206267664155908,7.077075065009431,-0.5745611234870585,-3.0734580114736474,-0.08587686090637181,17.0,76.0,76.0,68.0,68.0,67.0,40.0,42.0,32.0,168.0,12073.22424964612
343,80.579408,9.797464868072488,9.797464868072488,8.274303669726423,-0.226960178994283,-2.804146325467613,0.03608299255418057,20.0,74.0,73.0,68.0,68.0,67.0,40.0,42.0,34.0,173.0,13034.25791722984
344,80.90137,9.206267664155906,10.0,9.206267664155908,0.15537075361426345,-2.654349639009112,0.16215652266150737,20.0,74.0,74.0,69.0,68.0,67.0,40.0,42.0,42.0,177.0,14934.527717383802
345,81.181549,8.274303669726423,9.797464868072488,9.797464868072488,0.1541178464695565,-1.2917052743905373,1.4446120820594457,18.0,82.0,89.0,69.0,68.0,67.0,40.0,42.0,42.0,170.0,15001.772095755392
346,81.479204,7.077075065009437,9.206267664155906,10.0,0.08628637038727716,-0.2282570125224197,2.8134126829068107,18.0,80.0,90.0,69.0,69.0,67.0,40.0,42.0,42.0,172.0,14235.38780137489
347,81.920366,5.7115741913664255,8.274303669726423,9.797464868072488,2.8226022240101254,0.8742456466407873,4.324958408939412,36.0,82.0,95.0,70.0,69.0,67.0,32.00000000000374,42.00000000000126,42.00000000000727,167.0,12433.184669463357
348,82.198506,4.288425808633576,7.077075065009437,9.206267664155906,3.0096192248586813,1.526991896421734,6.177728783718382,19.0,80.0,102.0,70.0,70.0,67.0,32.00000000000374,42.00000000000126,42.00000000000727,176.0,10962.358796579396
349,82.614601,2.9229249349905664,5.7115741913664255,8.274303669726423,2.7398292682540375,2.1447847357444942,7.100380519106802,20.0,81.0,93.0,70.0,70.0,68.0,24.0,34.0,42.0,173.0,8729.127713660735
350,82.934842,1.7256963302735735,4.288425808633576,7.077075065009437,2.0977130275873814,2.2159360406356967,8.395373360255707,17.0,78.0,102.0,71.0,70.0,69.0,24.0,34.0,42.0,172.0,7835.954423983689
351,83.633684,0.7937323358440962,2.9229249349905664,5.7115741913664255,1.9423170670204644,1.7084584825374236,9.754654493567994,20.0,75.0,104.0,71.0,70.0,69.0,13.710181323825896,26.000000000002103,34.00000000000317,173.0,4966.547718391377
352,84.185125,0.2025351319275132,1.7256963302735735,4.288425808633576,4.552565428464767,1.5080728836698114,10.657378013328401,37.0,77.0,101.0,71.0,71.0,70.0,9.787433525102013,26.00000000000815,32.00000000002713,171.0,4608.695495987383
353,84.886069,0.0,0.7937323358440962,2.9229249349905664,4.292165182074701,1.2589239461626534,11.649787191959927,18.0,76.0,105.0,72.0,71.0,71.0,9.000000000002327,16.99999999999884,26.0000000000229,177.0,3441.4971247842354
354,85.599483,0.0,0.2025351319275132,1.7256963302735735,3.4376664044377416,1.0222344766451101,11.98093010198605,18.0,76.0,98.0,72.0,72.0,71.0,9.000000000000238,12.32409682989861,9.000000000000087,168.0,2286.517464063161
355,86.449885,0.0,0.0,0.7937323358440962,2.5986166206750876,0.9853612775695382,11.744861104431966,17.0,77.0,93.0,72.0,72.0,72.0,9.000000000000483,10.120140962129176,9.000000000002453,163.0,2512.1783029529834
356,86.928709,0.0,0.0,0.2025351319275132,2.040536428036066,0.21375463130104322,11.704327807183478,18.0,72.0,96.0,72.0,72.0,72.0,9.000000000000611,9.000000000000309,9.000000000002546,167.0,2681.8851314710273
357,87.381598,0.0,0.0,0.0,1.3107549143595807,-0.4251080650477661,11.025619594401295,16.0,73.0,87.0,72.0,72.0,72.0,9.000000000000483,9.719004131949191,9.000000000002279,171.0,3167.907012302442
358,87.801645,0.0,0.0,0.0,0.8058336703934361,-1.372907741018068,10.788759116515617,17.0,70.0,93.0,72.0,72.0,72.0,9.000000000000195,10.58322149026358,9.000000000000929,169.0,3175.871378708362
359,88.332038,0.0,0.0,0.0,0.27502878555668486,-1.9328861238592339,10.388736040859502,16.0,72.0,89.0,72.0,72.0,72.0,9.000000000000105,12.380308818305286,9.000000000001275,176.0,3487.2382410970818
360,88.902326,0.0,0.0,0.0,-0.18989608848011175,-3.7146591775486115,9.220734195159405,16.0,63.0,79.0,70.0,72.0,72.0,9.00000000000026,13.612567358869379,9.000000000003896,173.0,3552.360642043459
361,89.457515,0.0,0.0,0.0,-0.2570823534994031,-4.222548444708082,6.8662828357527586,18.0,71.0,63.0,70.0,70.0,70.0,9.0,15.772735365060228,9.0,173.0,3804.3387663151348
362,90.149845,0.0,0.0,0.0,-0.24500193233942769,-4.363650935477679,4.458040304821519,18.0,71.0,60.0,70.0,70.0,69.0,9.0,15.264452595499778,9.000000000000162,175.0,2760.1899104323306
363,90.699295,0.0,0.0,0.0,-0.5464350680031136,-4.792367405734382,2.456937298475256,16.0,69.0,60.0,69.0,69.0,69.0,9.000000000000277,13.305455687783581,9.00000000000116,169.0,1815.5195282408336
364,91.372729,0.0,0.0,0.0,-0.5480267142189459,-4.8979922849838715,0.6777742647018341,18.0,71.0,58.0,69.0,69.0,69.0,9.000000000000218,11.974667069776642,9.000000000000531,177.0,1353.2209896402676
365,91.933581,0.0,0.0,0.0,-0.17149833993970676,-5.225926322686078,-0.6458451810950452,20.0,69.0,60.0,69.0,69.0,69.0,9.000000000000059,10.737761410459408,9.000000000000142,166.0,1015.1274574719528
366,92.488736,0.0,0.0,0.0,0.1999033593058388,-5.094924472586044,-1.4547485913137423,20.0,72.0,63.0,69.0,69.0,69.0,9.000000000000993,9.972677394972461,9.000000000002066,173.0,894.1846408146371
367,93.036416,0.0,0.0,0.0,-0.11982059213607643,-3.9575824965848767,-1.8299785633239667,16.0,78.0,66.0,69.0,69.0,68.0,9.0,9.335948306557336,9.0,164.0,807.6611379695361
368,93.481704,0.0,0.0,0.0,-0.6678334058762059,-3.3005843884506163,-2.00839323076102,15.0,75.0,67.0,69.0,69.0,68.0,9.0,9.0,9.0,175.0,670.7128101609743
369,93.783517,0.0,0.0,0.0,-1.298870227924287,-2.4055855923185305,-1.982707870383753,14.0,78.0,69.0,69.0,69.0,68.0,9.0,9.0,9.0,174.0,625.2068525134775
370,94.053402,0.0,0.0,0.0,-1.2238192048241001,-1.8873163651354616,-1.8514665163137325,18.0,76.0,70.0,69.0,69.0,68.0,9.0,9.0,9.0,168.0,585.0645092673833
371,94.393263,0.0,0.0,0.0,-1.0290871204812544,-1.6893424500050287,-1.8063421666933808,18.0,75.0,69.0,69.0,69.0,68.0,9.0,9.0,9.0,174.0,559.1466003694816
372,94.702008,0.0,0.0,0.0,-0.8732420938601391,-1.8708954175926635,-1.7092020316634207,18.0,73.0,70.0,69.0,69.0,68.0,9.0,9.0,9.0,175.0,548.3168092982494
373,95.012505,0.0,0.0,0.0,1.8881728633710462,-2.0841297718384766,-1.5358669944490062,35.0,73.0,71.0,69.0,69.0,67.0,9.0,9.0,9.0,170.0,548.1486620940066
374,95.316381,0.0,0.0,0.0,2.217197790876479,-2.5661093307158183,-1.3786667799535524,19.0,71.0,71.0,69.0,69.0,67.0,9.0,9.0,9.0,175.0,578.7960450976539
375,95.596713,0.0,0.0,0.0,1.9416747538034822,-2.5590409188941123,-1.2513119555087515,19.0,74.0,71.0,69.0,69.0,67.0,9.0,9.0,9.0,175.0,605.4399880396261
376,95.912725,0.0,0.0,0.0,1.7261231823641476,-2.14224900856145,-1.1478852146269505,19.0,76.0,71.0,69.0,69.0,67.0,9.0,9.0,9.0,171.0,593.1881666605746
377,96.189202,0.0,0.0,0.0,1.2425694343841154,-2.203768417218825,-1.2188656107801679,17.0,73.0,69.0,69.0,69.0,67.0,9.0,9.0,9.0,176.0,565.7006045034875
378,96.487721,0.0,0.0,0.0,0.9379504492428121,-2.2000734668867494,-0.9222875580879561,18.0,74.0,74.0,69.0,69.0,67.0,9.0,9.0,9.0,172.0,556.9907521801556
379,96.780938,0.0,0.0,0.0,0.5699844343096561,-2.162095792493318,-0.9075600132457682,17.0,74.0,70.0,69.0,69.0,67.0,9.0,9.0,9.0,182.0,549.1976892208879
380,97.048538,0.0,0.0,0.0,0.3923422516278481,-2.4415923055903193,-0.9635907780921658,18.0,72.0,70.0,69.0,69.0,67.0,9.0,9.0,9.0,174.0,543.4722805776782
381,97.356956,0.0,0.0,0.0,0.12679532478297473,-2.115303464118469,-0.9306149212318902,17.0,76.0,71.0,69.0,69.0,67.0,9.0,9.0,9.0,169.0,558.2024246755936
382,97.635755,0.0,0.0,0.0,-0.12272018003509944,-1.7158755461912563,-0.8869820864664577,17.0,76.0,71.0,69.0,69.0,67.0,9.0,9.0,9.0,166.0,539.7768442977675
383,97.952298,0.0,0.0,0.0,-0.16990622631983543,-1.5486548642579407,-0.7743636581410174,18.0,75.0,72.0,69.0,69.0,67.0,9.0,9.0,9.0,173.0,522.0204975173403
384,98.236483,0.0,0.0,0.0,-0.17485988306724254,-1.7564700703432123,-0.9762917589090607,18.0,73.0,68.0,69.0,69.0,67.0,9.0,9.0,9.0,170.0,515.4563465333558
385,98.524494,0.0,0.0,0.0,-0.024496421789493628,-1.836186586305601,-1.129690019295471,19.0,74.0,69.0,69.0,69.0,67.0,9.0,9.0,9.0,174.0,524.3173142942851
386,98.8313,0.0,0.0,0.0,-0.024154330113095757,-2.0213816313258803,-1.0039832209740966,18.0,73.0,72.0,69.0,69.0,67.0,9.0,9.0,9.0,174.0,528.2908590685613
387,99.11495,0.0,0.0,0.0,-0.21276028334673613,-2.5155833360598905,-1.1620858188780092,17.0,71.0,68.0,69.0,69.0,67.0,9.0,9.0,9.0,168.0,535.460187256148
388,99.43483,0.0,0.0,0.0,-0.2437315759800076,-2.5181043487540222,-1.2805639331306553,18.0,74.0,69.0,69.0,69.0,67.0,9.0,9.0,9.0,170.0,563.5332372012749
389,99.712495,0.0,0.0,0.0,-0.3899158591092875,-3.039032813926056,-1.0490586696870965,17.0,70.0,73.0,69.0,69.0,67.0,9.0,9.0,9.0,170.0,563.8955540429249
390,100.012961,0.0,0.0,0.0,-0.23247396977183898,-3.5970201786663836,-0.9495492003889696,19.0,70.0,71.0,69.0,69.0,67.0,9.0,9.0,9.0,176.0,604.4258152088045
391,100.31966,0.0,0.0,0.0,-0.19250689402642296,-3.4281361051170904,-0.6707604832700058,18.0,74.0,74.0,69.0,69.0,67.0,9.0,9.0,9.0,173.0,656.5467741690691
392,100.601489,0.0,0.0,0.0,-0.039425134822007823,-3.312442611064057,-0.7814300633314106,19.0,73.0,69.0,69.0,69.0,67.0,9.0,9.0,9.0,169.0,650.2771488566641
393,100.920094,0.0,0.0,0.0,-0.19137683853171028,-3.5642390948505067,-0.7228252800076875,17.0,71.0,72.0,69.0,69.0,67.0,9.0,9.0,9.0,172.0,632.189980896781
394,101.196635,0.0,0.0,0.0,-0.07185887578500827,-3.990092621701706,-0.46890901117436545,19.0,70.0,74.0,69.0,69.0,67.0,9.0,9.0,9.0,180.0,662.17614625799
395,101.497552,0.0,0.0,0.0,-0.21710621988778955,-4.367980236001898,-0.5400465458481607,17.0,70.0,70.0,69.0,69.0,67.0,9.0,9.0,9.0,174.0,725.2969864259169
396,101.802113,0.0,0.0,0.0,0.062331391521769586,-4.364195353567354,-0.7426730526606322,20.0,72.0,69.0,69.0,69.0,67.0,9.0,9.0,9.0,174.0,773.1694758787671
397,102.087217,0.0,0.0,0.0,0.08018527596763958,-4.139490763995397,-1.0002770471523066,18.0,73.0,68.0,69.0,69.0,67.0,9.0,9.0,9.0,173.0,753.3848875086876
398,102.447082,0.0,0.0,0.0,0.1815133315445645,-4.234906323390163,-0.9931943680114701,19.0,71.0,71.0,69.0,69.0,67.0,9.0,9.0,9.0,174.0,710.2040157659311
399,102.760838,0.2025351319275132,0.0,0.0,0.2980443238807591,-4.069738774537569,-0.9372012530422866,19.0,73.0,71.0,69.0,69.0,67.0,9.0,9.0,9.0,169.0,720.9333721065449
400,103.045814,0.7937323358440942,0.0,0.0,0.23730744272112103,-4.0228492301626915,-1.2801092882534677,18.0,72.0,66.0,69.0,69.0,67.0,9.0,9.0,9.0,172.0,704.1988159431382
401,103.367441,1.7256963302735744,0.2025351319275132,0.0,0.15457019438394282,-3.5540440107897098,-1.409505032432155,18.0,75.0,69.0,69.0,69.0,67.0,9.0,9.0,9.0,169.0,697.6338750119377
402,103.644925,2.922924934990568,0.7937323358440942,0.0,0.08797803911054158,-3.8479847915787104,-1.6181742663405219,18.0,70.0,67.0,69.0,69.0,67.0,9.0,9.0,9.0,171.0,724.4411451475096
403,103.963765,4.288425808633574,1.7256963302735744,0.2025351319275132,0.34398103041975103,-4.409900904676633,-1.5116586704078019,20.0,69.0,71.0,69.0,69.0,67.0,24.0,9.0,9.0,168.0,1880.3867228957176
404,104.539851,5.7115741913664255,2.922924934990568,0.7937323358440942,0.3084849260211686,-4.276872256111986,-1.0480989976376707,18.0,73.0,75.0,69.0,69.0,67.0,24.000000000000256,10.697698614469555,9.000000000000126,176.0,2166.0100176434257
405,104.854504,7.077075065009431,4.288425808633574,1.7256963302735744,0.5218919080012969,-4.0346077003272285,-1.1485859511869494,20.0,73.0,68.0,69.0,69.0,67.0,32.0,26.0,9.000000000000126,174.0,4284.17799871162
406,105.136672,8.274303669726423,5.7115741913664255,2.922924934990568,0.2978409229816239,-3.6851996378288305,-0.96057824820807,17.0,74.0,73.0,69.0,69.0,67.0,32.0,26.0,9.000000000000126,178.0,4641.858968513971
407,105.45337,9.206267664155908,7.077075065009431,4.288425808633574,0.32498142612778436,-3.833436500237596,-0.6451518091112307,19.0,71.0,74.0,69.0,69.0,67.0,40.0,34.0,9.000000000000126,176.0,7036.691306509148
408,105.735611,9.797464868072488,8.274303669726423,5.7115741913664255,0.26020633059261966,-3.589229918412755,-0.37346038605580834,18.0,74.0,74.0,69.0,69.0,67.0,40.0,34.0,26.0,172.0,9601.552283169643
409,106.027135,10.0,9.206267664155908,7.077075065009431,0.1733705459761512,-3.7542915833701045,-0.30831383688093883,18.0,71.0,72.0,69.0,69.0,67.0,40.0,42.0,32.0,170.0,11944.128292960562
410,106.331092,9.797464868072488,9.797464868072488,8.274303669726423,2.893389240160491,-3.8347741728334057,0.021343249993885927,36.0,72.0,76.0,69.0,69.0,67.0,40.0,42.0,34.0,172.0,13176.121508664528
411,106.614313,9.206267664155906,10.0,9.206267664155908,2.9121062823933275,-3.710340104400032,0.5113351509690416,18.0,73.0,78.0,69.0,69.0,67.0,40.0,42.0,42.0,169.0,14927.132340926033
412,106.933135,8.274303669726423,9.797464868072488,9.797464868072488,2.627330811361467,-2.3362068642671403,1.8716054171705663,20.0,81.0,90.0,69.0,69.0,67.0,40.0,42.0,42.0,171.0,15180.428586844706
413,107.210918,7.077075065009437,9.206267664155906,10.0,2.316946094345052,-0.4893358433893127,3.408084320429185,19.0,84.0,93.0,69.0,69.0,67.0,40.0,42.0,42.0,173.0,14483.390447678006
414,107.629651,5.7115741913664255,8.274303669726423,9.797464868072488,2.032056431175856,1.415978884537779,4.625020647302153,19.0,86.0,92.0,70.0,70.0,67.0,32.00000000000637,42.000000000003126,42.00000000001765,171.0,12305.884708438753
415,107.945049,4.288425808633576,7.077075065009437,9.206267664155906,1.6457838818544341,2.872904773544093,5.440591371069142,18.0,85.0,90.0,70.0,70.0,67.0,32.00000000000637,42.000000000003126,42.00000000001765,171.0,10822.222736236674
416,108.341128,2.9229249349905664,5.7115741913664255,8.274303669726423,1.4538392634119393,3.5568256578787754,6.302641464756344,19.0,82.0,93.0,70.0,71.0,67.0,24.000000000032028,34.000000000027114,42.000000000087454,171.0,8268.325414345061
417,108.62127,1.7256963302735735,4.288425808633576,7.077075065009437,1.486786760686488,4.3230813499380645,7.441068874451228,20.0,84.0,98.0,70.0,71.0,67.0,24.000000000032028,34.000000000027114,42.000000000087454,171.0,7453.945765517051
418,109.19629,0.7937323358440962,2.9229249349905664,5.7115741913664255,1.391302942003303,3.773995766294618,8.603291674337814,19.0,76.0,100.0,71.0,71.0,68.0,13.046904506005209,26.00000000000041,34.0,177.0,4374.536845312392
419,109.621363,0.2025351319275132,1.7256963302735735,4.288425808633576,1.1247379954648298,4.145765306648656,9.811606316028882,18.0,83.0,103.0,71.0,71.0,69.0,9.0,26.0,32.0,175.0,3954.613173579662
420,110.342296,0.0,0.7937323358440962,2.9229249349905664,0.8754399493175131,3.6003369209622065,10.532333772597259,18.0,76.0,99.0,71.0,71.0,69.0,9.000000000000453,13.380057539305303,26.00000000000433,178.0,2625.404573565791
421,110.906166,0.0,0.2025351319275132,1.7256963302735735,0.5186074151622679,2.6107065155118363,10.66279658462103,17.0,74.0,94.0,71.0,71.0,70.0,9.0,9.0,9.979981215125203,175.0,1528.7878721907678
422,111.282319,0.0,0.0,0.7937323358440962,0.6605374034665199,2.0537483161533174,10.454165249032808,20.0,76.0,91.0,72.0,72.0,71.0,9.000000000000476,9.000000000000963,9.000000000002078,173.0,1762.7568830875898
423,111.548847,0.0,0.0,0.2025351319275132,0.5662587392562375,1.669750023114247,10.6239824915347,18.0,76.0,96.0,72.0,72.0,71.0,9.000000000000476,9.000000000000963,9.000000000002078,172.0,2000.6723468058938
424,111.863902,0.0,0.0,0.0,0.42137007658660464,1.2016377179281648,10.226198123361986,18.0,75.0,88.0,72.0,72.0,71.0,9.000000000000476,9.000000000000963,9.000000000002078,171.0,2323.05672547988
425,112.142885,0.0,0.0,0.0,0.14960271606638953,0.012833394790334296,10.0785146299261,17.0,70.0,92.0,72.0,72.0,71.0,9.000000000000476,9.000000000000963,9.000000000002078,176.0,2338.9124311983837
426,112.599588,0.0,0.0,0.0,-0.10424910363502393,-0.8086882575673684,9.484767524505198,17.0,72.0,85.0,72.0,72.0,71.0,9.000000000000348,9.009079549296663,9.000000000001549,174.0,2615.9644088772334
427,113.185889,0.0,0.0,0.0,-0.3098984438800021,-2.8014874629091366,8.342556263717174,17.0,63.0,78.0,70.0,72.0,71.0,9.000000000000137,10.02349405390512,9.000000000000606,168.0,2638.0288560150207
428,113.758331,0.0,0.0,0.0,-0.47687918345900515,-3.790694075266998,6.0599788406489905,17.0,69.0,62.0,70.0,70.0,70.0,9.000000000000167,12.451242592646235,9.000000000001263,169.0,2884.222596752892
429,114.185156,0.0,0.0,0.0,-0.7675552179955294,-4.854427701205822,3.6318231546519355,16.0,66.0,58.0,70.0,70.0,69.0,9.000000000000268,12.881442631033892,9.000000000001828,170.0,2235.263390322583
430,114.642213,0.0,0.0,0.0,-0.7269584898824459,-5.046241104549679,1.7527662432237987,18.0,71.0,60.0,70.0,70.0,69.0,9.00000000000011,12.600276098917304,9.000000000000629,165.0,1713.185084489755
431,115.218753,0.0,0.0,0.0,-0.626809227086778,-5.0344708741404816,0.416376796884367,18.0,71.0,62.0,70.0,69.0,69.0,9.000000000000194,11.623644109131313,9.000000000000686,176.0,1256.6234248280782
432,115.763285,0.0,0.0,0.0,-0.5465788904661157,-4.562573269980177,-0.9465708312005505,18.0,74.0,58.0,70.0,69.0,69.0,9.000000000000131,10.619045897777523,9.000000000000473,168.0,1003.8548722484161
433,116.278125,0.0,0.0,0.0,-0.4815826109779313,-4.389852760021995,-1.7335626121122134,18.0,72.0,63.0,70.0,69.0,69.0,9.0,9.49478475972202,9.0,171.0,778.9759410414462
434,116.673341,0.0,0.0,0.0,-0.583761729601044,-4.317849041866879,-2.28855825095651,17.0,72.0,63.0,70.0,69.0,69.0,9.000000000000114,9.000000000000034,9.000000000000208,173.0,720.7212872347736
435,116.987821,0.0,0.0,0.0,-0.5450446926159889,-3.4833516325425506,-2.3532438562704785,18.0,77.0,68.0,70.0,69.0,69.0,9.000000000000114,9.000000000000034,9.000000000000208,169.0,709.63078216318
436,117.277493,0.0,0.0,0.0,-0.3246940660024582,-3.103829408043154,-2.2453250795332282,19.0,74.0,69.0,70.0,69.0,67.0,9.000000000000114,9.000000000000034,9.000000000000208,178.0,642.7384555503362
437,117.555292,0.0,0.0,0.0,-0.26793479962643874,-2.1233714956901792,-2.1424943950490745,18.0,79.0,69.0,70.0,69.0,67.0,9.000000000000114,9.000000000000034,9.000000000000208,172.0,613.9946747486898
438,117.870719,0.0,0.0,0.0,-0.4108191856913206,-1.9340981886563213,-1.9044634147638009,17.0,74.0,71.0,70.0,69.0,67.0,9.000000000000114,9.000000000000034,9.000000000000208,169.0,567.3471304379177
439,118.161035,0.0,0.0,0.0,-0.4046312794461113,-2.5694919407910675,-1.7553218405760846,18.0,70.0,70.0,70.0,69.0,67.0,9.000000000000114,9.000000000000034,9.000000000000208,172.0,552.2712517733428
440,118.509874,0.0,0.0,0.0,-0.8306475298320213,-3.3712434632651735,-1.6514042999986716,15.0,69.0,70.0,70.0,69.0,67.0,9.000000000000114,9.000000000000034,9.000000000000208,175.0,573.3213093724399
441,118.811825,0.0,0.0,0.0,-1.1221091434386143,-2.8128641876708116,-1.2567454818586627,16.0,77.0,74.0,70.0,69.0,67.0,9.000000000000114,9.000000000000034,9.000000000000208,169.0,631.826049429688
442,119.082,0.0,0.0,0.0,-1.0138652547449039,-3.3321981618097,-1.2570348193466474,18.0,69.0,69.0,69.0,69.0,67.0,9.000000000000114,9.000000000000034,9.000000000000208,174.0,598.5002402026602
443,119.400522,0.0,0.0,0.0,-0.8597070254640511,-3.560139426265664,-1.1091801978445064,18.0,72.0,72.0,69.0,69.0,67.0,9.000000000000114,9.000000000000034,9.000000000000208,170.0,637.9487898757646
444,119.676261,0.0,0.0,0.0,-0.5808010381342297,-3.3312821123749217,-1.0152983634751722,19.0,74.0,71.0,69.0,69.0,67.0,9.000000000000114,9.000000000000034,9.000000000000208,174.0,659.6063831420382
445,119.989538,0.0,0.0,0.0,-0.6311104722164917,-3.3898562961646093,-0.9563433670966761,17.0,72.0,71.0,69.0,69.0,67.0,9.000000000000114,9.000000000000034,9.000000000000208,172.0,634.1822473809159
446,120.277082,0.0,0.0,0.0,-0.42910595719543254,-4.125623031496289,-0.8308029116675586,19.0,68.0,72.0,69.0,69.0,67.0,9.000000000000114,9.000000000000034,9.000000000000208,174.0,642.6878267272639
447,120.556928,0.0,0.0,0.0,-0.1973100970129349,-3.9253252866764967,-1.0221283947772806,19.0,74.0,68.0,69.0,69.0,67.0,9.000000000000114,9.000000000000034,9.000000000000208,171.0,725.6348676940621
448,120.873785,0.0,0.0,0.0,-0.16504308768854914,-4.180336887270528,-1.0119189517970968,18.0,70.0,71.0,69.0,69.0,67.0,9.000000000000114,9.000000000000034,9.000000000000208,170.0,688.1991779064174
449,121.148484,0.0,0.0,0.0,-0.17230713420477928,-4.058935450707963,-1.0300356115431812,18.0,73.0,70.0,69.0,69.0,67.0,9.000000000000114,9.000000000000034,9.000000000000208,172.0,717.677808375102
450,121.466858,0.0,0.0,0.0,-0.33258163223763804,-3.8585963903827576,-1.0621291947273592,17.0,73.0,70.0,69.0,69.0,67.0,9.000000000000114,9.000000000000034,9.000000000000208,166.0,702.6281398542714
451,121.743248,0.0,0.0,0.0,-0.3409764115527527,-3.5422332644858443,-1.243061203563049,18.0,74.0,68.0,69.0,69.0,67.0,9.000000000000114,9.000000000000034,9.000000000000208,172.0,681.343210764742
452,122.036399,0.0,0.0,0.0,-0.15891233308020647,-3.2522553839328623,-1.1907509773322902,19.0,74.0,71.0,69.0,69.0,67.0,9.000000000000114,9.000000000000034,9.000000000000208,171.0,643.6923661332553
453,122.336749,0.0,0.0,0.0,0.02175369828468332,-3.6372801002861337,-1.3302485343863184,19.0,70.0,68.0,69.0,69.0,67.0,9.000000000000114,9.000000000000034,9.000000000000208,175.0,616.6335398048172
454,122.617829,0.0,0.0,0.0,0.16781997742360444,-3.463244083962053,-1.3393126505323325,19.0,74.0,70.0,69.0,69.0,67.0,9.000000000000114,9.000000000000034,9.000000000000208,166.0,646.557203774842
455,122.934865,0.0,0.0,0.0,0.1314035083217493,-3.496312250342683,-1.0026059967186969,18.0,72.0,74.0,69.0,69.0,67.0,9.000000000000114,9.000000000000034,9.000000000000208,174.0,629.8887718004408
456,123.211129,0.0,0.0,0.0,-0.08645870982763215,-3.746839803779764,-0.7404714792976224,17.0,71.0,73.0,69.0,69.0,67.0,9.000000000000114,9.000000000000034,9.000000000000208,172.0,640.8512274248696
457,123.516946,0.0,0.0,0.0,-0.2961224587157827,-3.8278139178429456,-0.700486194984248,17.0,72.0,71.0,69.0,69.0,67.0,9.000000000000114,9.000000000000034,9.000000000000208,181.0,679.8726583452041
458,123.82162,0.0,0.0,0.0,-0.155741035451467,-3.549463388688764,-0.7011335163809749,19.0,74.0,71.0,69.0,69.0,67.0,9.000000000000114,9.000000000000034,9.000000000000208,170.0,694.566002999901
459,124.092486,0.0,0.0,0.0,-0.4400918476916478,-3.7223544359094944,-0.7009844633991209,16.0,71.0,71.0,69.0,69.0,67.0,9.000000000000114,9.000000000000034,9.000000000000208,172.0,661.1142381984024
460,124.412364,0.0,0.0,0.0,-0.4621460139558242,-4.42898942762038,-0.5457786162572562,18.0,68.0,73.0,69.0,69.0,67.0,9.000000000000114,9.000000000000034,9.000000000000208,170.0,685.0868772697638
461,124.689064,0.0,0.0,0.0,-0.41184704946120876,-4.636199755521062,-0.541432308227944,18.0,71.0,71.0,69.0,69.0,67.0,9.000000000000114,9.000000000000034,9.000000000000208,178.0,786.6880804072968
462,125.001361,0.0,0.0,0.0,-0.6819377494199768,-4.392573970250382,-0.49428375169771943,16.0,73.0,72.0,69.0,69.0,67.0,9.000000000000114,9.000000000000034,9.000000000000208,175.0,816.1425104207411
463,125.295417,0.0,0.0,0.0,-0.8131199261277691,-4.284713157622889,-0.36131294368513256,17.0,72.0,73.0,69.0,69.0,67.0,9.000000000000114,9.000000000000034,9.000000000000208,172.0,791.5033050630173
464,125.569161,0.0,0.0,0.0,-0.7301564595479673,-4.38688242415941,-0.39186358940546473,18.0,71.0,71.0,69.0,69.0,67.0,9.000000000000114,9.000000000000034,9.000000000000208,171.0,791.2141242782973
465,125.885754,0.0,0.0,0.0,-0.6299176136210218,-4.347673406082947,-0.21780975738805086,18.0,72.0,74.0,69.0,69.0,67.0,9.000000000000114,9.000000000000034,9.000000000000208,171.0,800.882509214546
466,126.206155,0.2025351319275132,0.0,0.0,-0.7042120755925052,-4.746852392975342,-0.18092553391982324,17.0,69.0,72.0,69.0,69.0,67.0,9.000000000000114,9.000000000000034,9.000000000000208,173.0,808.1203933411562
467,126.67905,0.7937323358440942,0.0,0.0,-0.6429084669294771,-4.706494123363925,0.1249562569686189,18.0,72.0,76.0,69.0,69.0,67.0,9.00000000000032,9.350053976974051,9.000000000000764,176.0,884.6960999975031
468,127.126626,1.7256963302735744,0.2025351319275132,0.0,-0.8692243512687559,-4.5721401095299825,0.1304612297879144,16.0,72.0,72.0,69.0,69.0,67.0,9.000000000000218,9.631805492308775,9.00000000000052,176.0,942.5434869301505
469,127.60705,2.922924934990568,0.7937323358440942,0.0,-0.6551386841369973,-5.084583425298973,-0.16525103766160232,19.0,68.0,69.0,69.0,69.0,67.0,9.0000000000002,10.149023244987973,9.000000000000862,171.0,1065.422412455294
470,128.083336,4.288425808633574,1.7256963302735744,0.2025351319275132,-0.5352678913632762,-4.549239623575275,-0.0668520779664421,18.0,75.0,74.0,69.0,69.0,67.0,24.000000000001,10.793333325710487,9.000000000000817,173.0,2238.0102109595973
471,128.567756,5.7115741913664255,2.922924934990568,0.7937323358440942,-0.1627867181436149,-4.343921869141255,-0.44513692784196923,20.0,72.0,67.0,69.0,68.0,67.0,24.00000000000039,12.193164286495495,9.000000000000373,169.0,2444.6107130505943
472,128.883127,7.077075065009431,4.288425808633574,1.7256963302735744,0.051691729546103016,-4.280882356017685,-0.4828316173960987,19.0,72.0,72.0,69.0,68.0,67.0,32.0,26.0,9.000000000000373,175.0,4364.541714837466
473,129.158493,8.274303669726423,5.7115741913664255,2.922924934990568,0.191563247352597,-4.383501395509356,-0.5058606189250243,19.0,71.0,71.0,69.0,68.0,67.0,32.0,26.0,9.000000000000373,173.0,4825.63547038522
474,129.476065,9.206267664155908,7.077075065009431,4.288425808633574,0.3056151608123794,-4.654807195619455,-0.4648925477475858,19.0,70.0,72.0,69.0,68.0,67.0,40.0,34.0,9.000000000000373,178.0,7269.976437842482
475,129.755964,9.797464868072488,8.274303669726423,5.7115741913664255,0.24337262620114997,-3.97787896432925,-0.49243151521532713,18.0,76.0,71.0,69.0,68.0,67.0,40.0,34.0,26.0,177.0,9955.278649953412
476,130.044741,10.0,9.206267664155908,7.077075065009431,0.004501684707370668,-3.382578969126456,-0.6091730361944458,17.0,75.0,70.0,69.0,68.0,67.0,40.0,42.0,32.0,171.0,12093.782067721646
477,130.345491,9.797464868072488,9.797464868072488,8.274303669726423,0.08779136067943893,-2.9358164174681605,-0.2553732208643611,19.0,75.0,76.0,69.0,68.0,67.0,40.0,42.0,34.0,172.0,12999.445596527494
478,130.626282,9.206267664155906,10.0,9.206267664155908,0.37771740782802565,-2.107754654825783,0.28725488861353465,20.0,78.0,78.0,69.0,68.0,67.0,40.0,42.0,42.0,173.0,14904.587725839596
479,130.945274,8.274303669726423,9.797464868072488,9.797464868072488,0.4903784873391035,-0.5599914907197387,1.6121256160114141,19.0,83.0,89.0,69.0,68.0,67.0,40.0,42.0,42.0,169.0,14694.533160624836
480,131.222355,7.077075065009437,9.206267664155906,10.0,0.5478341717388377,1.171976324837459,2.7931102785167665,19.0,85.0,88.0,69.0,69.0,67.0,40.0,42.0,42.0,178.0,13837.697457113958
481,131.644091,5.7115741913664255,8.274303669726423,9.797464868072488,0.7500704499167372,2.177254755876234,3.8875155204764935,20.0,82.0,90.0,70.0,70.0,67.0,32.000000000050576,42.00000000003333,42.00000000012398,174.0,11745.488536169069
482,131.961899,4.288425808633576,7.077075065009437,9.206267664155906,0.7927321636102138,2.892493556918879,5.352261755871143,19.0,82.0,97.0,70.0,70.0,67.0,32.000000000050576,42.00000000003333,42.00000000012398,176.0,10660.645233567258
483,132.373945,2.9229249349905664,5.7115741913664255,8.274303669726423,0.638478366277702,2.855224891714329,6.735701040819019,18.0,78.0,98.0,70.0,71.0,67.0,24.00000000000882,34.00000000000819,42.00000000002692,165.0,8342.725679513615
484,132.648478,1.7256963302735735,4.288425808633576,7.077075065009437,0.6354164886184424,3.4671452482505174,7.9515152356647105,19.0,83.0,99.0,70.0,71.0,68.0,24.00000000000882,34.00000000000819,42.00000000002692,169.0,7711.181455568529
485,133.208655,0.7937323358440962,2.9229249349905664,5.7115741913664255,0.5119054182539275,3.8230345165680575,9.575322188256617,18.0,81.0,107.0,71.0,72.0,68.0,13.93576750547611,26.000000000001783,34.0,176.0,4660.976483965417
486,133.735081,0.2025351319275132,1.7256963302735735,4.288425808633576,0.22273892017318841,3.4228608955420157,10.562280835108613,17.0,77.0,101.0,71.0,70.0,69.0,9.82532757251879,26.000000000017163,32.00000000003086,176.0,4185.317113703042
487,134.513216,0.0,0.7937323358440962,2.9229249349905664,0.4200806226942677,3.275397958794585,10.874241534161417,20.0,79.0,96.0,71.0,70.0,69.0,9.000000000000561,15.023923932645296,26.0,171.0,3018.7977293113436
488,135.080089,0.0,0.2025351319275132,1.7256963302735735,0.06091029496344502,3.224830617165864,10.890953477307672,16.0,79.0,94.0,71.0,71.0,70.0,9.000000000000208,9.000000000000458,9.602506656521538,169.0,1688.8677914267948
489,135.546068,0.0,0.0,0.7937323358440962,0.09927702450615028,2.2527853243465756,10.873072608769636,19.0,73.0,94.0,71.0,71.0,70.0,9.0,9.0,9.0,169.0,1804.5459427523954
490,135.848637,0.0,0.0,0.2025351319275132,-0.07756694572169254,1.4182102191242478,10.70431025348643,17.0,74.0,92.0,71.0,71.0,71.0,9.0,9.0,9.0,173.0,2154.707123667518
491,136.129983,0.0,0.0,0.0,-0.444246936193061,0.4671464201070279,10.533982549171515,16.0,72.0,92.0,71.0,71.0,71.0,9.0,9.0,9.0,173.0,2448.909864602666
492,136.471077,0.0,0.0,0.0,-0.9295194654561425,-0.8371805180244536,10.163692399668111,15.0,69.0,89.0,71.0,71.0,71.0,9.000000000000192,9.000000000000066,9.000000000001672,174.0,2720.1418090581583
493,137.008955,0.0,0.0,0.0,-0.8911823629603615,-1.9955945614232036,10.0455505417473,18.0,69.0,92.0,71.0,71.0,71.0,9.000000000000117,10.726493372840624,9.00000000000131,167.0,3033.0961955894386
494,137.615841,0.0,0.0,0.0,-0.604524397975482,-3.7097140721092643,8.682813072744334,19.0,64.0,75.0,71.0,71.0,71.0,9.002569034801793,13.039442572228223,9.000000000002453,175.0,3462.804330742583
495,138.472038,0.0,0.0,0.0,-0.4951230961161248,-4.648388359217648,6.051995025902708,18.0,68.0,59.0,70.0,70.0,69.0,9.000000000000425,15.231937600255868,9.000000000004427,168.0,3505.0807901282933
496,139.362483,0.0,0.0,0.0,-0.2853906461259901,-4.344780151370628,3.8860276277106847,19.0,74.0,62.0,70.0,70.0,69.0,9.000000000000256,14.880168897660473,9.000000000002764,170.0,2565.905607981578
497,139.908471,0.0,0.0,0.0,-0.23617060128583534,-4.210468746343551,1.9494219372894745,18.0,72.0,59.0,70.0,70.0,69.0,9.000000000000469,12.825856565171858,9.000000000002172,170.0,1623.67003838563
498,140.595655,0.0,0.0,0.0,-0.5399968197493235,-4.3269733098560295,0.24836706713984125,16.0,71.0,58.0,70.0,69.0,69.0,9.0,10.83855439451778,9.0,175.0,1093.309969956987
499,141.177826,0.0,0.0,0.0,-0.6978660541570183,-4.299124448116004,-0.9169915262725796,17.0,72.0,61.0,69.0,68.0,68.0,9.0,9.746806895395679,9.0,180.0,852.7922006873458
500,141.625758,0.0,0.0,0.0,-0.7915234402874813,-4.707395374084328,-1.658326709892731,17.0,69.0,63.0,69.0,68.0,68.0,9.000000000001833,9.000000000000385,9.000000000003565,172.0,749.1221193777619
501,141.944233,0.0,0.0,0.0,-0.5580441137034993,-4.2094130101803415,-2.3056929960410573,19.0,75.0,62.0,69.0,68.0,68.0,9.000000000001833,9.000000000000385,9.000000000003565,172.0,766.6837789030225
