,t,x_ref_1,x_ref_2,x_ref_3,x_1,x_2,x_3,x_tof_1,x_tof_2,x_tof_3,x_adc_filtered_1,x_adc_filtered_2,x_adc_filtered_3,u_1,u_2,u_3,J
0,971.550234,0.0,0.0,0.0,-9.502307938059134,-40.143751198038274,-19.888586178717986,17.0,79.0,73.0,21.0,21.0,20.0,9.0,9.0,9.0,0.0
1,971.699887,0.0,0.0,0.0,-8.01906289551133,-32.63662757323773,-16.12121064755484,16.0,77.0,75.0,28.0,29.0,27.0,9.0,9.0,9.0,0.0
2,971.847521,0.0,0.0,0.0,-6.744641603984967,-26.22412671545255,-13.301338435355355,17.0,81.0,70.0,34.0,34.0,33.0,9.0,9.0,9.0,0.0
3,971.997081,0.0,0.0,0.0,-5.593035713696997,-21.12768038190621,-10.818070699177103,18.0,79.0,75.0,39.0,40.0,39.0,9.0,9.0,9.0,0.0
4,972.144344,0.0,0.0,0.0,-4.637040811009573,-16.933299155471566,-8.845421726874644,18.0,80.0,73.0,43.0,44.0,42.0,9.0,9.0,9.0,0.0
5,972.290664,0.0,0.0,0.0,-3.8608487118734307,-13.312509273791798,-7.165809929390469,18.0,82.0,75.0,47.0,47.0,46.0,9.0,9.0,9.0,0.0
6,972.47217,0.0,0.0,0.0,-3.3264277802419104,-10.522199606569256,-5.92858925056328,17.0,80.0,72.0,50.0,50.0,49.0,9.0,9.0,9.0,0.0
7,972.628343,0.0,0.0,0.0,-2.912896870373902,-8.393582343580245,-4.90614347496054,17.0,79.0,73.0,52.0,52.0,52.0,9.0,9.0,9.0,0.0
8,972.774798,0.0,0.0,0.0,-2.480467630095785,-6.8765058964613415,-4.064351862049794,18.0,77.0,73.0,54.0,54.0,54.0,9.0,9.0,9.0,0.0
9,972.921801,0.0,0.0,0.0,-2.0123748556102625,-5.492610521435745,-3.3309910876924826,19.0,79.0,74.0,55.0,56.0,55.0,9.0,9.0,9.0,0.0
10,973.067603,0.0,0.0,0.0,-1.6118521232023943,-4.422400146227703,-2.7246078415243256,19.0,78.0,74.0,57.0,57.0,57.0,9.0,9.0,9.0,0.0
11,973.220931,0.0,0.0,0.0,-1.4791114884190102,-3.382051454415749,-2.232177970790608,17.0,80.0,74.0,58.0,58.0,58.0,9.0,9.0,9.0,0.0
12,973.389766,0.0,0.0,0.0,-1.2203753528561552,-2.879782892033523,-1.8321609166840291,19.0,76.0,74.0,59.0,59.0,59.0,9.0,9.0,9.0,0.0
13,973.539862,0.0,0.0,0.0,-0.9681522775211087,-2.266647791114463,-1.308775459150029,19.0,79.0,78.0,60.0,60.0,60.0,9.0,9.0,9.0,0.0
14,973.686909,0.0,0.0,0.0,-0.9561095023256128,-1.897461489292014,-1.0889986320274057,17.0,77.0,73.0,60.0,61.0,60.0,9.0,9.0,9.0,0.0
15,973.832967,0.0,0.0,0.0,-0.795504114360396,-1.639709955270335,-1.1132899064419917,19.0,77.0,70.0,61.0,61.0,61.0,9.0,9.0,9.0,0.0
16,973.979843,0.0,0.0,0.0,-0.8152025733188548,-1.6219657254569733,-0.8168894354993701,17.0,75.0,77.0,61.0,62.0,61.0,9.0,9.0,9.0,0.0
17,974.132067,0.0,0.0,0.0,-0.8731233650744747,-1.2642638428713497,-0.5504159273245706,17.0,79.0,76.0,62.0,62.0,62.0,9.0,9.0,9.0,0.0
18,974.294823,0.0,0.0,0.0,-0.8234401958913784,-0.8904000912425163,-0.49469639830483203,18.0,79.0,73.0,62.0,63.0,62.0,9.0,9.0,9.0,0.0
19,974.445888,0.0,0.0,0.0,-0.8584272809453046,-0.6841827907027249,-0.43178292774613514,17.0,78.0,74.0,62.0,63.0,62.0,9.0,9.0,9.0,0.0
20,974.592475,0.0,0.0,0.0,-0.9078789515945145,-0.6336198192516438,-0.36938208947122364,17.0,77.0,74.0,63.0,63.0,62.0,9.0,9.0,9.0,0.0
21,974.738549,0.0,0.0,0.0,-0.947727475660086,-0.42055477236216543,-0.3684113711068724,17.0,79.0,73.0,63.0,63.0,63.0,9.0,9.0,9.0,0.0
22,974.886905,0.0,0.0,0.0,-0.8839336844264611,-0.3979802991899932,-0.3783121365339639,18.0,77.0,73.0,63.0,64.0,63.0,9.0,9.0,9.0,0.0
23,975.037863,0.0,0.0,0.0,-0.8114831099424333,-0.3255124325870442,-0.4357588420522278,18.0,78.0,72.0,63.0,64.0,63.0,9.0,9.0,9.0,0.0
24,975.201041,0.0,0.0,0.0,-0.9452122793755366,-0.05315410663676001,-0.4930512161163101,16.0,80.0,72.0,64.0,64.0,63.0,9.0,9.0,9.0,0.0
25,975.353668,0.0,0.0,0.0,-0.9990672454406275,0.016908995690859463,-0.48980196398945264,17.0,78.0,73.0,64.0,64.0,63.0,9.0,9.0,9.0,0.0
26,975.503968,0.0,0.0,0.0,-0.9253174114912612,0.12784188356358683,-0.5260880728702251,18.0,79.0,72.0,64.0,64.0,63.0,9.0,9.0,9.0,0.0
27,975.67216,0.0,0.0,0.0,-0.9411479627740551,0.04704309387697769,-0.7152238744383159,17.0,77.0,69.0,64.0,64.0,63.0,9.0,9.0,9.0,0.0
28,975.821393,0.0,0.0,0.0,-0.9750879569631987,0.13209026569048143,-0.9006577622363059,17.0,79.0,69.0,64.0,64.0,63.0,9.0,9.0,9.0,0.0
29,975.980274,0.0,0.0,0.0,-0.8101151721416646,0.14702680538123314,-0.8522762724064026,19.0,78.0,73.0,64.0,64.0,63.0,9.0,9.0,9.0,0.0
30,976.130773,0.0,0.0,0.0,-0.6347648732173576,0.13788830619754222,-0.8695017444809356,19.0,78.0,71.0,64.0,64.0,63.0,9.0,9.0,9.0,0.0
31,976.276748,0.0,0.0,0.0,-0.5891797024300698,-0.06149268839054223,-0.9055848863571421,18.0,76.0,71.0,64.0,64.0,63.0,9.0,9.0,9.0,0.0
32,976.423246,0.0,0.0,0.0,-0.5728848347119944,0.023651523463592117,-0.7858078666502482,18.0,79.0,74.0,64.0,64.0,63.0,9.0,9.0,9.0,0.0
33,976.569264,0.0,0.0,0.0,-0.5592540758454234,0.05936160957886916,-0.8052904622912505,18.0,78.0,71.0,64.0,64.0,63.0,9.0,9.0,9.0,0.0
34,976.715373,0.0,0.0,0.0,-0.548129661868253,-0.029391780793863287,-0.8536603091462258,18.0,77.0,71.0,64.0,64.0,63.0,9.0,9.0,9.0,0.0
35,976.892757,0.0,0.0,0.0,-0.44299485115482184,-0.21803102001261543,-0.6444380002322396,19.0,76.0,76.0,64.0,64.0,63.0,9.0,9.0,9.0,0.0
36,977.048389,0.0,0.0,0.0,-0.5291611870029116,-0.10314145789038598,-0.47072782795057755,17.0,79.0,75.0,64.0,64.0,63.0,9.0,9.0,9.0,0.0
37,977.194852,0.0,0.0,0.0,-0.6408065237791982,-0.1396971039441608,-0.5892575581979962,17.0,77.0,70.0,64.0,64.0,63.0,9.0,9.0,9.0,0.0
38,977.34094,0.0,0.0,0.0,-0.8269112098785314,-0.21174734672427808,-0.7883418119333876,16.0,77.0,69.0,64.0,64.0,63.0,9.0,9.0,9.0,0.0
39,977.48907,0.0,0.0,0.0,-0.9025161864243754,-0.07748034108334068,-0.7116909960860496,17.0,79.0,74.0,64.0,64.0,63.0,9.0,9.0,9.0,0.0
40,977.635069,0.0,0.0,0.0,-0.8468378077860472,-0.023110609031895102,-0.39743623015279805,18.0,78.0,78.0,64.0,64.0,63.0,9.0,9.0,9.0,0.0
41,977.806874,0.0,0.0,0.0,-0.8773996793100745,-0.09645254379968504,-0.596534671224513,17.0,77.0,68.0,64.0,64.0,63.0,9.0,9.0,9.0,0.0
42,977.961958,0.0,0.0,0.0,-0.8271932078909927,-0.176395660847537,-0.816090559834652,18.0,77.0,69.0,64.0,64.0,63.0,9.0,9.0,9.0,0.0
43,978.108037,0.0,0.0,0.0,-0.9576502487381329,0.047421932714525106,-0.7835370709370684,16.0,80.0,73.0,64.0,64.0,63.0,9.0,9.0,9.0,0.0
44,978.254438,0.0,0.0,0.0,-0.8168996604889456,0.19508826593377604,-0.8632093707981086,19.0,79.0,70.0,64.0,64.0,63.0,9.0,9.0,9.0,0.0
45,978.400838,0.0,0.0,0.0,-0.6399613562408444,0.2932798092933071,-0.811923293421537,19.0,79.0,73.0,64.0,64.0,63.0,9.0,9.0,9.0,0.0
46,978.547131,0.0,0.0,0.0,-0.49723427824592115,-0.011153243189168993,-0.8370326916695241,19.0,75.0,71.0,64.0,64.0,63.0,9.0,9.0,9.0,0.0
47,978.717387,0.0,0.0,0.0,-0.381458462618832,-0.052613538207807675,-0.6808043288719094,19.0,78.0,75.0,64.0,64.0,63.0,9.0,9.0,9.0,0.0
48,978.877938,0.0,0.0,0.0,-0.38348295360506546,0.1693138508125105,-0.709405028587212,18.0,80.0,71.0,64.0,64.0,63.0,9.0,9.0,9.0,0.0
49,979.02424,0.0,0.0,0.0,-0.30965805965714877,0.1977426294061817,-0.8255516442971476,19.0,78.0,70.0,64.0,64.0,63.0,9.0,9.0,9.0,0.0
50,979.170249,0.0,0.0,0.0,-0.6130959529893305,-0.013584832602849595,-0.9795012022275889,15.0,76.0,69.0,64.0,64.0,63.0,9.0,9.0,9.0,0.0
51,979.316653,0.0,0.0,0.0,-0.46193761011124845,-0.03364594567323431,-1.0156920554495084,20.0,78.0,71.0,64.0,64.0,63.0,9.0,9.0,9.0,0.0
52,979.465383,0.0,0.0,0.0,-0.33062818593401877,-0.48833191014923294,-1.1723995279173187,19.0,73.0,68.0,64.0,64.0,63.0,9.0,9.0,9.0,0.0
53,979.629454,0.0,0.0,0.0,-0.5345692171882375,-0.5771277444461766,-1.282418116614763,16.0,77.0,69.0,64.0,64.0,63.0,9.0,9.0,9.0,0.0
54,979.780093,0.0,0.0,0.0,-0.7620700229511503,-0.46885992956806,-1.3110182741700693,16.0,78.0,70.0,64.0,64.0,63.0,9.0,9.0,9.0,0.0
55,979.926367,0.0,0.0,0.0,-0.7534520209180284,-0.3614965060879154,-1.1748983381127711,18.0,78.0,73.0,64.0,64.0,63.0,9.0,9.0,9.0,0.0
56,980.072513,0.0,0.0,0.0,-0.7050373867755813,0.013413290408616163,-1.2310129768716844,18.0,81.0,69.0,64.0,64.0,63.0,9.0,9.0,9.0,0.0
57,980.218632,0.0,0.0,0.0,-0.8586943444564454,0.09155546325404229,-1.319803892061409,16.0,78.0,69.0,64.0,64.0,63.0,9.0,9.0,9.0,0.0
58,980.371869,0.0,0.0,0.0,-1.0248944657655317,-0.19630601356346267,-1.0936187600393033,16.0,75.0,75.0,64.0,64.0,63.0,9.0,9.0,9.0,0.0
59,980.534874,0.0,0.0,0.0,-0.9669327411687592,-0.20277495985232097,-0.9946575508594973,18.0,78.0,72.0,64.0,64.0,63.0,9.0,9.0,9.0,0.0
60,980.685878,0.0,0.0,0.0,-0.9745794603632869,-0.4331341219163578,-0.9969989649724678,17.0,75.0,71.0,64.0,64.0,63.0,9.0,9.0,9.0,0.0
61,980.832152,0.0,0.0,0.0,-0.9060893404638191,-0.3948599250828404,-1.0091286692401038,18.0,78.0,71.0,64.0,64.0,63.0,9.0,9.0,9.0,0.0
62,980.978632,0.0,0.0,0.0,-0.9256471192703617,-0.3009144336857563,-1.1674907282455345,17.0,78.0,68.0,64.0,64.0,63.0,9.0,9.0,9.0,0.0
63,981.125043,0.0,0.0,0.0,-0.770265828896298,-0.1294339154466937,-1.2288740028642453,19.0,79.0,70.0,64.0,64.0,63.0,9.0,9.0,9.0,0.0
64,981.271233,0.0,0.0,0.0,-0.6024529344203029,-0.16188610435191242,-1.4552736250165892,19.0,77.0,66.0,64.0,64.0,63.0,9.0,9.0,9.0,0.0
65,981.430759,0.0,0.0,0.0,-0.5629208502315093,-0.5181849145648489,-1.3844872431647401,18.0,74.0,72.0,64.0,64.0,63.0,9.0,9.0,9.0,0.0
66,981.581743,0.0,0.0,0.0,-0.7437646173614545,-0.48441913858911256,-1.1631656297568953,16.0,78.0,74.0,64.0,64.0,63.0,9.0,9.0,9.0,0.0
67,981.728179,0.0,0.0,0.0,-0.5471317467164534,-0.3732094650223856,-1.1119235917288144,20.0,78.0,71.0,64.0,64.0,63.0,9.0,9.0,9.0,0.0
68,981.879176,0.0,0.0,0.0,-0.49626050531604493,0.1001930104493085,-1.3012249118879164,18.0,82.0,67.0,64.0,64.0,63.0,9.0,9.0,9.0,0.0
69,982.025299,0.0,0.0,0.0,-0.6898224364138068,0.18266096935281162,-1.3482459086277097,16.0,78.0,70.0,64.0,64.0,63.0,9.0,9.0,9.0,0.0
70,982.171411,0.0,0.0,0.0,-0.7917048553342156,0.16564999497361255,-1.3536310708248176,17.0,78.0,70.0,64.0,64.0,63.0,9.0,9.0,9.0,0.0
71,982.330094,0.0,0.0,0.0,-0.8529469963309233,0.34533580033457234,-1.4080972859891063,17.0,80.0,69.0,64.0,64.0,63.0,9.0,9.0,9.0,0.0
72,982.481187,0.0,0.0,0.0,1.0191244884323503,0.3406097590666022,-1.4630919889289364,37.0,78.0,69.0,64.0,64.0,63.0,9.0,9.0,9.0,0.0
73,982.627938,0.0,0.0,0.0,1.0304755412102224,0.2947133501516026,-1.3587517039720298,17.0,78.0,72.0,64.0,64.0,63.0,9.0,9.0,9.0,0.0
74,982.77433,0.0,0.0,0.0,0.9078127081191167,0.16197277522357068,-1.3908201028824307,20.0,77.0,69.0,64.0,64.0,63.0,9.0,9.0,9.0,0.0
75,982.920757,0.0,0.0,0.0,0.5882298240921737,0.03362268341991692,-1.2013939972111258,17.0,77.0,74.0,64.0,64.0,63.0,9.0,9.0,9.0,0.0
76,983.067195,0.0,0.0,0.0,0.3628897714539234,0.21802818204147245,-1.2417694788598694,18.0,80.0,69.0,64.0,64.0,63.0,9.0,9.0,9.0,0.0
77,983.225709,0.0,0.0,0.0,0.009041558363784397,0.1414760329443081,-1.4279030224163536,16.0,77.0,67.0,64.0,64.0,63.0,9.0,9.0,9.0,0.0
78,983.38036,0.0,0.0,0.0,0.06455259706801675,0.1123516461013474,-1.5003871483296964,20.0,78.0,69.0,64.0,64.0,63.0,9.0,9.0,9.0,0.0
79,983.532121,0.0,0.0,0.0,-0.09545821072312544,-0.0819129800797942,-1.5374267737460015,17.0,76.0,69.0,64.0,64.0,63.0,9.0,9.0,9.0,0.0
80,983.679881,0.0,0.0,0.0,-0.09653089812878335,-0.08898292220856474,-1.5678751194584768,19.0,78.0,69.0,64.0,64.0,63.0,9.0,9.0,9.0,0.0
81,983.826474,0.0,0.0,0.0,-0.15133692518404773,-0.05278451679151264,-1.5926718082534992,18.0,78.0,69.0,64.0,64.0,63.0,9.0,9.0,9.0,0.0
82,983.972754,0.0,0.0,0.0,-0.31316202995082776,-0.31233250408156943,-1.6128071419726577,17.0,75.0,69.0,64.0,64.0,63.0,9.0,9.0,9.0,0.0
83,984.142391,0.0,0.0,0.0,-0.36891108735529876,-0.20078777572884965,-1.629165547569228,18.0,79.0,69.0,64.0,64.0,63.0,9.0,9.0,9.0,0.0
84,984.297772,0.0,0.0,0.0,-0.48922525652147764,-0.41090927105670483,-1.5928519348884267,17.0,75.0,70.0,64.0,64.0,63.0,9.0,9.0,9.0,0.0
85,984.443976,0.0,0.0,0.0,-0.4157236159310771,-0.377179174433913,-1.7015101640297283,19.0,78.0,67.0,64.0,64.0,63.0,9.0,9.0,9.0,0.0
86,984.590266,0.0,0.0,0.0,-0.5066383444496894,-0.5749203580632773,-1.7723238844918343,17.0,75.0,68.0,64.0,64.0,63.0,9.0,9.0,9.0,0.0
87,984.736165,0.0,0.0,0.0,-0.3341390914460627,-0.22171598175802787,-1.6202345736006512,20.0,81.0,72.0,64.0,64.0,63.0,9.0,9.0,9.0,0.0
88,984.884068,0.0,0.0,0.0,-0.4197780741899524,-0.0022466723667249333,-1.751806184482257,17.0,79.0,66.0,64.0,64.0,63.0,9.0,9.0,9.0,0.0
89,985.05389,0.0,0.0,0.0,-0.45615432182871984,0.13270554474287755,-1.774601206221214,18.0,79.0,69.0,64.0,64.0,63.0,9.0,9.0,9.0,0.0
90,985.209028,0.0,0.0,0.0,-0.3680116362374122,-0.04556579513695436,-1.611298025934998,19.0,76.0,72.0,64.0,64.0,63.0,9.0,9.0,9.0,0.0
91,985.359194,0.0,0.0,0.0,-0.3720703869647326,-0.05992604526895784,-1.5958956980680525,18.0,78.0,69.0,64.0,64.0,63.0,9.0,9.0,9.0,0.0
92,985.50915,0.0,0.0,0.0,-0.39645743863785476,-0.02921528578019661,-1.4672145940536758,18.0,78.0,72.0,64.0,64.0,63.0,9.0,9.0,9.0,0.0
93,985.656467,0.0,0.0,0.0,-0.5120405050251495,-0.10096655079137618,-1.3798119570188967,17.0,77.0,71.0,64.0,64.0,63.0,9.0,9.0,9.0,0.0
94,985.802433,0.0,0.0,0.0,-0.5304074650894695,-0.08391442190419252,-1.3199469872142073,18.0,78.0,71.0,64.0,64.0,63.0,9.0,9.0,9.0,0.0
95,985.973949,0.0,0.0,0.0,-0.7165384838235918,-0.04903231311040068,-1.3704198114506063,16.0,78.0,69.0,64.0,64.0,63.0,9.0,9.0,9.0,0.0
96,986.128789,0.0,0.0,0.0,-0.5249180455789921,-0.02101995912503174,-1.5318882270625864,20.0,78.0,67.0,64.0,64.0,63.0,9.0,9.0,9.0,0.0
97,986.274995,0.0,0.0,0.0,-0.47823035623412036,0.001676434070016608,-1.4855681182976697,18.0,78.0,71.0,64.0,64.0,63.0,9.0,9.0,9.0,0.0
98,986.421205,0.0,0.0,0.0,-0.5790679337067131,-0.3642993091950735,-1.504101703788756,17.0,74.0,69.0,64.0,64.0,63.0,9.0,9.0,9.0,0.0
99,986.567148,0.0,0.0,0.0,-0.4888834959779156,-0.3597283074006232,-1.5411896796634257,19.0,78.0,69.0,64.0,64.0,63.0,9.0,9.0,9.0,0.0
100,986.713265,0.0,0.0,0.0,-0.5660463183985334,-0.5602898890840615,-1.670252751338758,17.0,75.0,67.0,64.0,64.0,63.0,9.0,9.0,9.0,0.0
101,986.89114,0.0,0.0,0.0,-0.7668264398079345,-0.5942114087648989,-1.6971242388977636,16.0,77.0,69.0,64.0,64.0,63.0,9.0,9.0,9.0,133.95806051871833
102,987.055288,0.0,0.0,0.0,-0.75771934087759,-0.8679309282315932,-1.5484670592718295,18.0,74.0,72.0,64.0,64.0,63.0,9.0,9.0,9.0,135.17594878887658
103,987.21059,0.0,0.0,0.0,-0.7085543365973797,-0.7683372327088982,-1.396083782611263,18.0,78.0,72.0,64.0,64.0,63.0,9.0,9.0,9.0,134.75400590146432
104,987.371716,0.0,0.0,0.0,-0.6693316971513412,-0.7961062141159059,-1.3721405637197042,18.0,76.0,70.0,64.0,64.0,63.0,9.0,9.0,9.0,132.29071480145322
105,987.527886,0.0,0.0,0.0,-0.7336848907767872,-0.5729465790555097,-1.3244578328141734,17.0,79.0,71.0,64.0,64.0,63.0,9.0,9.0,9.0,132.0640556503152
106,987.695711,0.0,0.0,0.0,-0.9026873818502321,-0.42533995440965855,-1.3738762467318613,16.0,78.0,69.0,64.0,64.0,63.0,9.0,9.0,9.0,130.71858287479563
107,987.865264,0.0,0.0,0.0,-0.7719249857189934,-0.4231552493540942,-1.5346702720658825,19.0,77.0,67.0,64.0,64.0,63.0,9.0,9.0,9.0,131.65743176389367
108,988.021269,0.0,0.0,0.0,-0.6994696110767182,-0.6340257945213792,-1.58703842706399,18.0,75.0,69.0,64.0,64.0,63.0,9.0,9.0,9.0,132.78826424909525
109,988.176667,0.0,0.0,0.0,-0.6623270470462144,-0.5578308110388939,-1.5582315475772204,18.0,78.0,70.0,64.0,64.0,63.0,9.0,9.0,9.0,133.6447669255524
110,988.331969,0.0,0.0,0.0,-0.728046644521164,-0.43323363187414987,-1.4253168466260742,17.0,78.0,72.0,64.0,64.0,63.0,9.0,9.0,9.0,132.89095321676928
111,988.499948,0.0,0.0,0.0,-0.7058870919571363,-0.3330445150521184,-1.4451036319474362,18.0,78.0,69.0,64.0,64.0,63.0,9.0,9.0,9.0,131.3446339807586
112,988.663756,0.0,0.0,0.0,-0.6668846584152872,-0.5401420241226575,-1.5927400729319563,18.0,75.0,67.0,64.0,64.0,63.0,9.0,9.0,9.0,131.36834056323553
113,988.819393,0.0,0.0,0.0,-0.7316286856095933,-0.6741562787772675,-1.7334456296847978,17.0,76.0,67.0,64.0,64.0,63.0,9.0,9.0,9.0,133.27833254986663
114,988.975415,0.0,0.0,0.0,-0.7088150350388345,-0.6651608987417235,-1.748069618277532,18.0,77.0,69.0,64.0,64.0,63.0,9.0,9.0,9.0,135.77440907838653
115,989.131887,0.0,0.0,0.0,-0.6692619524000141,-0.6374385318793125,-1.788212761182149,18.0,77.0,68.0,64.0,64.0,63.0,9.0,9.0,9.0,135.83530256284314
116,989.299047,0.0,0.0,0.0,-0.7335600171680627,-0.8075822864806099,-1.6334586977120809,17.0,75.0,72.0,64.0,64.0,63.0,9.0,9.0,9.0,136.12295775416644
117,989.463297,0.0,0.0,0.0,-0.710384029467173,-0.9871155110312748,-1.6138065591979969,18.0,75.0,69.0,64.0,64.0,63.0,9.0,9.0,9.0,135.2033580323907
118,989.618842,0.0,0.0,0.0,-0.6705365848770533,-1.0361001773648633,-1.5809295988827354,18.0,76.0,70.0,64.0,64.0,63.0,9.0,9.0,9.0,136.16620762310222
119,989.774294,0.0,0.0,0.0,-0.6384897601490964,-0.7668394491542254,-1.6423068241043395,18.0,79.0,68.0,64.0,64.0,63.0,9.0,9.0,9.0,136.05968509648454
120,989.929695,0.0,0.0,0.0,-0.612515830451628,-0.5826912302806369,-1.9615794630009806,18.0,78.0,63.0,64.0,64.0,63.0,9.0,9.0,9.0,134.67520530404747
121,990.096564,0.0,0.0,0.0,-0.6875116807532331,-0.2626940097944255,-2.025840344117901,17.0,80.0,68.0,64.0,64.0,63.0,9.0,9.0,9.0,138.32616285542275
122,990.260531,0.0,0.0,0.0,-0.6729665747600673,0.03876443467051116,-2.073368064901274,18.0,80.0,67.0,64.0,64.0,63.0,9.0,9.0,9.0,139.66573451167483
123,990.415964,0.0,0.0,0.0,-0.736245471895177,0.09077821515044304,-1.9746654459510002,17.0,78.0,70.0,64.0,64.0,63.0,9.0,9.0,9.0,141.7367322239659
124,990.571344,0.0,0.0,0.0,-0.6163993412286377,0.0916504899631656,-1.763286265061379,19.0,78.0,72.0,64.0,64.0,63.0,9.0,9.0,9.0,140.50588404207957
125,990.726926,0.0,0.0,0.0,-0.5735592694338312,-0.19518806881040218,-1.5707970305705388,18.0,75.0,72.0,64.0,64.0,63.0,9.0,9.0,9.0,136.6320227060295
126,990.89509,0.0,0.0,0.0,-0.46397642557332164,-0.4900119105547769,-1.8117201207392966,19.0,75.0,64.0,64.0,64.0,63.0,9.0,9.0,9.0,132.56594906293105
127,991.059111,0.0,0.0,0.0,-0.7384784992965265,0.04043501733387167,-1.993477280898842,15.0,83.0,66.0,64.0,64.0,63.0,9.0,9.0,9.0,135.5170488138393
128,991.215655,0.0,0.0,0.0,-0.9482187089283771,0.25217267738773375,-1.919861461765636,16.0,79.0,70.0,64.0,64.0,63.0,9.0,9.0,9.0,140.52680038524056
129,991.376582,0.0,0.0,0.0,-0.9043200250372365,0.050295998483620874,-1.8176306084823821,18.0,76.0,70.0,64.0,64.0,63.0,9.0,9.0,9.0,141.63702895476834
130,991.536041,0.0,0.0,0.0,-0.7314414625860763,-0.0784137106915761,-1.6858417455150858,19.0,77.0,71.0,64.0,64.0,63.0,9.0,9.0,9.0,138.34527257181003
131,991.702565,0.15708419435684462,0.0,0.0,-0.5712016172864538,-0.06483146289485209,-1.6674305748270992,19.0,78.0,69.0,64.0,64.0,63.0,9.0,9.0,9.0,135.01564753563594
132,991.872929,0.6184665997806821,0.0,0.0,-0.5376002308945336,-0.03342133880843523,-1.77315711457361,18.0,78.0,67.0,64.0,64.0,63.0,9.0,9.0,9.0,134.92240187201514
133,992.028747,1.3551568628929422,0.0,0.0,-0.5309733532423082,0.18385657019939572,-1.7311788455342823,18.0,80.0,70.0,64.0,64.0,63.0,9.0,9.0,9.0,139.62396521678562
134,992.184486,2.3208660251050173,0.0,0.0,-0.5252063393663318,0.017174012100321878,-1.6646796807139574,18.0,76.0,70.0,64.0,64.0,63.0,9.0,9.0,9.0,149.45284079805668
135,992.339652,3.4549150281252627,0.0,0.0,-0.6165754018963061,-0.2976246628382029,-1.6111942707370692,17.0,75.0,70.0,64.0,64.0,63.0,24.0,9.0,9.0,512.2969819418812
136,992.510172,4.6860474023534335,0.15708419435684404,0.0,-0.423127842797113,-0.47649165580764885,-1.4686261987225182,20.0,76.0,72.0,64.0,64.0,63.0,24.0,9.0,9.0,427.62837947592266
137,992.674464,5.936906572928624,0.6184665997806821,0.0,-0.39590514676748567,-0.3122477165074291,-1.3314921514245135,18.0,79.0,72.0,64.0,64.0,63.0,24.0,9.0,9.0,465.0268057346026
138,992.829856,7.128896457825364,1.3551568628929422,0.0,-0.4161349942016219,-0.30948544153361457,-1.4188874086518173,18.0,77.0,68.0,64.0,64.0,63.0,32.0,9.0,9.0,758.2560094318922
139,992.986627,8.187119948743451,2.3208660251050164,0.0,-0.5280875796673037,-0.1574852993085627,-1.631745795480829,17.0,79.0,66.0,64.0,64.0,63.0,32.0,9.0,9.0,804.8445509863294
140,993.141968,9.045084971874736,3.4549150281252627,0.0,-0.4473291698586084,-0.184340319550103,-1.5275659447475576,19.0,77.0,72.0,64.0,64.0,63.0,40.0,26.0,9.0,1585.5376835977268
141,993.308741,9.648882429441255,4.6860474023534335,0.15708419435684404,-0.2439900660553347,-0.05583783947689458,-1.4281392538311322,20.0,79.0,71.0,64.0,64.0,63.0,40.0,26.0,9.0,1498.5417910770097
142,993.473629,9.960573506572391,5.9369065729286215,0.6184665997806815,-0.05886460261740467,-0.10175732810828553,-1.3591447938878902,20.0,77.0,71.0,64.0,64.0,63.0,40.0,26.0,9.0,1592.1390189537713
143,993.629229,9.960573506572391,7.128896457825364,1.3551568628929422,-0.005065735578414721,0.29956835011872185,-1.2038633226142204,19.0,82.0,73.0,64.0,64.0,63.0,40.0,34.0,9.0,1930.4217892169818
144,993.785263,9.648882429441255,8.187119948743451,2.3208660251050173,0.11407647268795884,0.5371905113525499,-0.9571552758767576,20.0,80.0,75.0,64.0,64.0,63.0,40.0,34.0,9.0,1984.1443272295237
145,993.940742,9.045084971874736,9.045084971874736,3.454915028125262,0.23188382149976938,0.39888708170080944,-0.6862244907298556,20.0,77.0,76.0,64.0,64.0,63.0,40.0,42.0,9.0,2339.770758975633
146,994.102775,8.187119948743447,9.648882429441255,4.6860474023534335,2.1532737715433776,0.5134191267837886,-0.4063125364026199,39.0,80.0,77.0,65.0,64.0,63.0,40.0,42.0,9.0,2407.8810348384222
147,994.266984,7.128896457825362,9.960573506572391,5.936906572928624,4.10617842963845,1.9190175892911254,0.47633368901725115,39.0,93.0,90.0,66.0,65.0,63.0,40.0,42.0,26.0,2871.465787618279
148,994.430944,5.9369065729286215,9.960573506572391,7.128896457825363,6.069977227123523,3.0398448824488886,1.2820180413183424,43.0,90.0,89.0,66.0,66.0,63.0,32.0,42.0,32.0,2529.874491522185
149,994.586981,4.686047402353436,9.648882429441255,8.187119948743451,7.554677175175485,4.075628216409969,2.171363258314427,41.0,92.0,94.0,67.0,67.0,64.0,32.0,42.0,34.0,2441.3596405838202
150,994.751195,3.454915028125264,9.045084971874736,9.045084971874736,6.699994171578789,5.247149360302087,2.748542614433518,20.0,95.0,90.0,68.0,68.0,64.0,24.000000000017657,42.00000000002537,42.00000000003612,2524.3282660425552
151,994.915416,2.32086602510502,8.187119948743451,9.648882429441255,7.6871991838524885,6.068081204103564,3.1739482023277654,42.0,93.0,90.0,68.0,69.0,64.0,24.000000000017657,42.00000000002537,42.00000000003612,2358.3292138769825
152,995.079826,1.3551568628929438,7.1288964578253635,9.960573506572391,6.836860788375866,6.788567357108148,3.222558585620691,20.0,94.0,84.0,69.0,69.0,65.0,24.000000000017657,42.00000000002537,42.00000000003612,2363.161984297376
153,995.260714,0.6184665997806821,5.9369065729286215,9.960573506572391,7.895333293547299,7.875659940031877,3.3470883466962187,43.0,99.0,87.0,70.0,70.0,65.0,10.966064177073212,34.0,42.0,1920.108039720667
154,995.425369,0.15708419435684515,4.686047402353436,9.648882429441258,9.42897945732351,8.381195559729193,4.225395768756443,45.0,94.0,102.0,70.0,70.0,65.0,9.0,34.0,42.0,1872.8581133920418
155,995.589252,0.0,3.454915028125264,9.045084971874736,10.228325644069763,8.686763322177965,4.7510309979560175,40.0,94.0,95.0,70.0,70.0,66.0,9.00000000000035,26.0,42.00000000000011,1758.520824178133
156,995.755755,0.0,2.3208660251050164,8.187119948743447,8.850267176825483,8.648316079361432,5.398099066863661,20.0,91.0,101.0,71.0,70.0,67.0,9.00000000000035,26.0,42.00000000000011,1840.4848889090285
157,995.919594,0.0,1.355156862892941,7.128896457825362,7.320047678473664,8.4593757284356,6.286257299563267,20.0,90.0,107.0,71.0,70.0,67.0,9.00000000000035,26.0,42.00000000000011,1802.265084210445
158,996.092393,0.0,0.6184665997806799,5.9369065729286215,6.084704342292637,8.190226942747277,6.822758228632014,20.0,89.0,102.0,71.0,70.0,68.0,9.0,9.784283045852687,34.0,1249.9785858486948
159,996.256488,0.0,0.15708419435684515,4.686047402353436,5.082127700940637,7.951475707076261,7.1047876513017085,20.0,89.0,100.0,71.0,70.0,68.0,9.0,9.0,32.0,1011.9089283512044
160,996.420819,0.0,0.0,3.454915028125264,3.979165231693187,7.181285868024066,7.115031202690225,17.0,83.0,96.0,71.0,70.0,68.0,9.00000000000083,9.000000000001076,26.00000000000148,883.3004395853945
161,996.598999,0.0,0.0,2.32086602510502,3.0212412671016704,5.951304244426469,7.428521087404852,17.0,78.0,103.0,71.0,70.0,69.0,9.000000000000925,9.000000000001245,14.085966913458934,660.2192451884948
162,996.787407,0.0,0.0,1.3551568628929438,1.7636346127967313,4.274525997466207,7.361729773400271,12.0,72.0,95.0,71.0,71.0,70.0,9.0,9.0,9.0,462.22612105402413
163,996.949584,0.0,0.0,0.6184665997806821,0.8311665020805652,2.3101922469914626,7.022599328841397,14.0,67.0,91.0,69.0,71.0,70.0,9.0,9.0,9.0,356.73529460002203
164,997.106226,0.0,0.0,0.15708419435684404,0.2128710012627768,0.3253708792841423,6.854651523536362,15.0,64.0,94.0,69.0,71.0,71.0,9.0,9.0,9.0,301.58168041265327
165,997.261869,0.0,0.0,0.0,-0.4614920828769331,-1.6351378674102035,6.552774564584992,13.0,61.0,90.0,69.0,71.0,71.0,9.0,9.0,9.0,316.54275582892643
166,997.417346,0.0,0.0,0.0,-0.8589163908395587,-3.1922863411578843,6.165215887216887,15.0,62.0,88.0,68.0,71.0,71.0,9.0,9.0,9.0,378.8788142648062
167,997.584209,0.0,0.0,0.0,-1.1397905698918773,-4.819836935470509,5.631337575652387,15.0,58.0,84.0,68.0,70.0,71.0,9.0,9.0,9.0,458.40707323979166
168,997.749404,0.0,0.0,0.0,-1.2725050733831584,-5.840395804223773,4.857913930218224,16.0,62.0,78.0,68.0,69.0,71.0,9.0,9.0,9.0,572.3139881180568
169,997.905001,0.0,0.0,0.0,-1.2637025789743603,-6.6816250820066525,4.265712495542102,17.0,61.0,80.0,68.0,69.0,71.0,9.0,9.0,9.0,628.132403339804
170,998.060455,0.0,0.0,0.0,-1.4284871858071893,-7.579162089087445,3.65837180316902,15.0,59.0,77.0,68.0,68.0,70.0,9.0,9.0,9.0,685.069313965902
171,998.216031,0.0,0.0,0.0,-1.3157373788105775,-8.445551670115151,3.3807969529502273,18.0,58.0,82.0,68.0,68.0,70.0,9.0,9.0,9.0,758.6473669894848
172,998.387951,0.0,0.0,0.0,-1.353740756797591,-8.880872721088819,2.7626254779017376,16.0,61.0,73.0,68.0,68.0,70.0,9.0,9.0,9.0,858.3612888082034
173,998.552023,0.0,0.0,0.0,-1.3307938149477336,-9.364361616626693,2.4613188411730924,17.0,59.0,79.0,68.0,68.0,70.0,9.0,9.0,9.0,872.7789604714083
174,998.707551,0.0,0.0,0.0,-1.2909390608522018,-9.607292112034223,2.3316430020713463,17.0,61.0,80.0,68.0,68.0,69.0,9.0,9.0,9.0,921.4690187144099
175,998.873316,0.0,0.0,0.0,-1.0665955739687574,-9.76278870071225,2.087236533926162,19.0,61.0,77.0,68.0,68.0,69.0,9.0,9.227115877856649,9.0,947.9566828889946
176,999.02919,0.0,0.0,0.0,-0.8431439500800821,-9.697523464663867,1.9059403420069616,19.0,63.0,78.0,68.0,68.0,69.0,9.0,9.227115877856649,9.0,948.6005677914678
177,999.196402,0.0,0.0,0.0,-0.7584631658133341,-9.315040132819298,1.968303822433886,18.0,66.0,82.0,68.0,68.0,69.0,9.0,9.227115877856649,9.0,920.5518329208566
178,999.377083,0.0,0.0,0.0,-0.8065145779597205,-9.039252835850657,2.0118527285070735,17.0,65.0,81.0,68.0,68.0,69.0,9.0,9.227115877856649,9.0,866.3009041747916
179,999.540163,0.0,0.0,0.0,-0.7696864144286768,-8.548758169320163,1.9861613754842393,18.0,68.0,80.0,68.0,68.0,69.0,9.000000000000117,9.000000000000002,9.000000000000185,829.5035231235362
180,999.697372,0.0,0.0,0.0,-0.8148118887381508,-7.895935406476724,1.8059229200235682,17.0,70.0,77.0,68.0,68.0,69.0,9.000000000000117,9.000000000000002,9.000000000000185,757.615213766617
181,999.855998,0.0,0.0,0.0,-0.6802264171307275,-7.229268578895439,1.6277875595842897,19.0,71.0,77.0,68.0,68.0,69.0,9.000000000000117,9.000000000000002,9.000000000000185,659.9125978835262
182,1000.027396,0.0,0.0,0.0,-0.721517382447924,-6.475749968044145,1.4340735303176553,17.0,73.0,76.0,68.0,68.0,69.0,9.000000000000117,9.000000000000002,9.000000000000185,567.6180477492742
183,1000.203619,0.0,0.0,0.0,-0.7009158650523148,-5.7266809880288845,1.1173205983345675,18.0,74.0,73.0,68.0,67.0,69.0,9.000000000000117,9.000000000000002,9.000000000000185,476.60920291259833
184,1000.373162,0.0,0.0,0.0,-0.5668002352110664,-5.098301920928311,0.9274319957254011,19.0,74.0,75.0,68.0,67.0,69.0,9.000000000000117,9.000000000000002,9.000000000000185,391.5969840222525
185,1000.528949,0.0,0.0,0.0,-0.6296780785912981,-4.3960761487650375,0.5966672919356051,17.0,76.0,71.0,68.0,67.0,69.0,9.000000000000117,9.000000000000002,9.000000000000185,331.4969681476759
186,1000.68477,0.0,0.0,0.0,-0.7224742971688913,-3.7843637081556314,0.6322670099744117,17.0,76.0,78.0,68.0,67.0,68.0,9.000000000000117,9.000000000000002,9.000000000000185,272.23462358264146
187,1000.840055,0.0,0.0,0.0,-0.7971507528148782,-3.480372658479794,0.5876387938864491,17.0,74.0,75.0,68.0,67.0,68.0,9.000000000000117,9.000000000000002,9.000000000000185,236.51489074101812
188,1001.011795,0.0,0.0,0.0,-0.761599187972013,-3.2747872949592187,0.4685883455414386,18.0,74.0,74.0,68.0,67.0,68.0,9.000000000000117,9.000000000000002,9.000000000000185,219.66060420076528
189,1001.175309,0.0,0.0,0.0,-0.7121005875430853,-3.010896962512576,0.3615993279280474,18.0,75.0,74.0,68.0,67.0,68.0,9.000000000000117,9.000000000000002,9.000000000000185,206.73610956473595
190,1001.330598,0.0,0.0,0.0,-0.5761577719650695,-2.6796723447303417,0.3245922296080379,19.0,76.0,75.0,68.0,67.0,68.0,9.000000000000117,9.000000000000002,9.000000000000185,192.31228595910892
191,1001.48713,0.0,0.0,0.0,-0.4451374502760106,-2.4864537772654005,0.3547926523474185,19.0,75.0,76.0,68.0,67.0,68.0,9.000000000000117,9.000000000000002,9.000000000000185,177.013627309987
192,1001.642458,0.0,0.0,0.0,-0.531277561457137,-2.446652481579186,0.4889855177910749,17.0,74.0,78.0,68.0,67.0,68.0,9.000000000000117,9.000000000000002,9.000000000000185,169.33672192014984
193,1001.809446,0.0,0.0,0.0,-0.546472342121056,-1.9540914044296251,0.3710663472017175,18.0,79.0,73.0,68.0,67.0,68.0,9.000000000000117,9.000000000000002,9.000000000000185,170.18787621765242
194,1001.973355,0.0,0.0,0.0,-0.4413153920856212,-1.7386503686268007,0.2712124009406214,19.0,76.0,74.0,68.0,67.0,68.0,9.000000000000117,9.000000000000002,9.000000000000185,152.68517569585393
195,1002.128752,0.0,0.0,0.0,-0.6238426694700006,-1.62736962888677,0.10245744583010019,16.0,76.0,72.0,68.0,67.0,68.0,9.000000000000117,9.000000000000002,9.000000000000185,145.2936851325327
196,1002.28461,0.0,0.0,0.0,-0.7383678437052108,-1.728317720494392,0.04321779094845146,17.0,74.0,74.0,68.0,67.0,68.0,9.000000000000117,9.000000000000002,9.000000000000185,142.21707185411975
197,1002.440111,0.0,0.0,0.0,-0.7135803874012927,-1.7552904733849264,-0.08247456973319922,18.0,75.0,72.0,68.0,67.0,68.0,9.000000000000117,9.000000000000002,9.000000000000185,144.93781798046095
198,1002.606835,0.0,0.0,0.0,-0.5769153870902151,-1.851949930453935,-0.20621401882199297,19.0,74.0,72.0,68.0,67.0,68.0,9.000000000000117,9.000000000000002,9.000000000000185,144.6258031952185
199,1002.770303,0.0,0.0,0.0,-0.7340275623706032,-1.9513790190968898,-0.1576040450968641,16.0,74.0,75.0,68.0,67.0,68.0,9.000000000000117,9.000000000000002,9.000000000000185,145.52640904731084
200,1002.925849,0.0,0.0,0.0,-0.7317731044453288,-1.8396351856021667,0.013105019998297163,18.0,76.0,77.0,68.0,67.0,68.0,9.000000000000117,9.000000000000002,9.000000000000185,149.33784113442718
201,1003.08125,0.0,0.0,0.0,-0.6875887548771842,-1.8997370131722247,-0.17472586818615143,18.0,74.0,70.0,68.0,67.0,68.0,9.000000000000117,9.000000000000002,9.000000000000185,147.49241822121027
202,1003.237584,0.0,0.0,0.0,-0.8444936921661896,-1.9905931883137709,-0.15432076039550813,16.0,74.0,75.0,68.0,67.0,68.0,9.000000000000117,9.000000000000002,9.000000000000185,147.57025648787848
203,1003.404356,0.0,0.0,0.0,-0.9172542201974054,-2.0637548076918213,-0.1823815752932707,17.0,74.0,73.0,68.0,67.0,68.0,9.000000000000117,9.000000000000002,9.000000000000185,151.21149585289956
204,1003.56847,0.0,0.0,0.0,-0.9549585109628649,-1.9308578509964645,-0.3760615057469159,17.0,76.0,70.0,68.0,67.0,68.0,9.000000000000117,9.000000000000002,9.000000000000185,153.64980606249742
205,1003.724722,0.0,0.0,0.0,-0.889756532591409,-1.8777491768634587,-0.366719775709512,18.0,75.0,74.0,68.0,67.0,68.0,9.000000000000117,9.000000000000002,9.000000000000185,149.34062531279213
206,1003.882412,0.0,0.0,0.0,-0.8162218394841929,-1.6637783597719313,-0.46467940277010733,18.0,77.0,71.0,68.0,67.0,67.0,9.000000000000117,9.000000000000002,9.000000000000185,147.5113276719633
207,1004.037824,0.0,0.0,0.0,-0.7568498170728764,-1.5445164088165606,-0.4777109368795118,18.0,76.0,73.0,68.0,67.0,67.0,9.000000000000117,9.000000000000002,9.000000000000185,141.6838762834472
208,1004.204404,0.0,0.0,0.0,-0.8047753401709961,-1.4689473694842192,-0.5657410018009705,17.0,76.0,71.0,68.0,67.0,67.0,9.000000000000117,9.000000000000002,9.000000000000185,138.786341979548
209,1004.374321,0.0,0.0,0.0,-0.6721238321028182,-1.5995051913768705,-0.7084478466939119,19.0,74.0,70.0,68.0,67.0,67.0,9.000000000000117,9.000000000000002,9.000000000000185,137.5581538693159
210,1004.530049,0.0,0.0,0.0,-0.6188208937204549,-1.4584504398576306,-0.6362989910121,18.0,77.0,74.0,68.0,67.0,67.0,9.000000000000117,9.000000000000002,9.000000000000185,139.27036533337233
211,1004.686062,0.15708419435684462,0.0,0.0,-0.7890643550648204,-1.3773192485746333,-0.5844315889542626,16.0,76.0,73.0,68.0,67.0,67.0,9.000000000000117,9.000000000000002,9.000000000000185,136.2805372141678
212,1004.841421,0.6184665997806821,0.0,0.0,-0.7761615568591731,-1.2369615455374952,-0.8017191864972029,18.0,77.0,68.0,68.0,67.0,67.0,9.000000000000117,9.000000000000002,9.000000000000185,137.02491805709658
213,1005.013747,1.3551568628929422,0.0,0.0,-0.7235888127083157,-1.2943108892664978,-0.8825990125491763,18.0,75.0,71.0,68.0,67.0,67.0,9.000000000000117,9.000000000000002,9.000000000000185,139.78693564534797
214,1005.178101,2.3208660251050173,0.0,0.0,-0.7776429493328685,-1.5746785926981253,-0.8161334787821399,17.0,73.0,73.0,68.0,67.0,67.0,9.000000000000117,9.000000000000002,9.000000000000185,152.03695986879217
215,1005.333835,3.4549150281252627,0.0,0.0,-0.6500990573094123,-1.5547071149037495,-0.8404973348639853,19.0,76.0,71.0,68.0,67.0,67.0,24.0,9.000000000000002,9.000000000000185,518.6151376052318
216,1005.492055,4.6860474023534335,0.15708419435684404,0.0,-0.697032662276293,-1.4757136832522824,-0.832477603854568,17.0,76.0,72.0,68.0,67.0,67.0,24.0,9.000000000000002,9.000000000000185,433.8317338181835
217,1005.648239,5.936906572928624,0.6184665997806821,0.0,-0.6810254503462905,-1.2203707293012804,-0.8645663912701593,18.0,78.0,71.0,68.0,67.0,67.0,24.0,9.000000000000002,9.000000000000185,484.89388814889816
218,1005.815154,7.128896457825364,1.3551568628929422,0.0,-0.7428529766433938,-1.0679424237565251,-0.8022117109302964,17.0,77.0,73.0,68.0,67.0,67.0,32.0,9.000000000000002,9.000000000000185,784.5685814760363
219,1005.979211,8.187119948743451,2.3208660251050164,0.0,-0.7178639762304417,-0.8693663137479097,-0.8293035408619245,18.0,78.0,71.0,68.0,67.0,67.0,32.0,9.000000000000002,9.000000000000185,844.9735552035451
220,1006.134764,9.045084971874736,3.4549150281252627,0.0,-0.5805171001902685,-0.494929730343709,-0.7737630602185619,19.0,80.0,73.0,68.0,67.0,67.0,40.0,26.0,9.000000000000185,1617.2481461063303
221,1006.29041,9.648882429441255,4.6860474023534335,0.15708419435684404,-0.5447240618529658,-0.14978069230116375,-0.7566158354703068,18.0,80.0,72.0,68.0,67.0,67.0,40.0,26.0,9.000000000000185,1526.9973339837427
222,1006.44608,9.960573506572391,5.9369065729286215,0.6184665997806815,-0.5367180180260469,-0.15851737023510193,-0.6544552261501533,18.0,77.0,74.0,68.0,67.0,67.0,40.0,26.0,9.000000000000185,1626.9410429953796
223,1006.613415,9.960573506572391,7.128896457825364,1.3551568628929422,-0.33766937620244386,-0.419824524722173,-0.5500302383490863,20.0,75.0,74.0,68.0,67.0,67.0,40.0,34.0,9.000000000000185,1977.8940809750216
224,1006.778619,9.648882429441255,8.187119948743451,2.3208660251050173,1.8835846149591675,-0.19170207328783606,-0.7135636595857751,41.0,80.0,69.0,68.0,67.0,67.0,40.0,34.0,9.000000000000185,2081.207068339164
225,1006.934329,9.045084971874736,9.045084971874736,3.454915028125262,2.006336114182804,-0.19061609749392794,-0.552504031119279,19.0,77.0,76.0,68.0,67.0,67.0,40.0,42.0,9.000000000000185,2309.947777472682
226,1007.090154,8.187119948743447,9.648882429441255,4.6860474023534335,1.7402040785220674,0.5154073034437214,-0.39573442100457257,20.0,85.0,75.0,69.0,67.0,67.0,40.0,42.0,9.000000000000185,2381.4734033021264
227,1007.252657,7.128896457825362,9.960573506572391,5.936906572928624,1.3596235925125233,1.447110970924756,0.11657166781517825,18.0,87.0,83.0,69.0,66.0,67.0,40.0,42.0,26.0,2887.969185131411
228,1007.432865,5.9369065729286215,9.960573506572391,7.128896457825363,1.202333928205485,2.4346851067825943,1.1139763390760118,20.0,89.0,93.0,69.0,67.0,67.0,32.0,42.0,32.0,2675.5141098511676
229,1007.597529,4.686047402353436,9.648882429441255,8.187119948743451,3.038440710250017,3.7575774083802793,2.227672293960463,40.0,94.0,97.0,69.0,68.0,67.0,32.0,42.0,34.0,2580.1255721155976
230,1007.761643,3.454915028125264,9.045084971874736,9.045084971874736,5.13434330378252,4.74245108931157,2.6272283484173657,42.0,92.0,86.0,70.0,69.0,67.0,24.0,42.0,42.0,2535.3475097732203
231,1007.917444,2.32086602510502,8.187119948743451,9.648882429441255,6.582332537961079,5.787625295031484,3.5281039023680707,39.0,95.0,100.0,70.0,69.0,67.0,24.0,42.0,42.0,2367.9938512809385
232,1008.073115,1.3551568628929438,7.1288964578253635,9.960573506572391,5.8689711099197766,6.987439847462607,3.915103203692829,20.0,98.0,90.0,70.0,70.0,67.0,24.0,42.0,42.0,2312.7920866903155
233,1008.26588,0.6184665997806821,5.9369065729286215,9.960573506572391,6.724593738285696,7.254227914581163,4.1205889575420045,39.0,90.0,90.0,70.0,70.0,67.0,11.197071005145856,34.0,42.0,1844.8725486025075
234,1008.440629,0.15708419435684515,4.686047402353436,9.648882429441258,8.011264386773354,7.496795726093001,4.88427535856124,41.0,92.0,102.0,71.0,71.0,67.0,9.0,34.0,42.0,1758.5030644813787
235,1008.60505,0.0,3.454915028125264,9.045084971874736,8.899413762348878,7.449686680854345,5.583214966076375,39.0,89.0,101.0,71.0,71.0,67.0,9.000000000001542,26.000000000003073,42.00000000000476,1602.0833440642625
236,1008.760946,0.0,2.3208660251050164,8.187119948743447,7.751756940258842,6.676461098421482,6.683629523662712,20.0,82.0,112.0,71.0,71.0,67.0,9.000000000001542,26.000000000003073,42.00000000000476,1630.6498743272402
237,1008.916923,0.0,1.355156862892941,7.128896457825362,8.254191753128861,6.577558311312362,7.347396219883362,39.0,89.0,105.0,71.0,71.0,68.0,9.000000000001542,26.000000000003073,42.00000000000476,1539.6202877283176
238,1009.101453,0.0,0.6184665997806799,5.9369065729286215,9.0616730821087,6.452251788831301,7.661216162200968,39.0,87.0,102.0,71.0,71.0,69.0,9.000000000000826,10.674110783632303,34.000000000001464,1112.1008955527316
239,1009.269698,0.0,0.15708419435684515,4.686047402353436,7.789370846003196,5.922467474822568,8.381294711390748,19.0,83.0,112.0,71.0,71.0,69.0,9.000000000004913,9.000000000005368,32.00000000001069,972.8096055774389
240,1009.43363,0.0,0.0,3.454915028125264,6.149721954042278,5.217659111274491,8.726375874105415,17.0,81.0,105.0,71.0,71.0,69.0,9.000000000001712,9.000000000002071,26.000000000003133,790.6745047685333
241,1009.603008,0.0,0.0,2.32086602510502,4.688013269880358,4.509379327676093,8.483844384037162,16.0,80.0,96.0,71.0,71.0,69.0,9.000000000000897,9.000000000001048,13.681356681897297,572.8271374468902
242,1009.766956,0.0,0.0,1.3551568628929438,3.193371027573062,2.9532294659157117,8.291250949159835,13.0,70.0,98.0,71.0,71.0,69.0,9.00000000000106,9.000000000001338,9.000000000000776,418.0836258336918
243,1009.934741,0.0,0.0,0.6184665997806821,1.9175526674826167,0.9065034156606804,8.108467937032017,13.0,64.0,97.0,70.0,71.0,70.0,9.00000000000106,9.000000000001338,9.000000000000776,353.5207628327977
244,1010.110878,0.0,0.0,0.15708419435684404,1.0744814433065333,-0.6840255873944656,7.998750814226759,15.0,66.0,98.0,69.0,71.0,70.0,9.00000000000106,9.000000000001338,9.000000000000776,356.08525632832027
245,1010.274099,0.0,0.0,0.0,0.23878612686720668,-2.5087459999067088,7.622754025491035,13.0,60.0,92.0,69.0,71.0,71.0,9.00000000000106,9.000000000001338,9.000000000000776,418.00194148368723
246,1010.429611,0.0,0.0,0.0,-0.19385145110115243,-4.1154553014958335,6.707610609410668,16.0,60.0,81.0,69.0,71.0,71.0,9.00000000000106,9.000000000001338,9.000000000000776,507.61913099739854
247,1010.585386,0.0,0.0,0.0,-0.3866627247943546,-5.610829025677573,6.096157780454864,17.0,58.0,86.0,68.0,70.0,71.0,9.00000000000106,9.000000000001338,9.000000000000776,576.0999842673198
248,1010.740697,0.0,0.0,0.0,-0.4275683978102829,-6.866588244920068,5.605370187178518,18.0,58.0,85.0,68.0,70.0,71.0,9.00000000000106,9.000000000001338,9.000000000000776,692.5388545708014
249,1010.907842,0.0,0.0,0.0,-0.3446107227237478,-7.693839892205136,4.897691395792976,19.0,60.0,79.0,68.0,69.0,71.0,9.00000000000106,9.000000000001338,9.000000000000776,815.1420494657754
250,1011.071657,0.0,0.0,0.0,-0.44919638233242365,-8.13230135005635,4.506910742699137,17.0,62.0,84.0,68.0,69.0,71.0,9.00000000000106,9.000000000001338,9.000000000000776,869.3008226416414
251,1011.227219,0.0,0.0,0.0,-0.7680627145092163,-8.640214990230078,4.144706165981665,15.0,60.0,82.0,68.0,69.0,71.0,9.00000000000106,9.000000000001338,9.000000000000776,900.4656081033263
252,1011.384488,0.0,0.0,0.0,-0.8754547606357574,-9.094962497790153,3.8283399208351145,17.0,60.0,82.0,68.0,68.0,71.0,9.00000000000106,9.000000000001338,9.000000000000776,949.4417576913183
253,1011.558654,0.0,0.0,0.0,-0.6322482720987064,-9.271517788540727,3.6707618223474494,20.0,62.0,84.0,68.0,68.0,70.0,9.00000000000106,9.000000000001338,9.000000000000776,994.2924140766722
254,1011.725478,0.0,0.0,0.0,-0.46953874994412503,-9.469666765876777,3.5641244262390277,19.0,61.0,84.0,68.0,68.0,70.0,9.00000000000106,9.000000000001338,9.000000000000776,1005.5007808936695
255,1011.894846,0.0,0.0,0.0,-0.3592384672302966,-9.748151288207254,3.3778886663709677,19.0,60.0,82.0,68.0,68.0,70.0,9.000000000000547,9.200992965604415,9.000000000000401,1026.5558744364203
256,1012.054583,0.0,0.0,0.0,-0.46160571936985395,-9.610326894847693,2.9572249979352225,17.0,64.0,77.0,68.0,68.0,70.0,9.000000000000332,9.403705622715497,9.000000000000307,1054.4191358771543
257,1012.210177,0.0,0.0,0.0,-0.6820659758506529,-9.415377886089995,2.8602479660967033,16.0,64.0,83.0,68.0,68.0,70.0,9.000000000000332,9.403705622715497,9.000000000000307,992.6891943243171
258,1012.372267,0.0,0.0,0.0,-0.7849513492681504,-8.970149059203495,2.79678592485966,17.0,67.0,82.0,68.0,68.0,69.0,9.000000000000332,9.403705622715497,9.000000000000307,954.8289503883587
259,1012.542216,0.0,0.0,0.0,-0.8474185158314325,-8.546764190147233,2.6343349843466326,17.0,67.0,80.0,68.0,68.0,69.0,9.0,9.0,9.0,881.258821390232
260,1012.705173,0.0,0.0,0.0,-0.7062954278335742,-7.819483227348847,2.381867583621119,19.0,71.0,78.0,68.0,68.0,69.0,9.0,9.0,9.0,806.2425101024819
261,1012.866663,0.0,0.0,0.0,-0.5504395065375052,-7.530693962398238,2.056703084034443,19.0,67.0,76.0,68.0,68.0,69.0,9.0,9.0,9.0,686.6613770536798
262,1013.023296,0.0,0.0,0.0,-0.42456769957359786,-6.7073617229351665,1.970091263645295,19.0,74.0,80.0,68.0,68.0,69.0,9.0,9.0,9.0,627.3339843994752
263,1013.17877,0.0,0.0,0.0,1.3113818024210635,-5.988867781826819,1.6451448551550216,36.0,73.0,74.0,68.0,68.0,69.0,9.0,9.0,9.0,525.7052467948645
264,1013.346638,0.0,0.0,0.0,1.2464362549900787,-5.332092082719697,1.4653405264652521,17.0,74.0,77.0,68.0,68.0,68.0,9.0,9.0,9.0,432.8091312607578
265,1013.514056,0.0,0.0,0.0,1.08354332027099,-4.585714489884396,1.2530630197140136,20.0,76.0,75.0,68.0,68.0,68.0,9.0,9.0,9.0,366.3079303950027
266,1013.669455,0.0,0.0,0.0,0.9232705528588465,-4.130572070544032,1.2077171487527174,19.0,74.0,78.0,68.0,68.0,68.0,9.0,9.0,9.0,300.3461589539439
267,1013.82518,0.0,0.0,0.0,0.6763318701500372,-3.8029058586777618,1.2031088767723168,18.0,74.0,78.0,68.0,68.0,68.0,9.0,9.0,9.0,267.6514898516582
268,1013.98105,0.0,0.0,0.0,0.4551378342862096,-3.2477389553518967,0.9012334849644321,18.0,77.0,72.0,68.0,68.0,68.0,9.0,9.0,9.0,246.76507823574138
269,1014.147715,0.0,0.0,0.0,0.3720142867874201,-2.830810373355999,0.8896211587847436,19.0,76.0,78.0,68.0,68.0,68.0,9.0,9.0,9.0,209.0491091761421
270,1014.311319,0.0,0.0,0.0,0.32516141761971085,-2.3216720528665684,0.9452659936292456,19.0,78.0,78.0,68.0,68.0,68.0,9.0,9.0,9.0,189.4054716433419
271,1014.467247,0.0,0.0,0.0,0.09450318240817568,-1.9626702579192943,0.9894664896903076,17.0,77.0,78.0,68.0,68.0,68.0,9.0,9.0,9.0,170.1137957654325
272,1014.622991,0.0,0.0,0.0,0.15411631370785228,-1.6923310251857102,0.8267750636898197,20.0,77.0,74.0,68.0,68.0,68.0,9.0,9.0,9.0,158.91062918911877
273,1014.778494,0.0,0.0,0.0,-0.023108286135765876,-1.7607661764305251,0.5528286208996493,17.0,74.0,72.0,68.0,68.0,68.0,9.0,9.0,9.0,148.59956459524773
274,1014.945647,0.0,0.0,0.0,-0.13390562125931504,-1.8781951302442204,0.26014977589556576,18.0,74.0,71.0,68.0,68.0,68.0,9.0,9.0,9.0,147.29311201681665
275,1015.11648,0.0,0.0,0.0,1.527577373879461,-1.4919449060322356,0.30984512264990816,36.0,79.0,77.0,68.0,68.0,68.0,9.0,9.0,9.0,147.71398223453647
276,1015.276714,0.0,0.0,0.0,1.6147717532461352,-1.555359986368429,0.1663326495776709,19.0,74.0,72.0,68.0,68.0,68.0,9.0,9.0,9.0,144.5664548943416
277,1015.43227,0.0,0.0,0.0,1.4240781925217458,-1.4236382254368556,-0.004650594859908708,20.0,77.0,72.0,68.0,68.0,68.0,9.0,9.0,9.0,145.85789196123005
278,1015.588031,0.0,0.0,0.0,1.006945951794414,-1.3492095893184912,0.006059270413151907,17.0,76.0,75.0,68.0,68.0,68.0,9.0,9.0,9.0,140.63887944074315
279,1015.755016,0.0,0.0,0.0,0.7029365179192764,-1.4063108610540862,0.04687049720876946,18.0,75.0,75.0,68.0,68.0,68.0,9.0,9.0,9.0,136.16714526664725
280,1015.919062,0.0,0.0,0.0,0.38141472698596113,-1.3770529814592998,-0.019787113944885526,17.0,76.0,73.0,68.0,68.0,68.0,9.0,9.0,9.0,135.87394640947835
281,1016.075496,0.0,0.0,0.0,0.19548568465367788,-1.3321930869869931,-0.2937298429163411,18.0,76.0,69.0,68.0,68.0,68.0,9.0,9.0,9.0,134.1567817595491
282,1016.230943,0.0,0.0,0.0,0.06537135726579946,-1.1999781624349901,-0.2608582842030591,18.0,77.0,75.0,68.0,68.0,68.0,9.0,9.0,9.0,132.37980393045981
283,1016.387741,0.0,0.0,0.0,0.05545987289032972,-1.3603111824230174,-0.26863036557723285,19.0,74.0,73.0,68.0,68.0,68.0,9.0,9.0,9.0,130.27976144138438
284,1016.554267,0.0,0.0,0.0,0.06798083677995947,-1.552833910281677,-0.09889846355623844,19.0,74.0,77.0,68.0,68.0,68.0,9.0,9.0,9.0,132.910293887064
285,1016.717811,0.0,0.0,0.0,-0.018320374645270476,-1.708161030346137,-0.017406290324847973,18.0,74.0,75.0,68.0,68.0,68.0,9.0,9.0,9.0,137.1457091011976
286,1016.877793,0.0,0.0,0.0,-0.013011840562903387,-1.9302877090598227,-0.07240469121451065,19.0,73.0,73.0,68.0,68.0,68.0,9.0,9.0,9.0,141.100627992173
287,1017.03335,0.0,0.0,0.0,-0.17989183999713898,-1.8430834780204126,-0.1381145822936558,17.0,76.0,73.0,68.0,68.0,68.0,9.0,9.0,9.0,146.30033438698285
288,1017.189053,0.0,0.0,0.0,-0.16484491179882887,-2.1904875964326247,-0.19103620006388633,19.0,71.0,73.0,68.0,68.0,68.0,9.0,9.0,9.0,144.03774963155158
289,1017.358482,0.0,0.0,0.0,-0.20676614206086175,-2.000328131338289,0.16283860309684783,18.0,77.0,81.0,68.0,68.0,68.0,9.0,9.0,9.0,153.1764832737818
290,1017.526341,0.0,0.0,0.0,-0.4543074394655173,-1.7203227920131963,0.03948417080196087,16.0,77.0,71.0,68.0,68.0,68.0,9.0,9.0,9.0,150.45003855698087
291,1017.681955,0.11781314576763345,0.0,0.0,-0.6964210289374031,-1.5909266878329005,-0.01997110413165526,16.0,76.0,74.0,68.0,68.0,67.0,9.0,9.0,9.0,143.09491915232186
292,1017.837365,0.4638499498355115,0.0,0.0,-0.7000769250925543,-1.6990095059332488,-0.034595396845038984,18.0,74.0,74.0,68.0,68.0,67.0,9.0,9.0,9.0,141.9038310128134
293,1017.996699,1.0163676471697067,0.0,0.0,-0.7577894722456779,-1.5393362625295794,-0.14596068065483925,17.0,77.0,72.0,68.0,68.0,67.0,9.0,9.0,9.0,147.69195139617142
294,1018.16388,1.7406495188287632,0.0,0.0,-0.6338658634652683,-1.1547044585624087,-0.30746191495223707,19.0,79.0,71.0,68.0,68.0,67.0,9.0,9.0,9.0,152.06559564430518
295,1018.328074,2.591186271093947,0.0,0.0,-0.49165016806538553,-1.0903156065089112,-0.34970283416734205,19.0,76.0,73.0,68.0,68.0,67.0,9.0,9.0,9.0,156.66143444624723
296,1018.484472,3.5145355517650745,0.11781314576763305,0.0,-0.4729053571947768,-1.3891521389870736,-0.36247199644668404,18.0,73.0,73.0,68.0,68.0,67.0,24.0,9.0,9.0,512.1768486070991
297,1018.63991,4.452679929696467,0.4638499498355115,0.0,-0.28621407445192837,-1.3083522867677315,-0.22440671212911667,20.0,77.0,76.0,68.0,68.0,67.0,24.0,9.0,9.0,430.9835448470627
298,1018.797223,5.346672343369023,1.0163676471697067,0.0,-0.285097591597975,-1.062768392580445,-0.2787637386816506,18.0,78.0,72.0,68.0,68.0,67.0,24.0,9.0,9.0,466.00974026716534
299,1018.963959,6.140339961557586,1.7406495188287625,0.0,-0.13394925810567893,-0.651788051884064,-0.3660962424492529,20.0,80.0,72.0,68.0,68.0,67.0,24.0,9.0,9.0,514.9722351304281
300,1019.127897,6.783813728906053,2.591186271093947,0.0,0.030750279399626823,-0.7577809717565054,-0.4363487448919523,20.0,75.0,72.0,68.0,68.0,67.0,32.0,9.0,9.0,792.4938805560397
301,1019.283611,7.236661822080943,3.5145355517650745,0.11781314576763305,1.7977171981643418,-0.65951191703176,-0.4436973424874804,37.0,78.0,73.0,68.0,68.0,67.0,32.0,26.0,9.0,1211.2238737537737
302,1019.438933,7.4704301299292935,4.452679929696467,0.4638499498355112,1.6617249527665348,-0.9965224401021646,-0.4886385178962023,17.0,73.0,72.0,68.0,68.0,67.0,32.0,26.0,9.0,1054.5842588570608
303,1019.594727,7.4704301299292935,5.346672343369023,1.0163676471697067,1.2282880644254481,-1.182117245692204,-0.5359910086036326,18.0,75.0,72.0,68.0,68.0,67.0,32.0,26.0,9.0,1152.9311349113066
304,1019.761368,7.236661822080943,6.140339961557586,1.7406495188287632,1.0956522958630033,-1.2899418172346535,-0.42548348111383394,20.0,75.0,75.0,68.0,68.0,67.0,32.0,26.0,9.0,1269.492814469595
305,1019.926005,6.783813728906053,6.783813728906053,2.5911862710939464,2.759882515018818,-1.2818947821616873,-0.3037274277234978,38.0,76.0,75.0,68.0,68.0,67.0,32.0,34.0,9.0,1584.7631739656172
306,1020.082014,6.1403399615575855,7.236661822080943,3.5145355517650745,4.578423059508635,-0.5821311592277905,-0.20540156718129765,39.0,83.0,75.0,68.0,68.0,67.0,32.0,34.0,9.0,1569.6072351232883
307,1020.237965,5.346672343369019,7.4704301299292935,4.452679929696467,6.069561687848488,-0.2539911373886614,-0.026397352838230415,39.0,79.0,77.0,68.0,68.0,67.0,32.0,34.0,9.0,1535.7594135538302
308,1020.403158,4.452679929696467,7.4704301299292935,5.346672343369021,7.279644722618498,0.5039956876113432,0.7851749538565853,39.0,85.0,90.0,69.0,68.0,67.0,24.000000000021885,34.00000000002423,26.00000000004122,1854.9650242478192
309,1020.570237,3.5145355517650767,7.236661822080943,6.140339961557586,8.26279884528693,1.6291519351200598,1.483340477923579,39.0,89.0,88.0,69.0,69.0,67.0,24.000000000021885,34.00000000002423,32.0,1855.4755584716602
310,1020.734857,2.591186271093948,6.783813728906053,6.783813728906053,7.235489475227995,2.4315498758477787,1.9770403134730303,20.0,87.0,87.0,69.0,69.0,67.0,24.000000000021885,34.00000000002423,32.0,1783.979107030221
311,1020.891643,1.740649518828765,6.140339961557587,7.236661822080943,6.008864867668333,3.520812529574738,2.4667190741437617,20.0,92.0,89.0,69.0,69.0,67.0,24.000000000021885,34.00000000002423,34.0,1770.1147818337965
312,1021.06519,1.0163676471697078,5.346672343369023,7.4704301299292935,6.749423260140405,4.413378856601255,3.3821614417145023,38.0,91.0,99.0,70.0,69.0,67.0,11.370800767569635,34.0,34.0,1503.9022663553399
313,1021.235796,0.4638499498355115,4.452679929696467,7.4704301299292935,7.723452573310929,5.1161074297538445,3.983966212319851,38.0,91.0,94.0,70.0,69.0,67.0,9.00000000000509,26.000000000009962,34.00000000001466,1174.4664640481403
314,1021.405945,0.11781314576763388,3.5145355517650767,7.236661822080943,6.777906646729665,5.6870921524169145,4.219204228724752,20.0,91.0,90.0,70.0,70.0,67.0,9.00000000000509,26.000000000009962,34.00000000001466,1166.3822825030477
315,1021.57162,0.0,2.591186271093948,6.783813728906053,7.559527325188691,6.439366153553895,4.864449490954298,40.0,94.0,100.0,70.0,70.0,67.0,9.00000000000509,26.000000000009962,34.00000000001466,1151.0833975314417
316,1021.727599,0.0,1.7406495188287625,6.1403399615575855,6.595894234649286,6.727972950131813,5.793710424087677,19.0,90.0,106.0,71.0,71.0,67.0,9.00000000000509,26.000000000009962,34.00000000001466,1239.772733025647
317,1021.901288,0.0,1.0163676471697056,5.346672343369019,7.199142262393879,6.302134150995588,6.809083320261215,38.0,84.0,110.0,71.0,71.0,68.0,9.0,10.796098096121481,32.0,951.5092967076735
318,1022.065793,0.0,0.4638499498355098,4.452679929696467,6.358069534161235,6.506471269091742,7.37749200951832,20.0,91.0,104.0,71.0,71.0,68.0,9.0,9.0,32.0,849.3830318167527
319,1022.240892,0.0,0.11781314576763388,3.5145355517650767,5.297500456591233,6.531086615461467,7.576054923148894,20.0,88.0,100.0,71.0,71.0,69.0,9.0,9.0,26.0,749.3484695380031
320,1022.421375,0.0,0.0,2.591186271093948,4.4414997962406115,6.198507627301645,7.844654473688252,20.0,85.0,103.0,71.0,72.0,69.0,9.000000000000446,9.00000000000057,13.963949278136877,618.3996560446061
321,1022.588163,0.0,0.0,1.740649518828765,3.266678375833857,6.059349193693539,7.847750617921229,15.0,87.0,98.0,71.0,72.0,69.0,9.000000000001185,9.000000000001558,9.0000000000007,511.783696531525
322,1022.745037,0.0,0.0,1.0163676471697078,2.593356138534779,5.700597484696283,7.59810246471102,19.0,84.0,94.0,71.0,72.0,70.0,9.000000000001185,9.000000000001558,9.0000000000007,507.07421775645145
323,1022.903417,0.0,0.0,0.4638499498355115,1.9385759285668822,4.385565875432921,7.700787461631621,17.0,74.0,101.0,71.0,72.0,70.0,9.000000000001185,9.000000000001558,9.0000000000007,496.4938204847079
324,1023.068704,0.0,0.0,0.11781314576763305,1.2680211876378324,2.4391685284092883,7.462859147487397,16.0,67.0,93.0,70.0,71.0,70.0,9.000000000001185,9.000000000001558,9.0000000000007,433.92234808133884
325,1023.240545,0.0,0.0,0.0,0.8953495664433748,0.2369080613318788,7.133492183451263,18.0,62.0,92.0,69.0,71.0,70.0,9.000000000001185,9.000000000001558,9.0000000000007,359.65115402546684
326,1023.399417,0.0,0.0,0.0,0.730486964469117,-1.844435327332586,6.658206167091412,19.0,60.0,88.0,69.0,70.0,70.0,9.000000000001185,9.000000000001558,9.0000000000007,343.00589278298247
327,1023.555245,0.0,0.0,0.0,0.7125746220210285,-3.6705030744686007,5.783504151457367,20.0,59.0,79.0,68.0,69.0,70.0,9.000000000001185,9.000000000001558,9.0000000000007,390.89919919526
328,1023.710632,0.0,0.0,0.0,0.4298520277105591,-5.077546190889464,5.1762360282567625,17.0,60.0,83.0,68.0,68.0,70.0,9.000000000001185,9.000000000001558,9.0000000000007,460.5372232874563
329,1023.883267,0.0,0.0,0.0,0.42617476126521003,-6.199534288867335,4.62814653775778,20.0,60.0,81.0,68.0,68.0,70.0,9.000000000001185,9.000000000001558,9.0000000000007,552.1601969195158
330,1024.056773,0.0,0.0,0.0,0.19785659756550844,-7.303573807552735,3.9130189108731654,17.0,58.0,76.0,68.0,68.0,70.0,9.000000000001185,9.000000000001558,9.0000000000007,638.6937079489035
331,1024.212221,0.0,0.0,0.0,0.04561205043206229,-7.953493414294487,3.4774629680189078,18.0,61.0,80.0,68.0,68.0,70.0,9.000000000001185,9.000000000001558,9.0000000000007,724.9168814425141
332,1024.375147,0.0,0.0,0.0,0.03961701285894881,-8.418816391296708,3.3160761644174768,19.0,61.0,83.0,68.0,68.0,70.0,9.000000000001185,9.000000000001558,9.0000000000007,780.4682749852948
333,1024.531318,0.0,0.0,0.0,0.05518823076421686,-8.893970435704144,3.01785301692892,19.0,60.0,79.0,68.0,68.0,70.0,9.000000000001185,9.000000000001558,9.0000000000007,834.5628700288107
334,1024.697165,0.0,0.0,0.0,0.06738252801573408,-8.820258910418428,2.781871897204601,19.0,65.0,80.0,68.0,68.0,69.0,9.000000000001185,9.000000000001558,9.0000000000007,880.7173330303174
335,1024.870266,0.0,0.0,0.0,-0.018858615098083398,-8.560697052725923,2.5519254374046385,18.0,66.0,79.0,68.0,68.0,69.0,9.000000000001185,9.000000000001558,9.0000000000007,849.8434041552266
336,1025.02811,0.0,0.0,0.0,-0.20565226937237702,-8.234923477948438,2.2551888196157917,17.0,67.0,77.0,68.0,68.0,69.0,9.000000000001185,9.000000000001558,9.0000000000007,794.2206070395437
337,1025.183986,0.0,0.0,0.0,-0.28155402943010976,-8.046386059471235,2.0921786271069003,18.0,66.0,79.0,68.0,68.0,69.0,9.000000000001185,9.000000000001558,9.0000000000007,728.3408324744853
338,1025.339171,0.0,0.0,0.0,-0.32215293728038885,-7.9142408776254465,2.0310749295501953,18.0,66.0,80.0,68.0,68.0,69.0,9.000000000001185,9.000000000001558,9.0000000000007,692.6189471459261
339,1025.509025,0.0,0.0,0.0,-0.25936172209483166,-7.422135417684465,1.8429367406527346,19.0,70.0,77.0,68.0,68.0,69.0,9.000000000001185,9.000000000001558,9.0000000000007,671.7770815997626
340,1025.673078,0.0,0.0,0.0,-0.18777656948940757,-6.7475461883993715,1.6578892651526216,19.0,72.0,77.0,68.0,68.0,69.0,9.000000000001185,9.000000000001558,9.0000000000007,598.7151062847495
341,1025.829106,0.0,0.0,0.0,-0.03388324694621758,-6.063657784447544,1.4585208772575884,20.0,73.0,76.0,68.0,68.0,69.0,9.000000000001185,9.000000000001558,9.0000000000007,511.6208550541137
342,1025.986129,0.0,0.0,0.0,0.11171923966078134,-5.584507168369056,1.0875789753341678,20.0,72.0,72.0,68.0,68.0,69.0,9.000000000001185,9.000000000001558,9.0000000000007,431.86072770072946
343,1026.141645,0.0,0.0,0.0,0.13353129113462048,-5.120226639849001,0.9422232683462788,19.0,73.0,76.0,68.0,68.0,68.0,9.000000000001185,9.000000000001558,9.0000000000007,372.6974843060801
344,1026.304414,0.0,0.0,0.0,0.03445831492002993,-4.529866526822516,0.9667484982774841,18.0,75.0,78.0,68.0,68.0,68.0,9.000000000001185,9.000000000001558,9.0000000000007,329.67223549585344
345,1026.469821,0.0,0.0,0.0,0.02982881103302093,-4.009313287171297,0.9080929259172126,19.0,75.0,76.0,68.0,68.0,68.0,9.000000000001185,9.000000000001558,9.0000000000007,287.48412520994407
346,1026.625781,0.0,0.0,0.0,0.04712999926445294,-3.9716586674059355,0.8386287862004655,19.0,71.0,76.0,68.0,68.0,68.0,9.000000000001185,9.000000000001558,9.0000000000007,251.9991347015674
347,1026.781666,0.0,0.0,0.0,0.060852856920560416,-3.6392777751129346,0.5841381348072763,19.0,75.0,72.0,68.0,68.0,68.0,9.000000000001185,9.000000000001558,9.0000000000007,247.89979477345017
348,1026.937998,0.0,0.0,0.0,1.705739043129253,-3.1890913612202243,0.6324721454626023,36.0,76.0,78.0,68.0,68.0,68.0,9.000000000001185,9.000000000001558,9.0000000000007,223.1317736470625
349,1027.094232,0.0,0.0,0.0,1.6629127152842538,-2.515711334025104,0.6868024151791179,18.0,79.0,77.0,68.0,68.0,68.0,9.000000000001185,9.000000000001558,9.0000000000007,207.0405841738406
350,1027.270089,0.0,0.0,0.0,1.2503067486134607,-2.5801213213052696,0.669629881659239,18.0,72.0,76.0,68.0,68.0,68.0,9.000000000001185,9.000000000001558,9.0000000000007,179.38055959415757
351,1027.43425,0.0,0.0,0.0,1.0171024796121182,-2.585820578891416,0.6450444624828604,19.0,74.0,76.0,68.0,68.0,68.0,9.000000000001185,9.000000000001558,9.0000000000007,178.2322429059968
352,1027.590309,0.0,0.0,0.0,0.8493660641914806,-2.5466987702717354,0.5261139524461442,19.0,74.0,74.0,68.0,68.0,68.0,9.000000000001185,9.000000000001558,9.0000000000007,176.7472490642284
353,1027.74614,0.0,0.0,0.0,0.520350081539827,-2.5152792917694105,0.4082169529407702,17.0,74.0,74.0,68.0,68.0,68.0,9.000000000001185,9.000000000001558,9.0000000000007,172.8127777048394
354,1027.902487,0.0,0.0,0.0,0.4039640946549423,-2.2016019210037046,0.4120293063105054,19.0,77.0,76.0,68.0,68.0,68.0,9.000000000001185,9.000000000001558,9.0000000000007,169.20318016148133
355,1028.070186,0.0,0.0,0.0,0.255336745564398,-2.1731674031768002,0.23806860915225103,18.0,74.0,72.0,68.0,68.0,68.0,9.000000000001185,9.000000000001558,9.0000000000007,158.37032887792324
356,1028.234659,0.0,0.0,0.0,0.3055219880481683,-2.3092063993817127,0.20255707457741678,20.0,73.0,75.0,68.0,68.0,68.0,9.000000000001185,9.000000000001558,9.0000000000007,155.54071833737225
357,1028.392895,0.0,0.0,0.0,0.29170981720237865,-2.151067485505479,-0.04163347028481468,19.0,76.0,70.0,68.0,68.0,68.0,9.000000000001185,9.000000000001558,9.0000000000007,159.51753174641584
358,1028.549161,0.0,0.0,0.0,0.1630665016626014,-2.056242316233919,-0.045712118400283774,18.0,75.0,75.0,68.0,68.0,68.0,9.000000000001185,9.000000000001558,9.0000000000007,152.4818859361091
359,1028.704918,0.0,0.0,0.0,0.2303976599882369,-2.097051146754079,-0.29252133799459923,20.0,74.0,69.0,68.0,68.0,68.0,9.000000000001185,9.000000000001558,9.0000000000007,149.7280049177417
360,1028.880736,0.0,0.0,0.0,0.3268110806369293,-1.9584131573484316,-0.45854204185674474,20.0,76.0,71.0,68.0,68.0,68.0,9.000000000001185,9.000000000001558,9.0000000000007,149.43439506839238
361,1029.049328,0.0,0.0,0.0,0.3083203809035924,-1.8040626606156809,-0.47190147306267605,19.0,76.0,73.0,68.0,68.0,68.0,9.000000000001185,9.000000000001558,9.0000000000007,145.26879764766326
362,1029.204989,0.0,0.0,0.0,0.2725524297112596,-1.7754865942054687,-0.362452286501612,19.0,75.0,75.0,68.0,68.0,68.0,9.000000000001185,9.000000000001558,9.0000000000007,141.54805750912163
363,1029.367242,0.0,0.0,0.0,0.3399943501138707,-1.8691237733134543,-0.3023100924698747,20.0,74.0,74.0,68.0,68.0,68.0,9.000000000001185,9.000000000001558,9.0000000000007,141.10226495234838
364,1029.524401,0.0,0.0,0.0,0.3193627694580372,-2.0615398693940628,-0.3141358940663581,19.0,73.0,73.0,68.0,68.0,68.0,9.000000000001185,9.000000000001558,9.0000000000007,143.55792151479088
365,1029.691542,0.0,0.0,0.0,0.18547730859291933,-2.1419576956661612,-0.2846417843497875,18.0,74.0,74.0,68.0,68.0,68.0,9.000000000001185,9.000000000001558,9.0000000000007,148.41764343042058
366,1029.862888,0.0,0.0,0.0,0.15250659788510168,-1.8979164585086679,-0.39861093948381043,19.0,77.0,71.0,68.0,68.0,68.0,9.000000000001185,9.000000000001558,9.0000000000007,150.7258230457022
367,1030.020749,0.0,0.0,0.0,0.050686915244748665,-2.02251234129737,-0.4241142084286187,18.0,73.0,73.0,68.0,68.0,68.0,9.000000000001185,9.000000000001558,9.0000000000007,143.85334561907888
368,1030.176478,0.0,0.0,0.0,-0.14910328985678767,-1.9191411764253679,-0.422981115257949,17.0,76.0,73.0,68.0,68.0,68.0,9.000000000001185,9.000000000001558,9.0000000000007,146.979243226804
369,1030.332361,0.0,0.0,0.0,-0.043411066588363134,-1.483586082079379,-0.3231576546818906,20.0,79.0,75.0,68.0,68.0,68.0,9.000000000001185,9.000000000001558,9.0000000000007,144.672759743285
370,1030.501641,0.0,0.0,0.0,0.10479225155863636,-1.4531622713165329,-0.3200354943233741,20.0,75.0,73.0,68.0,68.0,68.0,9.000000000001185,9.000000000001558,9.0000000000007,135.15051694343614
371,1030.664919,0.11781314576763345,0.0,0.0,0.12799936468294115,-1.4161983854067146,-0.3391777911962528,19.0,76.0,73.0,68.0,68.0,68.0,9.000000000001185,9.000000000001558,9.0000000000007,134.4726146563296
372,1030.825074,0.4638499498355115,0.0,0.0,0.12605398698804304,-1.4602645449835339,-0.45360084142028434,19.0,75.0,71.0,68.0,68.0,68.0,9.000000000001185,9.000000000001558,9.0000000000007,133.75946286263598
373,1030.987851,1.0163676471697067,0.0,0.0,0.12487555996488764,-1.3246305308167377,-0.41898519642499643,19.0,77.0,74.0,68.0,68.0,68.0,9.000000000001185,9.000000000001558,9.0000000000007,135.20493654480822
374,1031.143291,1.7406495188287632,0.0,0.0,0.22007424876963277,-1.3650971906333862,-0.45774081748788387,20.0,75.0,72.0,68.0,68.0,67.0,9.000000000001185,9.000000000001558,9.0000000000007,136.57531904557237
375,1031.321328,2.591186271093947,0.0,0.0,0.12582700958127635,-1.3438239892750194,-0.31264151866173506,18.0,76.0,76.0,68.0,68.0,67.0,9.000000000001185,9.000000000001558,9.0000000000007,145.34480675630255
376,1031.484443,3.5145355517650745,0.11781314576763305,0.0,0.007617510167478692,-1.4013742660803477,-0.3502777414637195,18.0,75.0,72.0,68.0,68.0,67.0,24.0,9.000000000001558,9.0000000000007,504.9592257926599
377,1031.63987,4.452679929696467,0.4638499498355115,0.0,-0.08771409584969803,-1.1806989540556936,-0.4737650964665958,18.0,78.0,71.0,68.0,68.0,67.0,24.0,9.000000000001558,9.0000000000007,418.8699010039564
378,1031.795619,5.346672343369023,1.0163676471697067,0.0,-0.2611533597168618,-0.8431103347509508,-0.6336781763846604,17.0,79.0,70.0,68.0,68.0,67.0,24.0,9.000000000001558,9.0000000000007,455.15084261466546
379,1031.95154,6.140339961557586,1.7406495188287625,0.0,-0.23049344942864103,-1.3181361671703078,-0.6251107555970021,19.0,71.0,73.0,68.0,68.0,67.0,24.0,9.000000000001558,9.0000000000007,505.55377230234916
380,1032.118404,6.783813728906053,2.591186271093947,0.0,-0.06783385737309144,-1.100811430033091,-0.4867923549005626,20.0,79.0,75.0,68.0,68.0,67.0,32.0,9.000000000001558,9.0000000000007,820.3599070481646
381,1032.282797,7.236661822080943,3.5145355517650745,0.11781314576763305,-0.2040746253251311,-1.1406244205402576,-0.7009037272516345,17.0,75.0,68.0,68.0,68.0,67.0,32.0,26.0,9.0000000000007,1227.8385548517658
382,1032.438226,7.4704301299292935,4.452679929696467,0.4638499498355112,-0.2810410878100136,-1.1619856721040995,-0.6026473475436482,18.0,76.0,75.0,68.0,68.0,67.0,32.0,26.0,9.0000000000007,1164.2424282523025
383,1032.594312,7.4704301299292935,5.346672343369023,1.0163676471697067,1.6002756523231256,-1.0615790623573786,-0.5461625101784602,38.0,77.0,73.0,68.0,68.0,67.0,32.0,26.0,9.0000000000007,1255.0715507376513
384,1032.750167,7.236661822080943,6.140339961557586,1.7406495188287632,3.5411074162958984,-0.9594712369071932,-0.47313513861956835,38.0,77.0,74.0,68.0,68.0,67.0,32.0,26.0,9.0000000000007,1243.2836603741364
385,1032.918059,6.783813728906053,6.783813728906053,2.5911862710939464,3.3803085875357044,-0.6847757537549581,-0.402989584005109,20.0,79.0,74.0,68.0,68.0,67.0,32.0,34.0,9.0000000000007,1473.2720540988828
386,1033.082351,6.1403399615575855,7.236661822080943,3.5145355517650745,2.877227351419861,-0.3242832563640583,-0.3461120000464506,20.0,80.0,74.0,68.0,68.0,67.0,32.0,34.0,9.0000000000007,1495.5604966848257
387,1033.238048,5.346672343369019,7.4704301299292935,4.452679929696467,4.397585224737556,0.3728888642268733,-0.15113436320329132,40.0,84.0,77.0,68.0,68.0,67.0,32.0,34.0,9.0000000000007,1535.2300971205907
388,1033.403568,4.452679929696467,7.4704301299292935,5.346672343369021,5.854106550020392,1.2135304288027946,0.53524772580095,38.0,86.0,87.0,68.0,68.0,67.0,24.0,34.0,26.0,1795.12155190279
389,1033.55969,3.5145355517650767,7.236661822080943,6.140339961557586,7.276740127306338,1.8400797586632258,1.397184625479654,41.0,85.0,91.0,68.0,68.0,67.0,24.0,34.0,32.0,1771.6238050087934
390,1033.727073,2.591186271093948,6.783813728906053,6.783813728906053,8.397987916494486,2.808021252609075,2.3860035070248706,40.0,90.0,96.0,69.0,69.0,67.0,24.0,34.0,32.0,1738.2898437881076
391,1033.892529,1.740649518828765,6.140339961557587,7.236661822080943,9.191278524072896,3.890053029108998,2.9439067600419957,39.0,92.0,90.0,69.0,69.0,67.0,24.0,34.0,34.0,1777.6971075672031
392,1034.065414,1.0163676471697078,5.346672343369023,7.4704301299292935,9.71918885693893,4.61632478618398,3.679425249499473,38.0,90.0,97.0,69.0,69.0,67.0,10.670638961205055,34.0,34.0,1595.3193861055138
393,1034.229426,0.4638499498355115,4.452679929696467,7.4704301299292935,10.031772534433157,5.06794209156566,3.9557222893247443,37.0,89.0,89.0,70.0,70.0,67.0,9.00000000000596,26.00000000001099,34.00000000001553,1295.825259670372
394,1034.386165,0.11781314576763388,3.5145355517650767,7.236661822080943,8.631698182157232,5.799310222116201,4.242614770190271,20.0,93.0,92.0,70.0,70.0,67.0,9.00000000000596,26.00000000001099,34.00000000001553,1297.072893705288
395,1034.553712,0.0,2.591186271093948,6.783813728906053,8.873836732399123,6.28428488411741,4.856191285625391,38.0,91.0,99.0,70.0,70.0,67.0,9.00000000000596,26.00000000001099,34.00000000001553,1247.683575613501
396,1034.712861,0.0,1.7406495188287625,6.1403399615575855,7.62239618601922,7.019956334713893,5.528074261265183,19.0,95.0,101.0,70.0,71.0,68.0,9.00000000000596,26.00000000001099,34.00000000001553,1303.3983533226155
397,1034.887008,0.0,1.0163676471697056,5.346672343369019,8.033805493538157,7.124046485107634,6.09372673413458,38.0,89.0,101.0,71.0,71.0,68.0,9.0000000000021,10.568285771554578,32.00000000000427,1020.6201727035125
398,1035.05128,0.0,0.4638499498355098,4.452679929696467,9.150572068724916,7.179541630551082,6.6519007156892345,42.0,90.0,103.0,71.0,71.0,68.0,9.000000000002283,9.000000000002798,32.00000000000548,954.5281651715147
399,1035.215164,0.0,0.11781314576763388,3.5145355517650767,7.8278219524028785,7.247289342262606,7.077026837392418,18.0,90.0,102.0,71.0,71.0,68.0,9.000000000000588,9.000000000000595,26.000000000000888,936.9213117720899
400,1035.404582,0.0,0.0,2.591186271093948,6.3514514851283455,6.821769791137582,7.262553426435647,19.0,85.0,99.0,71.0,72.0,68.0,9.00000000000108,9.000000000001304,14.240734360370439,782.0483927074623
401,1035.594713,0.0,0.0,1.740649518828765,4.989482123524834,6.276700907604932,7.183051224652163,17.0,84.0,95.0,71.0,72.0,69.0,9.0,9.0,9.0,617.9498085322023
402,1035.757258,0.0,0.0,1.0163676471697078,3.7465575151109483,5.334624222105621,7.374101018027445,16.0,79.0,101.0,71.0,72.0,69.0,9.0,9.0,9.0,539.3327738637672
403,1035.91365,0.0,0.0,0.4638499498355115,2.7166838326674885,3.8901230507756086,7.494854109239495,16.0,73.0,99.0,70.0,72.0,70.0,9.0,9.0,9.0,472.59213982224696
404,1036.069357,0.0,0.0,0.11781314576763305,2.072742459990894,2.1141851040836928,7.32256767483505,18.0,68.0,94.0,70.0,72.0,70.0,9.0,9.0,9.0,401.87295620796453
405,1036.23576,0.0,0.0,0.0,1.7831261538701986,0.18635349719154837,6.980756177554736,20.0,64.0,91.0,69.0,71.0,70.0,9.0,9.0,9.0,348.6123486772075
406,1036.400073,0.0,0.0,0.0,1.3961423630593304,-1.8446007192885745,6.37455710214113,18.0,60.0,85.0,69.0,70.0,70.0,9.0,9.0,9.0,336.9047650844145
407,1036.555942,0.0,0.0,0.0,1.0396362032314137,-3.6714475489179907,5.570880444416519,18.0,59.0,80.0,68.0,69.0,70.0,9.0,9.0,9.0,373.02796721093193
408,1036.71148,0.0,0.0,0.0,0.84678532117587,-5.078409070094644,5.014767617863741,19.0,60.0,83.0,68.0,68.0,70.0,9.0,9.0,9.0,446.09182825638
409,1036.873382,0.0,0.0,0.0,0.6147637814013256,-6.200219279250768,4.645662336240539,18.0,60.0,84.0,68.0,68.0,70.0,9.0,9.0,9.0,539.9770116355746
410,1037.040352,0.0,0.0,0.0,0.40524367557272534,-7.304131547408173,4.008761739478423,18.0,58.0,77.0,68.0,68.0,70.0,9.0,9.0,9.0,639.7921264637574
411,1037.204477,0.0,0.0,0.0,0.3314631495776159,-7.953946467193083,3.565315820394476,19.0,61.0,80.0,68.0,68.0,70.0,9.0,9.0,9.0,731.9423579608892
412,1037.36582,0.0,0.0,0.0,0.19611367581523842,-8.323078690392364,3.1887594536612456,18.0,62.0,79.0,68.0,68.0,70.0,9.0,9.0,9.0,786.4027825327478
413,1037.521964,0.0,0.0,0.0,0.257349284441581,-8.50724275184431,2.8222057094469895,20.0,63.0,78.0,68.0,68.0,70.0,9.0,9.0,9.0,809.2282708851311
414,1037.677369,0.0,0.0,0.0,0.3486895985888867,-8.540665235986598,2.6626635999153,20.0,64.0,81.0,68.0,68.0,70.0,9.0,9.0,9.0,806.1720471434601
415,1037.844247,0.0,0.0,0.0,0.4222012767543757,-8.547585340745927,2.3172247649547897,20.0,64.0,76.0,68.0,68.0,69.0,9.0,9.0,9.0,798.095793031505
416,1038.01434,0.0,0.0,0.0,0.28959637480342826,-8.45752361171989,2.230798332570248,18.0,65.0,81.0,68.0,68.0,69.0,9.0,9.0,9.0,772.568835675835
417,1038.169846,0.0,0.0,0.0,0.23672434239601747,-7.979345733500441,2.1651195039784943,19.0,69.0,80.0,68.0,67.0,69.0,9.0,9.0,9.0,754.1643777932873
418,1038.325351,0.0,0.0,0.0,0.3112630569954207,-7.700922789369446,2.199495604291937,20.0,67.0,82.0,68.0,67.0,68.0,9.0,9.0,9.0,685.6259874111106
419,1038.48141,0.0,0.0,0.0,1.9298718872957783,-7.325350325505522,2.0999502128053926,36.0,69.0,79.0,68.0,67.0,68.0,9.0,9.0,9.0,651.939590938336
420,1038.648316,0.0,0.0,0.0,1.94071547816151,-6.690101741693445,1.8379837024783043,19.0,72.0,76.0,68.0,67.0,68.0,9.0,9.0,9.0,603.5032889687562
421,1038.812221,0.0,0.0,0.0,1.4004674475452594,-6.016640212364815,1.3953262794304147,17.0,73.0,72.0,68.0,67.0,68.0,9.0,9.0,9.0,517.1097800158798
422,1038.968651,0.0,0.0,0.0,1.1180890670914199,-5.5462520438331975,1.2914072119792581,19.0,72.0,78.0,68.0,67.0,68.0,9.0,9.0,9.0,424.7261009797328
423,1039.124213,0.0,0.0,0.0,0.8356241266073883,-4.896946018369668,0.9741104911135197,18.0,75.0,72.0,68.0,67.0,68.0,9.0,9.0,9.0,377.1200258793329
424,1039.279674,0.0,0.0,0.0,0.6808241734288338,-4.3072068154833385,1.048197018415126,19.0,75.0,80.0,68.0,67.0,68.0,9.0,9.0,9.0,313.3258982561604
425,1039.446427,0.0,0.0,0.0,0.5759671972346525,-4.021391311418544,0.9961589756341889,19.0,73.0,76.0,68.0,67.0,68.0,9.0,9.0,9.0,274.0391744057373
426,1039.6107,0.0,0.0,0.0,0.39437029917020316,-3.542314830671197,0.9595220801445383,18.0,76.0,77.0,68.0,67.0,68.0,9.0,9.0,9.0,254.31320169716255
427,1039.766193,0.0,0.0,0.0,0.41835843536042017,-3.282649094688459,0.9905450296413298,20.0,74.0,78.0,68.0,67.0,68.0,9.0,9.0,9.0,225.65911229344985
428,1039.921791,0.0,0.0,0.0,0.38339416768800305,-2.9217830742461466,0.9271417644011808,19.0,76.0,76.0,68.0,67.0,68.0,9.0,9.0,9.0,212.74550943342962
429,1040.077483,0.0,0.0,0.0,0.3336542613790767,-2.490666081587235,0.8540927131929039,19.0,77.0,76.0,68.0,67.0,68.0,9.0,9.0,9.0,194.15996359011228
430,1040.244252,0.0,0.0,0.0,0.1974039501431486,-2.2165250547603064,0.8943216918973347,18.0,76.0,78.0,68.0,67.0,68.0,9.0,9.0,9.0,174.85416109119404
431,1040.408718,0.0,0.0,0.0,0.25836260194786087,-2.207161201580413,0.9483609268775535,20.0,74.0,78.0,68.0,67.0,68.0,9.0,9.0,9.0,165.60437947069516
432,1040.564298,0.0,0.0,0.0,-0.03490318048044605,-2.2404803970428655,0.7438495194742427,16.0,74.0,73.0,68.0,67.0,67.0,9.0,9.0,9.0,166.12719270175157
433,1040.719692,0.0,0.0,0.0,-0.06806829847602414,-2.0745250962806216,0.5244039801575036,19.0,76.0,73.0,68.0,67.0,67.0,9.0,9.0,9.0,164.46698949753483
434,1040.879432,0.0,0.0,0.0,-0.03171605993205784,-1.9944467203849945,0.3967117038438346,19.0,75.0,74.0,68.0,67.0,67.0,9.0,9.0,9.0,156.09746667249203
435,1041.045447,0.0,0.0,0.0,1.6307110943146745,-2.0469006262576643,0.15495108932459978,36.0,74.0,71.0,68.0,67.0,67.0,9.0,9.0,9.0,152.11413796268792
436,1041.209045,0.0,0.0,0.0,1.505828795789376,-1.9176631335828023,0.22399987687103895,17.0,76.0,77.0,68.0,67.0,67.0,9.0,9.0,9.0,157.9197466016869
437,1041.371178,0.0,0.0,0.0,1.2942728437084157,-2.0592757150070606,0.14613936806588734,20.0,73.0,73.0,68.0,67.0,67.0,9.0,9.0,9.0,153.757447470732
438,1041.526589,0.0,0.0,0.0,1.0944647324455599,-1.9486156125349077,-0.010396592043025343,19.0,76.0,72.0,68.0,67.0,67.0,9.0,9.0,9.0,155.24968631530663
439,1041.682082,0.0,0.0,0.0,1.0076195610847511,-2.2763258168943556,-0.09800957191096149,20.0,71.0,73.0,68.0,67.0,67.0,9.0,9.0,9.0,149.77491943591156
440,1041.844309,0.0,0.0,0.0,0.9577520881306967,-2.166151173750454,-0.20780951043029727,20.0,76.0,72.0,68.0,67.0,67.0,9.0,9.0,9.0,157.9506217520708
441,1042.015887,0.0,0.0,0.0,0.9169538317716261,-1.9717767799507617,-0.25824319088892045,20.0,76.0,73.0,68.0,67.0,67.0,9.0,9.0,9.0,153.78742297046384
442,1042.17164,0.0,0.0,0.0,0.8837468736007035,-1.9115685985446087,-0.18919469798793198,20.0,75.0,75.0,68.0,67.0,67.0,9.0,9.0,9.0,148.1103434817522
443,1042.327389,0.0,0.0,0.0,0.760673191872892,-1.9797009535447025,-0.11196335738621688,19.0,74.0,75.0,68.0,67.0,67.0,9.0,9.0,9.0,146.7121961817677
444,1042.483838,0.0,0.0,0.0,0.5439489208298669,-2.0552638008287345,-0.049641593328006106,18.0,74.0,75.0,68.0,67.0,67.0,9.0,9.0,9.0,148.29014350580644
445,1042.641831,0.0,0.0,0.0,0.2515210078912231,-1.8279076838701571,0.1497475355746838,17.0,77.0,78.0,68.0,67.0,67.0,9.0,9.0,9.0,150.03053279767747
446,1042.817904,0.0,0.0,0.0,-0.006249712425874243,-1.7734710487817122,0.3436869881407256,17.0,75.0,78.0,68.0,67.0,67.0,9.0,9.0,9.0,144.99081874715358
447,1042.983346,0.0,0.0,0.0,0.073077808643212,-1.6755467423123982,0.3518488869411929,20.0,76.0,75.0,68.0,67.0,67.0,9.0,9.0,9.0,145.4321929878472
448,1043.138855,0.0,0.0,0.0,0.10336399577418698,-1.4786575723725113,0.22724298649608032,19.0,77.0,73.0,68.0,67.0,67.0,9.0,9.0,9.0,142.92939362530302
449,1043.294737,0.0,0.0,0.0,0.10619718360509056,-1.4905312650036273,0.10531038609464272,19.0,75.0,73.0,68.0,67.0,67.0,9.0,9.0,9.0,137.41620586745768
450,1043.451144,0.0,0.0,0.0,0.10871910918625538,-1.2535756563571432,0.056325069044373954,19.0,78.0,74.0,68.0,67.0,67.0,9.0,9.0,9.0,136.87228676323485
451,1043.625219,0.07854209717842231,0.0,0.0,0.014739353768491004,-1.1906743543534184,-0.02238205287962991,18.0,76.0,73.0,68.0,67.0,67.0,9.0,9.0,9.0,132.10165274049967
452,1043.792814,0.30923329989034104,0.0,0.0,0.10995830763797443,-1.1818594086901688,-0.19638052276446638,20.0,76.0,71.0,68.0,67.0,67.0,9.0,9.0,9.0,130.85388246747914
453,1043.949506,0.6775784314464711,0.0,0.0,0.13285282317433778,-1.3663310493510195,-0.4580727438424539,19.0,74.0,69.0,68.0,67.0,67.0,9.0,9.0,9.0,130.44962315117388
454,1044.105064,1.1604330125525086,0.0,0.0,-0.06209413552594567,-1.2690140792669298,-0.3443278287398561,17.0,77.0,76.0,68.0,67.0,67.0,9.0,9.0,9.0,134.56478954804967
455,1044.260705,1.7274575140626314,0.0,0.0,-0.06926017830889286,-0.7428951952340337,-0.4249504368211232,19.0,81.0,71.0,68.0,67.0,67.0,9.0,9.0,9.0,139.18080182940784
456,1044.42814,2.3430237011767163,0.07854209717842202,0.0,-0.12909688358305882,-0.9067088967452213,-0.545010943591401,18.0,74.0,71.0,68.0,67.0,67.0,9.0,9.0,9.0,140.99844310514038
457,1044.592383,2.968453286464312,0.30923329989034104,0.0,-0.1989996263865006,-0.993696030358207,-0.5425662227594561,18.0,76.0,73.0,68.0,67.0,67.0,24.0,9.0,9.0,499.94621634304116
458,1044.748448,3.5644482289126818,0.6775784314464711,0.0,-0.15942615707009766,-1.1167489203081273,-0.41990884504573867,19.0,75.0,75.0,68.0,67.0,67.0,24.0,9.0,9.0,405.69132381912544
459,1044.905424,4.0935599743717255,1.1604330125525082,0.0,-0.29878425263514696,-0.8532825886676263,-0.4481848214270121,17.0,79.0,72.0,68.0,67.0,67.0,24.0,9.0,9.0,431.46006918097925
460,1045.061135,4.522542485937368,1.7274575140626314,0.0,-0.16533435024463117,-0.7487091936593422,-0.5035463039326036,20.0,77.0,72.0,68.0,67.0,67.0,24.0,9.0,9.0,459.9655651112724
461,1045.227963,4.824441214720627,2.3430237011767163,0.07854209717842202,-0.3787404097665181,-0.7064552698251356,-0.547983974828385,16.0,77.0,72.0,68.0,67.0,67.0,24.0,9.0,9.0,488.779854019858
462,1045.393296,4.980286753286196,2.9684532864643107,0.3092332998903408,-0.44345064705494686,-0.5754889230034501,-0.6335987900016384,18.0,78.0,71.0,68.0,67.0,67.0,24.0,26.0,9.0,922.9461358659407
463,1045.549073,4.980286753286196,3.5644482289126818,0.6775784314464711,-0.35731494946229425,-0.3522149126612355,-0.5154028681001956,19.0,79.0,75.0,68.0,67.0,67.0,24.0,26.0,9.0,807.5517340330669
464,1045.704967,4.824441214720627,4.0935599743717255,1.1604330125525086,-0.2672225377220716,-0.43890832488368803,-0.5749988080619417,19.0,76.0,71.0,68.0,67.0,67.0,24.0,26.0,9.0,827.2352721443079
465,1045.867239,4.522542485937368,4.522542485937368,1.727457514062631,1.6314607042739753,-0.28334963020851456,-0.5675576392866697,38.0,79.0,73.0,68.0,67.0,67.0,24.0,26.0,9.0,858.0799902654647
466,1046.034577,4.093559974371724,4.824441214720627,2.3430237011767163,3.5659463169519356,-0.19009354807643675,-0.5395478497305795,38.0,78.0,73.0,68.0,67.0,67.0,24.0,26.0,9.0,827.3146455105856
467,1046.198518,3.5644482289126804,4.980286753286196,2.968453286464312,5.226462412630887,0.15238501619567035,-0.4178501920749933,39.0,81.0,75.0,68.0,67.0,67.0,24.0,26.0,9.0,833.0381765494577
468,1046.357695,2.968453286464312,4.980286753286196,3.5644482289126813,6.498982153934255,0.20439007886613014,-0.29775704270749426,38.0,78.0,75.0,68.0,67.0,67.0,24.0,26.0,9.0,856.2862249009273
469,1046.516868,2.343023701176718,4.824441214720627,4.0935599743717255,7.704121973439948,1.144743455091791,0.2954564481250328,40.0,88.0,85.0,68.0,68.0,67.0,24.0,26.0,9.0,915.1868258355969
470,1046.672298,1.7274575140626318,4.522542485937368,4.522542485937368,6.80262899076849,2.2120856442796315,1.1318356715145361,20.0,89.0,90.0,68.0,69.0,67.0,24.0,26.0,26.0,1380.1703578841912
471,1046.859574,1.16043301255251,4.0935599743717255,4.824441214720627,5.656890501891231,3.0001296182871373,1.9618222846399744,20.0,88.0,92.0,68.0,69.0,67.0,11.132215887963403,26.0,26.0,994.0567648678599
472,1047.033099,0.6775784314464719,3.5644482289126818,4.980286753286196,4.6374134110208765,3.9070849626460484,2.5073433716528823,19.0,91.0,89.0,68.0,69.0,67.0,9.000000000002427,26.000000000005503,26.00000000000576,825.7396750595047
473,1047.189078,0.30923329989034104,2.968453286464312,4.980286753286196,3.6935238578194944,4.802302954155712,2.9676914510363623,18.0,92.0,90.0,69.0,70.0,67.0,9.000000000002427,26.000000000005503,26.00000000000576,789.1332627942365
474,1047.345151,0.07854209717842259,2.343023701176718,4.824441214720629,4.732302221130109,5.3569155248641,3.352869877787371,37.0,90.0,90.0,69.0,70.0,67.0,9.000000000002427,26.000000000005503,26.00000000000576,789.1445720254569
475,1047.505862,0.0,1.7274575140626318,4.522542485937368,4.334887547010087,5.669560457316781,3.5664721702470885,20.0,89.0,88.0,69.0,70.0,67.0,9.000000000002427,26.000000000005503,26.00000000000576,861.2291506638464
476,1047.689734,0.0,1.1604330125525082,4.093559974371724,3.654143689659436,5.711430042209823,3.7682628970990164,20.0,87.0,89.0,69.0,70.0,67.0,9.0,11.33868365039426,26.0,677.7500155375918
477,1047.872602,0.0,0.6775784314464703,3.5644482289126804,4.740310794573956,5.608557417856426,4.09204800227983,37.0,86.0,92.0,69.0,70.0,66.0,9.0,9.0,26.0,553.4177968686352
478,1048.038867,0.0,0.30923329989033993,2.968453286464312,4.244625452249512,5.312926827160377,4.436499329406438,19.0,84.0,93.0,69.0,70.0,66.0,9.00000000000019,9.00000000000021,13.900504662204185,454.3231854287883
479,1048.2029,0.0,0.07854209717842259,2.343023701176718,3.5600744743816146,5.800811308930264,4.924771152367816,20.0,92.0,97.0,70.0,71.0,67.0,9.000000000000522,9.000000000000579,9.000000000000309,341.26296658789977
480,1048.363804,0.0,0.0,1.7274575140626318,2.838273499875717,5.786391083122201,5.4133700699607425,18.0,86.0,98.0,70.0,71.0,67.0,9.000000000000522,9.000000000000579,9.000000000000309,383.49487794750974
481,1048.53285,0.0,0.0,1.16043301255251,2.3074331164959325,5.4557460985113355,5.720954829507796,19.0,84.0,96.0,70.0,71.0,67.0,9.000000000000522,9.000000000000579,9.000000000000309,400.3270008114532
482,1048.697643,0.0,0.0,0.6775784314464719,1.705146628126981,5.2437953912858415,5.701219728089163,17.0,85.0,91.0,70.0,71.0,67.0,9.000000000000522,9.000000000000579,9.000000000000309,393.8800073884338
483,1048.856934,0.0,0.0,0.30923329989034104,1.4626532550809748,5.4778003118298635,5.731521961045355,20.0,89.0,93.0,70.0,71.0,68.0,9.000000000000522,9.000000000000579,9.000000000000309,391.8175986581475
484,1049.016511,0.0,0.0,0.07854209717842202,1.039922534795273,5.0773727011531875,5.629658184809782,17.0,82.0,90.0,70.0,71.0,68.0,9.000000000000522,9.000000000000579,9.000000000000309,427.5310064571647
485,1049.172058,0.0,0.0,0.0,0.8257948618893176,4.894377439365736,5.365883973878327,19.0,85.0,87.0,69.0,71.0,68.0,9.000000000000522,9.000000000000579,9.000000000000309,402.2938792755217
486,1049.338511,0.0,0.0,0.0,0.7901691659144583,4.329523042136403,5.020949118573017,20.0,80.0,85.0,69.0,71.0,69.0,9.000000000000522,9.000000000000579,9.000000000000309,382.0690142428391
487,1049.507254,0.0,0.0,0.0,0.49297452491397786,4.151162977668144,4.769704972853751,17.0,84.0,86.0,69.0,71.0,69.0,9.000000000000522,9.000000000000579,9.000000000000309,331.78410491208786
488,1049.662897,0.0,0.0,0.0,0.28523233765013867,3.9943605336661863,4.22948195916033,18.0,83.0,79.0,69.0,71.0,69.0,9.000000000000522,9.000000000000579,9.000000000000309,312.20598509949684
489,1049.818482,0.0,0.0,0.0,0.04208890099980689,3.7490214323527313,3.666306375586105,17.0,82.0,78.0,69.0,71.0,69.0,9.000000000000522,9.000000000000579,9.000000000000309,286.04202269301265
490,1049.974053,0.0,0.0,0.0,-0.1762849239304165,3.4330944501655214,3.3978760477007013,17.0,81.0,82.0,69.0,71.0,69.0,9.000000000000522,9.000000000000579,9.000000000000309,257.65744870322555
491,1050.140084,0.0,0.0,0.0,-0.16117930142973202,2.96405846932001,2.9251760423151287,19.0,79.0,76.0,69.0,70.0,69.0,9.000000000000522,9.000000000000579,9.000000000000309,236.223507166572
492,1050.3042,0.0,0.0,0.0,-0.10757672084741055,2.5421681460922567,2.674891872019593,19.0,79.0,80.0,69.0,70.0,69.0,9.000000000000522,9.000000000000579,9.000000000000309,205.7665859114591
493,1050.459867,0.0,0.0,0.0,-0.1608980913788618,1.8158035823261054,2.1679984168859123,18.0,75.0,73.0,68.0,69.0,69.0,9.000000000000522,9.000000000000579,9.000000000000309,185.66744214573387
494,1050.615301,0.0,0.0,0.0,-0.4171652762263993,1.0471674836844214,1.6314538358374788,16.0,74.0,72.0,68.0,69.0,69.0,9.000000000000522,9.000000000000579,9.000000000000309,157.47382041924004
495,1050.771488,0.0,0.0,0.0,-0.5701234726548621,0.6919087030930675,1.186145964393813,17.0,77.0,72.0,68.0,69.0,68.0,9.000000000000522,9.000000000000579,9.000000000000309,138.22985247200933
496,1050.935048,0.0,0.0,0.0,-0.38462985215734413,0.3696839495648958,0.9735940577187239,20.0,76.0,75.0,68.0,69.0,68.0,9.000000000000522,9.000000000000579,9.000000000000309,130.90965677083773
497,1051.099196,0.0,0.0,0.0,-0.46063176224275226,-0.10604366393474818,0.8328645147025506,17.0,74.0,75.0,68.0,69.0,68.0,9.000000000000522,9.000000000000579,9.000000000000309,126.70897846971876
498,1051.254916,0.0,0.0,0.0,-0.5854747706665915,-0.24525659354483453,0.6187468462022796,17.0,77.0,73.0,68.0,68.0,68.0,9.000000000000522,9.000000000000579,9.000000000000309,126.11115844711135
499,1051.411762,0.0,0.0,0.0,-0.5898080998581618,-0.4878299730388309,0.5226255951845493,18.0,75.0,75.0,68.0,68.0,68.0,9.000000000000522,9.000000000000579,9.000000000000309,125.71882006974519
500,1051.572024,0.0,0.0,0.0,-0.5725132282132646,-0.9194086055214488,0.26782712346362114,18.0,73.0,71.0,68.0,68.0,68.0,9.000000000000522,9.000000000000579,9.000000000000309,126.75613985096236
501,1051.729616,0.0,0.0,0.0,-0.5588663343349665,-1.0223892574457434,0.26591138608376674,18.0,76.0,76.0,68.0,68.0,67.0,9.000000000000522,9.000000000000579,9.000000000000309,129.87231496142962
502,1051.906036,0.0,0.0,0.0,-0.7400414901031143,-1.043263497294855,-0.02890165766591979,16.0,76.0,69.0,68.0,68.0,67.0,9.000000000000522,9.000000000000579,9.000000000000309,131.28524693203389
503,1052.067374,0.0,0.0,0.0,-0.8323805108071602,-0.8690532088494938,-0.4926168285047381,17.0,78.0,66.0,68.0,68.0,67.0,9.000000000000522,9.000000000000579,9.000000000000309,131.16081073812245
504,1052.222983,0.0,0.0,0.0,-0.886009417679265,-0.6864303487611263,-0.7512675417596393,17.0,78.0,69.0,68.0,68.0,67.0,9.000000000000522,9.000000000000579,9.000000000000309,128.92573658282924
505,1052.381299,0.0,0.0,0.0,-0.7376372810659251,-0.6349018214044886,-0.8294424374310712,19.0,77.0,71.0,68.0,68.0,67.0,9.000000000000522,9.000000000000579,9.000000000000309,128.27388386382904
506,1052.536915,0.0,0.0,0.0,-0.6720076890132045,-0.4215697776053666,-0.8225817062021772,18.0,79.0,72.0,68.0,68.0,67.0,9.000000000000522,9.000000000000579,9.000000000000309,127.41826701817612
507,1052.704058,0.0,0.0,0.0,-0.4478567326791194,-0.3027055134601504,-0.6580291843073978,20.0,78.0,75.0,68.0,68.0,67.0,9.000000000000522,9.000000000000579,9.000000000000309,126.03430337702937
508,1052.88872,0.0,0.0,0.0,-0.22421944442716546,-0.5157947644408871,-0.6414420968355627,20.0,75.0,72.0,68.0,67.0,67.0,9.000000000000522,9.000000000000579,9.000000000000309,124.01880416683332
509,1053.044637,0.0,0.0,0.0,-0.1393285953159018,-0.4622278080204465,-0.759724739412559,19.0,78.0,70.0,68.0,67.0,67.0,9.000000000000522,9.000000000000579,9.000000000000309,124.17555410575132
510,1053.200035,0.0,0.0,0.0,-0.09111253404131414,-0.45171516248177923,-0.8766105021745991,19.0,77.0,70.0,68.0,67.0,67.0,9.000000000000522,9.000000000000579,9.000000000000309,124.41221678246112
511,1053.359636,0.0,0.0,0.0,-0.051548651369221155,-0.1764737542132786,-0.9710851969104399,19.0,80.0,70.0,68.0,67.0,67.0,9.000000000000522,9.000000000000579,9.000000000000309,125.05097618800444
512,1053.529064,0.0,0.0,0.0,-0.11546223890401164,0.10922718309814039,-0.9485893932619684,18.0,80.0,72.0,68.0,67.0,67.0,9.000000000000522,9.000000000000579,9.000000000000309,125.44957895718773
513,1053.689758,0.0,0.0,0.0,-0.18802740852225064,0.051960199422036,-0.8098158622232816,18.0,77.0,74.0,68.0,67.0,67.0,9.000000000000522,9.000000000000579,9.000000000000309,126.03884357454695
514,1053.846003,0.0,0.0,0.0,-0.3427072843230179,-0.056632503078206664,-0.8249747699863521,17.0,77.0,71.0,68.0,67.0,67.0,9.000000000000522,9.000000000000579,9.000000000000309,124.7053607366361
515,1054.006526,0.0,0.0,0.0,-0.2967379416621876,0.14462004650424642,-0.6712699869545578,19.0,80.0,75.0,68.0,67.0,67.0,9.000000000000522,9.000000000000579,9.000000000000309,124.72377554251042
516,1054.162037,0.0,0.0,0.0,-0.31386229713157965,0.27406693210047006,-0.7016767800222081,18.0,79.0,71.0,68.0,67.0,67.0,9.000000000000522,9.000000000000579,9.000000000000309,124.2317327325356
517,1054.329244,0.0,0.0,0.0,-0.34910795665451255,0.2613341556758093,-0.6208578216289471,18.0,78.0,74.0,68.0,67.0,67.0,9.000000000000522,9.000000000000579,9.000000000000309,125.12003842263714
518,1054.495062,0.0,0.0,0.0,-0.4735833536390084,0.1344718175733779,-0.6218020236675743,17.0,77.0,72.0,68.0,67.0,67.0,9.000000000000522,9.000000000000579,9.000000000000309,124.58121170744636
519,1054.650636,0.0,0.0,0.0,1.2307389165988674,-0.08487614534865928,-0.7435315218480674,36.0,76.0,70.0,68.0,67.0,67.0,9.000000000000522,9.000000000000579,9.000000000000309,124.28161091177718
520,1054.808171,0.0,0.0,0.0,1.277823950047126,-0.09107631479793321,-0.8138309926752483,18.0,78.0,71.0,68.0,67.0,67.0,9.000000000000522,9.000000000000579,9.000000000000309,129.95087866664406
521,1054.966314,0.0,0.0,0.0,0.9375618382980799,-0.3427411471216528,-0.9094378496945457,18.0,75.0,70.0,68.0,67.0,67.0,9.000000000000522,9.000000000000579,9.000000000000309,130.95081443678055
522,1055.133158,0.0,0.0,0.0,0.8591218030292791,-0.2253785671105697,-0.9483046857975115,20.0,79.0,71.0,68.0,67.0,67.0,9.000000000000522,9.000000000000579,9.000000000000309,128.6084515479918
523,1055.297022,0.0,0.0,0.0,0.6455540942363192,0.04962490715801904,-0.8698644252369241,18.0,80.0,73.0,68.0,67.0,67.0,9.000000000000522,9.000000000000579,9.000000000000309,128.40751759623237
524,1055.453282,0.0,0.0,0.0,0.42987072417844496,0.004020127501423332,-1.0330178145589617,18.0,77.0,68.0,68.0,67.0,67.0,9.000000000000522,9.000000000000579,9.000000000000309,127.13973756570275
525,1055.608559,0.0,0.0,0.0,0.2553122752891599,0.09666861758697465,-0.9216136211228605,18.0,79.0,74.0,68.0,67.0,67.0,9.000000000000522,9.000000000000579,9.000000000000309,127.46300269696893
526,1055.764218,0.0,0.0,0.0,0.2097294758911521,-0.07400152178641806,-0.9647005701999707,19.0,76.0,70.0,68.0,67.0,67.0,9.000000000000522,9.000000000000579,9.000000000000309,126.2395189011856
527,1055.930878,0.0,0.0,0.0,0.09720900640589214,-0.17903917428610994,-0.9937230153173826,18.0,77.0,71.0,68.0,67.0,67.0,9.000000000000522,9.000000000000579,9.000000000000309,125.8962113866689
528,1056.094606,0.0,0.0,0.0,0.08089520273234196,-0.4349488409744948,-1.0556605085568438,19.0,75.0,70.0,68.0,67.0,67.0,9.000000000000522,9.000000000000579,9.000000000000309,125.76029482584427
529,1056.250099,0.0,0.0,0.0,-0.007505415052871278,-0.3959991098229403,-0.9678777386254889,18.0,78.0,73.0,68.0,67.0,67.0,9.000000000000522,9.000000000000579,9.000000000000309,126.41240704547477
530,1056.406248,0.0,0.0,0.0,-0.10027105702862071,-0.10956855619026706,-1.0132751601363363,18.0,80.0,70.0,68.0,67.0,67.0,9.000000000000522,9.000000000000579,9.000000000000309,125.559973473618
531,1056.562199,0.07854209717842231,0.0,0.0,-0.07921190995668104,-0.028833008995657217,-0.9834493840851337,19.0,78.0,72.0,68.0,67.0,67.0,9.000000000000522,9.000000000000579,9.000000000000309,125.89786506006094
532,1056.729553,0.30923329989034104,0.0,0.0,-0.041408255784758374,-0.005439560739851856,-0.7390103769923235,19.0,78.0,76.0,68.0,67.0,67.0,9.000000000000522,9.000000000000579,9.000000000000309,125.84945683319873
533,1056.894708,0.6775784314464711,0.0,0.0,-0.011082347044128138,0.11034530900824002,-0.6965375102694047,19.0,79.0,72.0,68.0,67.0,67.0,9.000000000000522,9.000000000000579,9.000000000000309,124.41207136937909
534,1057.050468,1.1604330125525086,0.0,0.0,0.013502509597475676,0.032949471934425656,-0.7550804724308775,19.0,77.0,71.0,68.0,67.0,67.0,9.000000000000522,9.000000000000579,9.000000000000309,126.06864079806729
535,1057.206044,1.7274575140626314,0.0,0.0,0.03348327990149391,-0.07158867915168887,-0.6141993621025588,19.0,77.0,75.0,68.0,67.0,67.0,9.000000000000522,9.000000000000579,9.000000000000309,130.13347248906015
536,1057.367806,2.3430237011767163,0.07854209717842202,0.0,-0.1424967233791521,0.036399030166486046,-0.7048457650335878,17.0,79.0,70.0,68.0,67.0,67.0,9.000000000000522,9.000000000000579,9.000000000000309,136.85617160299645
537,1057.535195,2.968453286464312,0.30923329989034104,0.0,-0.13451775325500703,-0.21891483505736398,-0.7829010030128214,19.0,75.0,71.0,68.0,67.0,67.0,24.0,9.000000000000579,9.000000000000309,497.65141478997157
538,1057.699691,3.5644482289126818,0.6775784314464711,0.0,-0.08601461434738678,-0.1252127338072806,-0.8348018084424349,19.0,79.0,71.0,68.0,67.0,67.0,24.0,9.000000000000579,9.000000000000309,397.36366702935607
539,1057.859777,4.0935599743717255,1.1604330125525082,0.0,-0.2394709598255873,-0.15736264910378361,-0.8274044195035959,17.0,77.0,72.0,68.0,67.0,67.0,24.0,9.000000000000579,9.000000000000309,413.21386893829253
540,1058.018238,4.522542485937368,1.7274575140626314,0.0,-0.40552669125688245,-0.4182406392857372,-0.8107947626322267,17.0,75.0,72.0,68.0,67.0,67.0,24.0,9.000000000000579,9.000000000000309,441.1177905950036
541,1058.173755,4.824441214720627,2.3430237011767163,0.07854209717842202,-0.34744630717836866,-0.09429969008103267,-0.8966954393136439,19.0,81.0,70.0,68.0,67.0,67.0,24.0,9.000000000000579,9.000000000000309,484.3261182553288
542,1058.34024,4.980286753286196,2.9684532864643107,0.3092332998903408,-0.2588909191017872,-0.09085840569904136,-0.8886014036222925,19.0,77.0,72.0,68.0,67.0,67.0,24.0,26.0,9.000000000000309,904.0088006049273
543,1058.509456,4.980286753286196,3.5644482289126818,0.6775784314464711,-0.2838246088670333,-0.17277254163901645,-0.7115243641526423,18.0,77.0,75.0,68.0,67.0,67.0,24.0,26.0,9.000000000000309,782.4381828597168
544,1058.665084,4.824441214720627,4.0935599743717255,1.1604330125525086,-0.2287120803784055,-0.2381419402468099,-0.5856571307374088,19.0,77.0,74.0,68.0,67.0,67.0,24.0,26.0,9.000000000000309,815.5260688331061
545,1058.820732,4.522542485937368,4.522542485937368,1.727457514062631,-0.1629121113781684,-0.38709286358787454,-0.4450962145515134,19.0,76.0,75.0,68.0,67.0,67.0,24.0,26.0,9.000000000000309,845.8183998211282
546,1058.977517,4.093559974371724,4.824441214720627,2.3430237011767163,1.7162269490162556,-0.048241583059365656,-0.32013358048919605,38.0,81.0,75.0,68.0,67.0,67.0,24.0,26.0,9.000000000000309,878.830118614061
547,1059.144494,3.5644482289126804,4.980286753286196,2.968453286464312,3.7309132445547193,0.23448167523075725,-0.46678528337127334,39.0,80.0,70.0,68.0,67.0,67.0,24.0,26.0,9.000000000000309,837.3623439418145
548,1059.315602,2.968453286464312,4.980286753286196,3.5644482289126813,3.458998857181756,0.15338175320498904,-0.19277852986975663,19.0,77.0,79.0,68.0,67.0,67.0,24.0,26.0,9.000000000000309,837.5523848207438
549,1059.477342,2.343023701176718,4.824441214720627,4.0935599743717255,4.8422659479982695,1.1789703727035148,0.32505842239462224,40.0,89.0,83.0,68.0,66.0,67.0,24.0,26.0,9.000000000000309,860.1496352891929
550,1059.632774,1.7274575140626318,4.522542485937368,4.522542485937368,6.503073566524799,2.0687694379256536,0.8859350883217982,41.0,87.0,85.0,68.0,67.0,67.0,24.0,26.0,26.0,1286.971828406788
551,1059.805015,1.16043301255251,4.0935599743717255,4.824441214720627,5.847845477070207,2.74599254706776,1.6594614260107345,20.0,87.0,91.0,69.0,67.0,67.0,11.19916962512834,26.00000000000222,26.00000000000245,995.7118590407272
552,1059.980998,0.6775784314464719,3.5644482289126818,4.980286753286196,6.514384961244298,3.39236827943989,2.5993237701578433,37.0,88.0,96.0,69.0,67.0,67.0,9.0,26.0,26.0,844.8529678803833
553,1060.144404,0.30923329989034104,2.968453286464312,4.980286753286196,5.780896767612015,4.322740148632863,3.266092627897751,20.0,92.0,93.0,69.0,68.0,67.0,9.0,26.0,26.0,849.5683941281636
554,1060.300056,0.07854209717842259,2.343023701176718,4.824441214720629,6.4627288853794,4.7762766142305635,3.7250897149635422,37.0,88.0,92.0,69.0,68.0,67.0,9.0,26.0,26.0,834.2093226651969
555,1060.456004,0.0,1.7274575140626318,4.522542485937368,7.564969320439433,5.252843052599216,3.839782069755488,39.0,90.0,87.0,69.0,69.0,67.0,9.0,26.0,26.0,894.6202740922706
556,1060.628764,0.0,1.1604330125525082,4.093559974371724,8.304119036342117,5.586467598078281,3.9792078429697355,37.0,89.0,89.0,69.0,69.0,67.0,9.000000000002247,11.235837545514851,26.000000000004178,778.2981142625441
557,1060.80437,0.0,0.6775784314464703,3.5644482289126804,7.227735815047234,5.74024931021804,4.114759247991601,20.0,88.0,89.0,69.0,69.0,67.0,9.0,9.0,26.0,722.067021516257
558,1060.973731,0.0,0.30923329989033993,2.968453286464312,5.9072083243787255,5.460358573328785,4.472637558556375,19.0,84.0,94.0,69.0,70.0,67.0,9.0,9.0,14.026188833118974,561.5247633893674
559,1061.137593,0.0,0.07854209717842259,2.343023701176718,4.916406160910038,5.5353126264059025,4.965357152265001,20.0,88.0,97.0,69.0,70.0,67.0,9.0,9.0,9.0,407.41498871810023
560,1061.293202,0.0,0.0,1.7274575140626318,3.9411592026891635,5.488077675526997,5.446228655423471,18.0,86.0,98.0,69.0,70.0,67.0,9.0,9.0,9.0,397.234786769239
561,1061.450589,0.0,0.0,1.16043301255251,3.2032526032438122,5.407132002630874,5.549197011487823,19.0,86.0,92.0,69.0,70.0,68.0,9.0,9.0,9.0,397.1080579787221
562,1061.617695,0.0,0.0,0.6775784314464719,2.4329114503661207,5.053566453486313,5.717503158020905,17.0,83.0,95.0,69.0,71.0,68.0,9.0,9.0,9.0,398.05578739278684
563,1061.793742,0.0,0.0,0.30923329989034104,1.8616691522429734,5.088994584692706,5.6393177891773805,18.0,87.0,90.0,69.0,71.0,68.0,9.0,9.0,9.0,384.79672164384647
564,1061.958024,0.0,0.0,0.07854209717842202,1.2267042684111302,4.816999520522527,5.373324783822155,16.0,83.0,87.0,69.0,71.0,69.0,9.0,9.0,9.0,396.2502696846366
565,1062.113527,0.0,0.0,0.0,0.7654411719520704,4.800466945628092,5.076546629739164,17.0,86.0,86.0,69.0,71.0,69.0,9.0,9.0,9.0,374.05760593847447
566,1062.268843,0.0,0.0,0.0,0.5081393877951714,4.561892858126709,4.627118088874522,18.0,83.0,82.0,69.0,70.0,69.0,9.0,9.0,9.0,364.43239617683355
567,1062.425106,0.0,0.0,0.0,0.22337658569257002,4.016973260570391,4.318866301788858,17.0,80.0,84.0,69.0,70.0,69.0,9.0,9.0,9.0,332.5958488302176
568,1062.592019,0.0,0.0,0.0,0.16316991226125088,3.6094263040518957,3.7929208082247348,19.0,81.0,78.0,69.0,70.0,69.0,9.0,9.0,9.0,290.13387390721016
569,1062.755875,0.0,0.0,0.0,0.15586088615431226,3.3963931894948276,3.2518622316783876,19.0,82.0,77.0,69.0,70.0,69.0,9.0,9.0,9.0,253.7284273454415
570,1062.91142,0.0,0.0,0.0,0.14923030641460366,3.3398208116233565,2.753154184427258,19.0,83.0,76.0,69.0,70.0,69.0,9.0,9.0,9.0,230.39943775962104
571,1063.06691,0.0,0.0,0.0,0.1437302837504837,3.0257274216058327,2.3873284433376645,19.0,80.0,77.0,69.0,70.0,69.0,9.0,9.0,9.0,217.8509906711116
572,1063.222304,0.0,0.0,0.0,0.04317371656783342,2.419923280754724,2.1009803931869646,18.0,77.0,77.0,68.0,70.0,69.0,9.0,9.0,9.0,198.3331751672179
573,1063.392541,0.0,0.0,0.0,-0.05915280597952499,1.7708509770455816,1.7193760370512292,18.0,76.0,74.0,68.0,70.0,69.0,9.0,9.0,9.0,172.41357896299155
574,1063.556229,0.0,0.0,0.0,-0.045799555135745074,1.5125285660966998,1.5261931969466014,19.0,79.0,77.0,68.0,69.0,69.0,9.0,9.0,9.0,150.39483405706912
575,1063.711526,0.0,0.0,0.0,-0.1103708371479275,1.2689746895771066,1.3521877981350459,18.0,78.0,76.0,68.0,68.0,67.0,9.0,9.0,9.0,143.05992112666092
576,1063.872899,0.0,0.0,0.0,-0.08774094654965303,1.0493802392832183,1.249278661935377,19.0,78.0,77.0,68.0,68.0,67.0,9.0,9.0,9.0,137.3558456128389
577,1064.028605,0.0,0.0,0.0,-0.04839771190855968,0.8711974065858361,0.9284120028216964,19.0,78.0,72.0,68.0,68.0,67.0,9.0,9.0,9.0,133.38189036767818
578,1064.195323,0.0,0.0,0.0,-0.01675152161378346,0.8226272790122873,0.8127525266474547,19.0,79.0,76.0,68.0,68.0,67.0,9.0,9.0,9.0,128.9816492283668
579,1064.365301,0.0,0.0,0.0,0.008896270963704822,0.5154761247184778,0.7623306795790268,19.0,76.0,76.0,68.0,68.0,67.0,9.0,9.0,9.0,127.82180005262032
